Priority,Action,Decisive gate,Decision / reason
1,"Independently rerun the K ladder, pooled-within Gate2 curves, rank sweep and official Mini100 benchmark from the referenced scripts/JSON.",Reproduce key errors and costs within declared tolerances; verify exact package hashes and no hidden reference fitting.,The local author explicitly requests an independent check after multiple corrected errors.
2,"Run one exact tied/shared-covariance M192 exception exploiting reusable correlation structure, not the already-closed heteroscedastic full-covariance path.","K<=64 reaches mean sigma error<=3e-3 and full32-layer cost remains viable without particles, Taylor expansion or per-component n3 transforms.",This special structure is not cleanly covered by the final direct-evaluation closure. Failure closes M192.
3,"If M192 closes, derive and test the one M194 weight-coupled cubic boundary/Walsh identity.",Kernel fixed algebraically from weights/boundaries; grouped target covariance positive before fitting; legal cost and symmetry audit.,This is the highest-upside remaining class escape and is untouched by mixture evaluation failures.
4,Run M189 once on stored Kerdock arrays.,Mean-relevant QTT rank<=12-16 with shared pivots and legal query cost.,Cheap and independent of the mixture program.
5,Run M193 only as an output-weighted boundary-normal/gate-current audit.,Certified small normal span plus late/telescoping current localization.,Activation covariance ranks do not answer this question.
6,Perform one grouped no-fit tail audit of the validated129-basis package.,A network-independent legal mechanism reduces upper-tail contribution and mean adjusted score on development groups.,"Worst exposed network contributes about6%; likely modest upside, not a breakthrough route."
7,Keep M190 as proof/internal contraction machinery and M195 deferred.,"Reopen only if they enable a new exact evaluation identity or compact state, not as standalone degree10 or learned-feature programs.",Existing ceilings and negative prediction tests remain.
8,Quarantine root estimator.py and remove it from submission scripts/documentation.,No path can select the incompatible package; any port receives a new name and full official-like rerun.,Current package crashes under FlopScope0.9.1.
9,Keep protected cohorts sealed.,"Open only for a frozen legal estimator with independent reproduction, complete costs and grouped tails.",No current research candidate qualifies.
