WHestBench V28 Integration Map — surviving objects and dependencies,,,,,,,,
,,,,,,,,
Branch,What is now proved,What remains empirical,Canonical status,Depends on,Next gate,Kill condition,IDs,Competition role
Pairwise sign/orthant state,Not recursively closed; weighted absolute-kernel identities exact.,Which weighted component dominates WHestBench defect.,Closed as state; diagnostic interface.,Reference attribution,M187 attribution,<50% relevant residual or noncompressible,"T89,T90,M187",Mechanism localization
Conditional covariance mixture,Legal PSD fixed-K moment recurrence; covariance mixing explains fourth-order signature.,Held-out oracle accuracy and projection stability.,PRIMARY,T90 attribution,M187 then M188,>0.5% oracle or K/H/cost explosion,"T91,T92,M187,M188",Only current coherent-state candidate
Compressed mixed moments,Dense oracle pair map already locally sufficient.,Can coherent latent state reproduce required mixed information.,Absorbed into primary,Conditional mixture state,Score contractions inside M187/M188,Independent Tucker factors or incompatible states,"M40,M66,M186",Accuracy target/interface
Environment-weighted chaos,Coordinate PCE closed; exact directional transfer and contracted degree-10 object.,"Environment ranks, legal orientation and free growth.",SECONDARY ENGINE,Adjoint-harmonic source / primary state,M190,High ranks or oracle/legal gap,"T95,T96,M190",Potential low-cost expectation engine
Continuous tensor train,Generic rank/economics obstruction.,No important empirical gap for ordinary coordinates.,CLOSED,None,None,Already closed,T93,Negative class result
Kerdock-index QTT,Exact 16-bit tensorization; first nonlinearity nearly Walsh-dense.,Mean-relevant QTT rank and common pivots.,BOUNDED HEDGE,Stored Kerdock arrays,M189,Rank>16 or query union too large,"T94,M189",Possible drastic compute compression
Late absolute innovation,Linear gauges closed; nonlinear identity not covered.,Any exact/shared-arithmetic signed innovation formula.,DORMANT HEDGE,New theorem/identity,Only concrete derivation,No concrete source,"T86,T87",Class escape only
Static/ordinary sampling,Strong closure theorems and score-law negatives.,No candidate question remains.,CLOSED,None,Degree62 proof separately,N/A,"T57,T74,T88,M178-M181",Defines box to escape
Protected evaluation,No legal full rollout exists.,"Candidate score, tails and complete FLOPs.",SEALED,M188 or equivalent passes,Immutable package,Any missing cost/oracle state,M191,Governance
