design,arm,alpha,group,n,pooled_raw_ratio,mean_raw_ratio,wins,p90,worst,pooled_cross_ratio,mean_downstream_anchor_error_ratio,mean_unweighted_anchor_error_ratio,mean_cosine
full129,analytic_cov,-4.0,train_dev,16,0.9999963984172673,0.999997044262292,5,1.000012609146148,1.0000149933748295,0.9999959867507392,1.0000008200695853,1.0000003303165763,-0.11121347602576961
full129,analytic_cov,-4.0,calib_dev,8,0.9999993359373698,1.0000013006561774,3,1.0000177469943727,1.0000198407660243,0.9999992698101466,0.9999995762221741,0.9999998703818452,0.005227373316000691
full129,analytic_cov,-4.0,validation,8,1.0000029362280567,1.0000058503748706,3,1.0000272544706288,1.0000708445210726,1.0000031327709558,0.999998429784517,0.9999997517587891,-0.03289543072569645
full129,analytic_cov,-4.0,expansion,8,1.0000057337833055,1.000005603835125,4,1.0000246734119536,1.000047521228352,1.000006075463559,0.9999985062637853,0.9999996314989452,-0.04859826818626065
full129,analytic_cov,-4.0,rotation,4,1.0000073890708436,1.0000082503073164,0,1.0000134117767558,1.0000144834382887,1.0000077418644167,0.9999976805208661,0.9999991535312535,-0.3999663649011863
full129,analytic_cov,-4.0,rotation_expansion,8,0.9999984461087811,0.999997546001101,5,1.000008338755214,1.0000151546999771,0.9999983505313388,1.000000681311539,1.0000000576000905,0.028486108523237297
full129,analytic_mean,1.4897351037092124,train_dev,16,0.9292659263427896,0.9688371543240564,12,1.081440565966607,1.741648969328138,0.9211809113184154,0.9532748944891338,0.9643480464373669,0.30895102464377294
full129,analytic_mean,1.4897351037092124,calib_dev,8,1.0581140513829292,1.0686852447202702,3,1.3365055135577022,1.3604561143457965,1.063901036926328,1.0357047086618016,1.0126691771756375,-0.029619129921097456
full129,analytic_mean,1.4897351037092124,validation,8,0.8513513744481176,0.890886929102596,7,1.0291305168115372,1.1107239369483244,0.841401250959223,0.9099471686897316,0.9628185131032436,0.3426725303474421
full129,analytic_mean,1.4897351037092124,expansion,8,0.8594739327097508,0.8983700202140052,4,1.0756091425376055,1.1147207094164244,0.8510998837296047,0.9135890175814159,0.9639129549814738,0.2718886089519967
full129,analytic_mean,1.4897351037092124,rotation,4,1.088987306219189,1.1338649065732707,0,1.201138416685331,1.208267336916008,1.0932360338835303,1.0909557010924211,1.0174111351212145,-0.21419626893271176
full129,analytic_mean,1.4897351037092124,rotation_expansion,8,1.1232929832473464,1.1048395272217184,3,1.3787812128366368,1.5767574349629172,1.1308765436958925,1.0625384687540946,1.0068562223493154,-0.1170578090623314
full129,analytic_total,1.4897344349828177,train_dev,16,0.9292666288743124,0.968836349179895,12,1.0814501298796941,1.7416120801664243,0.9211816941503878,0.9532747239695121,0.9643480359486237,0.308951156489339
full129,analytic_total,1.4897344349828177,calib_dev,8,1.058113044877704,1.0686827170466806,3,1.3365035609020643,1.3604354567088672,1.0638999301935148,1.035703260969219,1.012669036344914,-0.029618172397668383
full129,analytic_total,1.4897344349828177,validation,8,0.851351328344685,0.8908859484832711,7,1.029128312451771,1.110720358216354,0.8414012017697556,0.9099461702069955,0.9628183458305535,0.342673791564195
full129,analytic_total,1.4897344349828177,expansion,8,0.8594731138789218,0.8983690066797663,4,1.075611641066863,1.1147202623789043,0.8510990161040601,0.9135880235792179,0.9639127510584335,0.2718872677828868
full129,analytic_total,1.4897344349828177,rotation,4,1.088982531974301,1.1338594332758398,0,1.2011281886530447,1.2082548530320434,1.0932310316907785,1.090952183523779,1.0174100031461575,-0.21419210110858702
full129,analytic_total,1.4897344349828177,rotation_expansion,8,1.1232920757839728,1.1048386228687508,3,1.378780791601051,1.5767489608004317,1.1308755804158523,1.062538295953427,1.0068560853676771,-0.11705573445670489
full129,companion_16,0.1359566704587838,train_dev,16,0.8075691088068727,0.8426970571761248,15,0.9682008696357709,1.376970343133201,0.7855739575875348,8.529804048235668,4.302522979974647,0.4321767197651432
full129,companion_16,0.1359566704587838,calib_dev,8,0.927265571249056,0.9378661457245996,4,1.176775562160266,1.3195577151225961,0.9200226914691635,6.754914924201823,4.914923914871977,0.2618576648416716
full129,companion_16,0.1359566704587838,validation,8,1.0886810181883895,1.0194677212899166,3,1.3562316545616706,1.4648489208424318,1.0946170776630018,9.000622477533883,4.25340279068741,0.2024697361617309
full129,companion_16,0.1359566704587838,expansion,8,0.7307176763989673,0.7901992174326393,7,0.9971022436627525,1.0937466506828601,0.7146709499032692,8.997580132149107,4.565356819534713,0.46314346711361815
full129,companion_16,0.1359566704587838,rotation,4,1.0163572997901442,0.9414608190821532,3,1.0632464775705266,1.1276743100112911,1.017138284349461,5.868582990138362,3.757631573416267,0.22048975697546686
full129,companion_16,0.1359566704587838,rotation_expansion,8,0.7845391854863143,0.8958812175193431,5,1.1287629742042855,1.2536347910953594,0.7712865244822441,10.0837202382431,4.656911973555374,0.3498791445557846
full129,companion_16_mean_only,0.13727432070132226,train_dev,16,0.8075730535884398,0.8427174989186574,15,0.9691749379273733,1.3785586094316171,0.7855783532637923,8.41854265800225,4.264738604101435,0.43213346691759125
full129,companion_16_mean_only,0.13727432070132226,calib_dev,8,0.9289776778746679,0.9396230486670529,4,1.1835040635845941,1.3278958558727623,0.9219052893280555,6.7767931626285876,4.927842894209257,0.2615891335887979
full129,companion_16_mean_only,0.13727432070132226,validation,8,1.0903225198334885,1.0213207023494688,3,1.3598470656809645,1.4768756882923604,1.0963684568398664,8.954592513402506,4.235039875601645,0.20272852427945973
full129,companion_16_mean_only,0.13727432070132226,expansion,8,0.7274753566512895,0.7886805363327369,7,0.9978953137119355,1.0972131996103949,0.7112354180000112,9.035989700089402,4.597810545742288,0.462677664549183
full129,companion_16_mean_only,0.13727432070132226,rotation,4,1.0163451839269806,0.9411775721071151,3,1.0635835472179824,1.1278694327693477,1.0171255900104992,5.853302264922382,3.7487626173083606,0.2213986704971567
full129,companion_16_mean_only,0.13727432070132226,rotation_expansion,8,0.782586322730653,0.8965228707080919,5,1.1327279420608236,1.2605980915828117,0.769213544162994,10.161585335753543,4.685023512059931,0.3498511748435422
full129,companion_2,0.016048978311212266,train_dev,16,0.9817216350127945,0.9982093624569068,8,1.154557106840136,1.248602947111735,0.9796323893649513,121.23024089327603,40.085222525035654,0.09765930211108109
full129,companion_2,0.016048978311212266,calib_dev,8,0.9662356426275792,0.9653118130089746,6,1.0367741444329162,1.0985339341180391,0.9628733947142677,113.20898067499334,38.34129806453064,0.20923517252481605
full129,companion_2,0.016048978311212266,validation,8,0.9964615197362534,1.0073634172645978,5,1.1271053251057859,1.1856247976389143,0.9962246637582279,70.1267063376649,31.438014241720353,0.09420215877049724
full129,companion_2,0.016048978311212266,expansion,8,0.9511844041049994,0.9767508625411518,4,1.0881102868805976,1.1970652008159606,0.9482754477889058,69.5265266411343,33.40652476166055,0.1671387698268392
full129,companion_2,0.016048978311212266,rotation,4,0.9810741137028305,0.9531271220059453,3,1.0078802677576872,1.0120510214148333,0.9801704911514871,58.01584330766222,23.383001061423784,0.1963736329329006
full129,companion_2,0.016048978311212266,rotation_expansion,8,0.9971448130802363,1.0151009241930862,2,1.1116849757359748,1.130977389727782,0.9969691949547953,78.63079273163034,32.764763920494154,-0.06440096483399471
full129,companion_2_mean_only,0.015390969339713045,train_dev,16,0.9832950570031409,0.9986631054227153,8,1.151855356199523,1.2284668791038225,0.9813856559446715,123.15399925687717,40.18829013748184,0.0969448307669617
full129,companion_2_mean_only,0.015390969339713045,calib_dev,8,0.9669429068730974,0.9657222162619317,6,1.033595840449365,1.0899548037244622,0.9636510881910436,107.47381136241388,37.21148377585287,0.2086611626040458
full129,companion_2_mean_only,0.015390969339713045,validation,8,0.9975547528977935,1.0077680601863417,5,1.1215624734103529,1.1855772457382128,0.9973910748917747,70.67613164132092,31.51637516906109,0.0937762616432268
full129,companion_2_mean_only,0.015390969339713045,expansion,8,0.9497261382701264,0.9755646507309677,4,1.0852452759655864,1.193169879127535,0.9467302828486729,73.07184610224044,35.392261439443516,0.1670826295545973
full129,companion_2_mean_only,0.015390969339713045,rotation,4,0.9797710129466672,0.9523781459890008,3,1.006494691376672,1.010194596947721,0.9788051734290245,61.590707240990234,24.315028433674044,0.19882304103749424
full129,companion_2_mean_only,0.015390969339713045,rotation_expansion,8,0.9962341487317133,1.0135866316740967,2,1.1068744450906134,1.1216620136370545,0.9960025170525934,78.5254889853583,32.78715445858178,-0.06368172639258593
full129,companion_4,0.03529568780723714,train_dev,16,0.9563971812107214,0.9681685519706502,9,1.1448983166584923,1.1887792630274359,0.9514133109656001,40.16541262623486,15.680458054187941,0.1575894761438307
full129,companion_4,0.03529568780723714,calib_dev,8,0.9869948184233128,0.9923469104966207,4,1.0849723526380393,1.0902147874456256,0.9856997650587204,61.497634171079596,23.728889667768883,0.12933935636651261
full129,companion_4,0.03529568780723714,validation,8,0.9987432966039369,0.9949773626774117,5,1.1554567034496732,1.2299505507804538,0.9986591763913667,29.729176474761104,14.41601335337779,0.09975245971745936
full129,companion_4,0.03529568780723714,expansion,8,0.9293289890887739,0.9659823733123535,5,1.1577920725682624,1.1862879321081468,0.9251176529412629,33.59017593538747,13.57109400293135,0.2089776133830187
full129,companion_4,0.03529568780723714,rotation,4,1.0276365584510088,0.987253732964825,2,1.0882953466190963,1.1058475809943566,1.028956074856515,42.20512750880896,14.138949637119106,0.12310991695504264
full129,companion_4,0.03529568780723714,rotation_expansion,8,0.8552194834278956,0.9088126716029761,7,1.0674208076196074,1.2325723428018296,0.8463142580835337,43.55954267536514,18.007384264198443,0.31046136395008733
full129,companion_4_mean_only,0.035296789019165345,train_dev,16,0.9567597022838563,0.9682946434519047,9,1.1471077940667742,1.1841093742463251,0.9518172687632357,39.95449550965382,15.686643060953848,0.1572753814556933
full129,companion_4_mean_only,0.035296789019165345,calib_dev,8,0.9878988092187051,0.9928012751207751,4,1.0841588902455284,1.0919760946423342,0.9866937750756231,60.78425974497829,23.705264873903925,0.12881151813905392
full129,companion_4_mean_only,0.035296789019165345,validation,8,1.0000466438922293,0.9961344583235348,5,1.1569064162662173,1.237110112745052,1.0000497661039953,29.512577068469145,14.34388950512184,0.10002571987632762
full129,companion_4_mean_only,0.035296789019165345,expansion,8,0.9263121040287567,0.9638593445288381,5,1.1568567830556866,1.1795722836139424,0.9219209895401363,33.51086957572302,13.718212162325568,0.20902202880554452
full129,companion_4_mean_only,0.035296789019165345,rotation,4,1.0256265134119598,0.9871708347510654,2,1.0877543694750615,1.1024488620625508,1.026850059568148,44.16248400691831,14.51340850460823,0.12447398867970061
full129,companion_4_mean_only,0.035296789019165345,rotation_expansion,8,0.8523253562679054,0.9065919248185423,7,1.0651734891919957,1.2239530319322054,0.8432421176442352,44.37355930119911,18.17344545311429,0.3103246632965497
full129,companion_8,0.06094554919432084,train_dev,16,0.9326482049862119,0.9653752822255663,11,1.2311819248571525,1.4133163852939121,0.9249497896900138,22.113621957968373,8.175328481610372,0.20979152147440044
full129,companion_8,0.06094554919432084,calib_dev,8,0.9458218173816381,0.9507160059835766,6,1.0084199189356169,1.0230157371669042,0.9404267648578666,16.75698886887948,9.105429323363522,0.219850288828099
full129,companion_8,0.06094554919432084,validation,8,1.0603431994792505,1.0177132440438061,4,1.1741294842211267,1.1744320309191563,1.0643824045798986,13.452359649634381,7.4055063956211455,0.09686292415314099
full129,companion_8,0.06094554919432084,expansion,8,0.878079745876208,0.9091097932824712,7,0.9984388544133717,1.0412996302729296,0.8708144306262214,14.400169718685696,6.119195657852902,0.3395715820803013
full129,companion_8,0.06094554919432084,rotation,4,0.9712623221405485,0.916797704286887,3,1.0485720685646434,1.071768806618307,0.9698902324333989,22.283231697432964,8.691689494757359,0.24018733406622275
full129,companion_8,0.06094554919432084,rotation_expansion,8,0.8337058962258778,0.8916387687622448,5,1.1025920099005997,1.2674392279776787,0.8234774034520603,20.42143925351821,9.129991491769408,0.353408090009498
full129,companion_8_mean_only,0.06138476729307967,train_dev,16,0.9329396051680466,0.9650885047162192,10,1.230952439270209,1.4042373934433727,0.925274497367465,21.779411349768704,8.083597059840598,0.209557941255516
full129,companion_8_mean_only,0.06138476729307967,calib_dev,8,0.9457869287604113,0.9505097667149699,6,1.0084475931863832,1.0231288866223671,0.9403884020347582,16.422525206546666,9.055668566587377,0.21939154784181097
full129,companion_8_mean_only,0.06138476729307967,validation,8,1.060579833831901,1.0181223879346804,4,1.1746819292619985,1.1794137366318411,1.064634878574671,13.355987378096717,7.359817082947929,0.09687327315905975
full129,companion_8_mean_only,0.06138476729307967,expansion,8,0.8761244766260335,0.9081190588365587,7,0.9988854744457519,1.0439770778991635,0.8687426454812663,14.558907428427943,6.215722811042529,0.3395145534276205
full129,companion_8_mean_only,0.06138476729307967,rotation,4,0.9700311048200218,0.9157287995725427,3,1.0488381392676505,1.0707394414995064,0.968600230244414,22.94246444934952,8.850894160562287,0.24091572424873592
full129,companion_8_mean_only,0.06138476729307967,rotation_expansion,8,0.8310794321259319,0.890010037558818,5,1.1018930806136806,1.2635406999345384,0.8206893896130842,20.44602127845649,9.117194709045936,0.3531719802338362
full129,paired,-0.2302906268141443,train_dev,16,0.9977437923801233,1.0052896621641152,8,1.0377741406579415,1.0617360237679117,0.9974859043275673,1.0893506443636216,1.0201129941504736,0.016325441838022803
full129,paired,-0.2302906268141443,calib_dev,8,1.0194651128316192,1.022585870725856,1,1.054084523046352,1.066611224690419,1.0214034448507545,0.9346427388270263,0.9754533216271211,-0.2257261143364947
full129,paired,-0.2302906268141443,validation,8,1.0109876189488962,1.0166785844195725,3,1.0505244182698326,1.0569779147964478,1.0117230994485278,0.9681751303802644,0.9790044372479993,-0.1673361521929524
full129,paired,-0.2302906268141443,expansion,8,1.0134034589640768,1.0067958401984627,2,1.051506213167848,1.0585530504007172,1.0142021806819255,1.0208487950644782,1.0098471928332393,-0.13860403096105237
full129,paired,-0.2302906268141443,rotation,4,1.0053380193362333,1.0154927640919125,1,1.034090194892434,1.0395142389812981,1.0055928847927824,0.9642738946306937,0.9810171242787307,-0.13336412132710976
full129,paired,-0.2302906268141443,rotation_expansion,8,0.9913303741817311,0.9881322597812715,5,1.0163194480532152,1.0164182236215835,0.9907971189248024,1.1079177329349648,1.0195201280318742,0.16606697681411464
reduced112,analytic_cov,4.0,train_dev,16,0.9999972381332806,1.0000012425884055,10,1.000027139895157,1.000055228399966,0.9999969963886792,1.0000003078935373,0.999999989767927,0.10748776852693731
reduced112,analytic_cov,4.0,calib_dev,8,1.0000087057288782,1.000008016990836,2,1.0000273159921775,1.0000391559004493,1.0000093366254084,1.0000020174191668,1.000000025468669,-0.15722539592707513
reduced112,analytic_cov,4.0,validation,8,0.999992543783217,0.9999830272420843,4,1.0000204014410896,1.0000230221189073,0.9999921576748607,0.9999957416575185,1.0000000092383514,-0.01567812715890307
reduced112,analytic_cov,4.0,expansion,8,1.0000062367544842,0.9999966928822612,1,1.000039105941347,1.000041512297162,1.0000065665775077,0.9999991595787593,1.0000000142336574,-0.28895084768875884
reduced112,analytic_cov,4.0,rotation,4,0.9999825754351308,0.9999889192456258,3,0.999998620880784,1.0000001317037814,0.9999816993059736,0.9999972189691632,0.9999999948871029,0.40541722745881237
reduced112,analytic_cov,4.0,rotation_expansion,8,1.000004047510746,1.0000023765762527,3,1.0000161791912052,1.0000200036532818,1.0000043482162375,1.0000006041260165,1.000000002241524,0.014258213662659565
reduced112,analytic_mean,1.968243318764325,train_dev,16,0.8709538534050519,0.8904293355740687,11,1.17358118268446,1.2660635964981466,0.8596585186079604,0.9033185200264793,0.9997339094454472,0.3727876393400858
reduced112,analytic_mean,1.968243318764325,calib_dev,8,1.166824052298716,1.2203458815522865,4,1.6945253428166909,1.992098697527761,1.1789136449352644,1.0521492464221753,1.0005744588012444,0.06143444829481101
reduced112,analytic_mean,1.968243318764325,validation,8,0.8068222113175598,0.8999079359908717,6,1.1927280160106386,1.3009199387018373,0.7968188060208141,0.9240447717790552,0.9999157909064404,0.32814556307238785
reduced112,analytic_mean,1.968243318764325,expansion,8,0.7803752128356418,0.8240267668317425,7,1.161644127953254,1.5821800109875164,0.7687606284398824,0.8387572176254794,0.9994697201414101,0.4066755941827851
reduced112,analytic_mean,1.968243318764325,rotation,4,1.0529348381958423,1.0957088613771666,1,1.2952474985605582,1.3846287291272326,1.0555964688028387,1.0177540293565448,0.9998968848297696,0.08076984426365635
reduced112,analytic_mean,1.968243318764325,rotation_expansion,8,1.3589993203465098,1.3902227101597049,1,1.8555406907818262,2.1112133671076965,1.3856707917184,1.1356528297680122,0.999794846426546,-0.10362185568518908
reduced112,analytic_total,1.9681980741043694,train_dev,16,0.8709561401742583,0.8904320438004766,11,1.173585742484961,1.2660963066247408,0.8596610055367568,0.903319690921391,0.9997339077441934,0.37278802547689593
reduced112,analytic_total,1.9681980741043694,calib_dev,8,1.1668267919838853,1.2203481050103289,4,1.6945335262939145,1.9920878949746383,1.1789165831630126,1.0521535646037474,1.00057448902086,0.06143424291957668
reduced112,analytic_total,1.9681980741043694,validation,8,0.8068244334579379,0.8999043832374676,6,1.1927164486811834,1.3008939408106006,0.7968211432312061,0.9240417443369279,0.9999158002108831,0.3281463507325963
reduced112,analytic_total,1.9681980741043694,expansion,8,0.7803841814891477,0.8240347428036559,7,1.161648834576148,1.5821971752171107,0.7687700713895018,0.8387595156311687,0.9994697342319294,0.4066751085348984
reduced112,analytic_total,1.9681980741043694,rotation,4,1.0529206414903676,1.095695941657429,1,1.295223899027764,1.3845971584970493,1.0555815582690593,1.01775062099908,0.9998968797371425,0.08077673182972145
reduced112,analytic_total,1.9681980741043694,rotation_expansion,8,1.3589853451858749,1.3902047312942922,1,1.8555028155559725,2.1111732767975693,1.3856557782881198,1.1356523198593853,0.9997948481924522,-0.10362013475441999
reduced112,companion_12,0.07113314070230158,train_dev,16,0.9614358345026733,0.9738572756723509,9,1.1970977088216719,1.2715511215721402,0.9580603353346897,9.309231555228841,1.0193506064169673,0.18090053375909404
reduced112,companion_12,0.07113314070230158,calib_dev,8,0.995294946347556,0.9664202079210045,4,1.0931019447213683,1.1034406514205066,0.9949539752393296,9.768047782689823,1.0352935218487849,0.16255751028038173
reduced112,companion_12,0.07113314070230158,validation,8,0.7474602752288492,0.907369393900314,6,1.081996090830335,1.2519482780539997,0.7343829062536443,12.712058759423138,1.0253941706696013,0.328841913225528
reduced112,companion_12,0.07113314070230158,expansion,8,0.8954825831020795,0.8765541331086322,7,0.9526200112540172,1.0292982255072813,0.8899553091770316,6.907899538545449,1.027718686682923,0.4313045842447788
reduced112,companion_12,0.07113314070230158,rotation,4,0.9313418008397379,0.9467084596046257,2,1.0389222182831512,1.0550605881318131,0.9278895797593575,7.647454454975272,1.0066073155095985,0.2954126054514884
reduced112,companion_12,0.07113314070230158,rotation_expansion,8,1.029189159378892,1.0493327043470733,5,1.3364622645153628,1.5886175480523244,1.0313577368235292,16.04267995436524,1.0270868942094418,0.1388444615946167
reduced112,companion_17,0.116793628564868,train_dev,16,0.8934404755304082,0.965392334474837,10,1.250756889578772,1.4595852667249443,0.8841133818010554,8.34406390919364,1.0129337917577024,0.2594796417702784
reduced112,companion_17,0.116793628564868,calib_dev,8,0.9356934996547359,0.9383919970485488,6,1.1065043277043238,1.1374984398091554,0.9310332640211827,9.449564536945712,1.0244160593620946,0.30314520300836967
reduced112,companion_17,0.116793628564868,validation,8,0.7054901019999619,0.8778450138481335,6,1.0654326352575227,1.184246668553868,0.6902393741927362,7.016602115865236,1.014110316679615,0.3445895016692347
reduced112,companion_17,0.116793628564868,expansion,8,0.9267175572967281,0.903136143437868,5,1.0690581205975611,1.0998843011062138,0.9228421062308712,8.99934088605485,1.017666513930033,0.2883333676787423
reduced112,companion_17,0.116793628564868,rotation,4,0.9502310535259285,0.9604173024861822,3,1.1192414776036999,1.2067176744559538,0.9477286079583558,5.935735667332059,1.004348510818478,0.2836182545183738
reduced112,companion_17,0.116793628564868,rotation_expansion,8,1.0639860462084143,1.1135479672907955,5,1.5605241982703586,2.3153324092773717,1.0687398212239232,12.63501296515092,1.0193388973563482,0.1721621678561126
reduced112,companion_2,-0.016706069469399384,train_dev,16,0.9834454957715588,1.0177043470261,7,1.1351722393368775,1.1802656993661131,0.9819964895625859,66.12056695001237,1.154400057908705,-0.01877075216409471
reduced112,companion_2,-0.016706069469399384,calib_dev,8,1.068822661658988,1.0693735852455737,4,1.1879856057601783,1.3116018169665382,1.0738101795387855,106.88049468906397,1.2918722433982581,-0.1267514679415662
reduced112,companion_2,-0.016706069469399384,validation,8,1.029548012321546,1.0089716804865547,3,1.0735878753377839,1.0942903708886507,1.0310781092596135,102.09789037969479,1.1543663134072646,-0.006636537271831538
reduced112,companion_2,-0.016706069469399384,expansion,8,1.024044353616832,1.0614737193208952,5,1.272193990088148,1.39019419177283,1.0253159094276758,76.2393143298429,1.1783065846861096,-0.028765829937410448
reduced112,companion_2,-0.016706069469399384,rotation,4,1.092411739043774,1.0889957802936605,0,1.1021260079897197,1.1049413434421267,1.0970583181487232,47.046107115913564,1.046773486513772,-0.36094943304035165
reduced112,companion_2,-0.016706069469399384,rotation_expansion,8,1.0065065981431562,1.0008841993722188,4,1.0746606368344176,1.1450445901704691,1.0069899989081947,104.88174105454631,1.1605580191276559,0.09091883035899673
reduced112,companion_4,0.002758759542843381,train_dev,16,0.9998015904479438,0.9985069786450507,10,1.0152133184504257,1.0331223268876442,0.999784223774265,31.655678051114666,1.075581246666321,0.11447028006993672
reduced112,companion_4,0.002758759542843381,calib_dev,8,0.9950433398554988,0.9945989623121181,6,1.0103482067081182,1.0149663333982608,0.9946841350456459,41.8232300733697,1.128323140684571,0.15449217685854894
reduced112,companion_4,0.002758759542843381,validation,8,0.9910009194549609,0.9964669301781333,6,1.0095156248826338,1.0140228255408172,0.9905349163466115,37.59384149956658,1.0825247533109112,0.1755788981825242
reduced112,companion_4,0.002758759542843381,expansion,8,0.9967647475062903,0.9962215507022962,5,1.0044225645399596,1.0071461307748608,0.9965936551919164,26.573766108342426,1.0736198660939342,0.1863348901538283
reduced112,companion_4,0.002758759542843381,rotation,4,0.9949347004932906,0.9916461954690343,3,0.9993525865804239,1.001605115777581,0.9946800108284085,29.751279414957317,1.026095684780507,0.30718456549237816
reduced112,companion_4,0.002758759542843381,rotation_expansion,8,1.0018429742330306,1.0023032809189185,2,1.0101272965157084,1.0135514662666452,1.0019798960368045,35.16868405331583,1.0731889226575926,-0.08952144873539553
reduced112,companion_8,0.09079535509714363,train_dev,16,0.9028262472734194,0.9537884065453252,9,1.2209516460545933,1.492549318917779,0.8943206847324342,14.105990166354658,1.038318491972549,0.26720002850072483
reduced112,companion_8,0.09079535509714363,calib_dev,8,1.1301838091518446,1.0830153762562293,3,1.3372056843005944,1.3595269414837348,1.1396181155293308,21.146598697427663,1.0713919965383938,0.09279459530811435
reduced112,companion_8,0.09079535509714363,validation,8,0.6917285103255263,0.8669563295917606,7,1.0778670909269763,1.3556148172959166,0.675765160327175,17.70832331630927,1.0460738660451046,0.3938079425218072
reduced112,companion_8,0.09079535509714363,expansion,8,0.8847974548966664,0.8844467072531776,7,0.9970584557263485,1.0938633062651357,0.8787051112227818,13.454134048530852,1.0486704354101466,0.37564925119573966
reduced112,companion_8,0.09079535509714363,rotation,4,0.8172009468406889,0.9295837323340997,3,1.1389580247631759,1.2013425889687053,0.8080095792763125,18.628190228583325,1.0104142051817484,0.3135793233740962
reduced112,companion_8,0.09079535509714363,rotation_expansion,8,1.0778454305539271,1.1273085046959526,4,1.5413769837822116,1.924164849318065,1.0836288737382969,23.17963478516668,1.0398905893927881,0.09946176278286227
reduced112,paired,-0.522415669651845,train_dev,16,0.989011416787836,1.0127461764820982,5,1.101312995238637,1.1523125557850307,0.9880495924358338,1.0349710377807169,0.9998382123058868,-0.03705447816301245
reduced112,paired,-0.522415669651845,calib_dev,8,1.038817629424535,1.0348881849789122,2,1.0894572386961836,1.1012846600040755,1.0416307089558892,0.9882442498081174,1.0001783895690948,-0.14770832821426472
reduced112,paired,-0.522415669651845,validation,8,1.0158391623008873,1.0200916317167807,5,1.1081485232140629,1.1257636767448753,1.0166593681906917,1.0251320780397557,0.9997928484008294,-0.031836139663477196
reduced112,paired,-0.522415669651845,expansion,8,1.024920425213287,1.0506791197104732,2,1.1924154945587309,1.2046571639350607,1.0262383109836275,0.9504766719967291,0.9999226122694724,-0.1345246214790929
reduced112,paired,-0.522415669651845,rotation,4,1.0351347501054655,1.028169907088176,1,1.0578175426011918,1.0656579133700719,1.0369013697729117,0.9710238437181284,0.9999394521635762,-0.17942690136694225
reduced112,paired,-0.522415669651845,rotation_expansion,8,1.0207618062887183,1.014612268913316,2,1.0777571818996168,1.0846262846009833,1.0223042825294086,1.015352284588734,1.000211812745083,-0.04463181891608435
