ID,Evidence level,Family,Experiment,Result,Verdict,Primary source,Status,Evidence tier,Overlap cluster,Update batch
C01,Official/competition,Sampling baseline,Plain Gaussian Monte Carlo,~7.7e-7 adjusted on Mini-100.,Baseline,PUBLIC_POST.md,Scientific / recorded,Official-like,Static/structured sampling,Prior catalog
C02,Official development,Variance reduction,Antithetic + exact-radius sphere + anchored layer-1 control variate,"Best combined adjusted score 4.91e-7; component gains: antithetic 1.09x, sphere 1.04x, anchored CV 1.24–1.71x; best total 1.56x.",Useful but capped,PUBLIC_POST.md,Scientific / recorded,Official-like,Control variates,Prior catalog
C03,Official development + frozen holdout,Low-discrepancy cubature,Two independently scrambled Sobol sphere streams with antipodal pairing and exact radius,Adjusted 3.4607e-7 vs previous 4.91e-7 (29.5% lower); frozen IDs 50–99: 3.6309e-7; 0 failures.,Strong improvement,Pasted text(7).txt,Scientific / recorded,Official-like,Static/structured sampling,Prior catalog
C04,Official development + frozen holdout,Structured cubature,"66,048-point Kerdock/MUB spherical 5-design with FWHT first layer",Raw MSE 2.2826e-7; adjusted 2.2566e-7 vs Sobol 3.4607e-7; 34.8% adjusted improvement; frozen holdout improved 25.0%.,Best validated statistical design,Pasted text(7).txt; PUBLIC_POST.md,Scientific / recorded,Official-like,Static/structured sampling,Prior catalog
C05,Official development,White-box sketch,Energy-weighted K3 carrier sketch,"K3-simple error 4.4663e-5 → 2.4724e-5 (44.6% lower), 9/10 MLPs improved, estimated 3.27% budget; not competitive standalone.","Interesting mechanism, not competitive",Pasted text(7).txt,Scientific / recorded,Official-like,Moment/cumulant closure,Prior catalog
C06,Official development,Rotation selection,Cheap per-network statistics used to choose Kerdock/Sobol rotations,Selectors had Spearman ≈0.05 with true error; apparent gains reversed on holdout; oracle rotation gap existed but was not predictably accessible.,Failed / selection leakage,PUBLIC_POST.md,Closed,Official-like,Static/structured sampling,Prior catalog
C07,Official development,Multifidelity cubature,"90,624-row two-rotation pilot","Raw-MSE gains varied by evaluation split (roughly 10–23%), but the rule uses 90,624 rather than 66,048 rows (+37.2%). The exact depth-32 kernel predicts only about 10.45% MSE reduction, implying an error-cost ratio near 1.229.","Genuine raw-accuracy gain, but honestly accounted adjusted score is worse; closed.","Multifidelity audit and latest multi-agent update, 2026-07-28",Closed,Official-like,Static/structured sampling,Latest multi-agent update
C08,Architecture-matched full dimensions,Multifidelity cubature,"Cheaper 78,336-row rotated pilot",Predicted error-cost ratio 1.091x relative to baseline.,Rejected,Pasted text(10).txt,Scientific / recorded,Synthetic / mixed,Static/structured sampling,Prior catalog
C09,Architecture-matched full dimensions,Cubature modification,Best single added rotated basis,Predicted error-cost ratio 1.0012x.,Rejected / neutral,Pasted text(10).txt,Scientific / recorded,Synthetic / mixed,Static/structured sampling,Prior catalog
C10,Architecture-matched full dimensions,Cubature modification,"Fixed-count basis swaps at 66,048 rows",Best result 1.0029x MSE relative to baseline.,Rejected / slightly worse,Pasted text(10).txt,Scientific / recorded,Synthetic / mixed,Static/structured sampling,Prior catalog
C11,Architecture-matched full dimensions,Particle compression,"Propagate all particles to layer 24, retain 33,024 using randomized-Hadamard features + Morton pairing, reweight 128 mean features","Development projected-score ratio 0.873x, but frozen holdout 1.069x; holdout bootstrap roughly 0.95–1.30 before overhead.",Failed on holdout,Pasted text(10).txt,Closed,Synthetic / mixed,Particle compression,Prior catalog
C12,Synthetic / exact finite-width layer 2,Sigma sampling design,Random orthonormal basis + antipodes,6.47x lower sigma MSE than IID at width 256 layer 2; advantage faded with depth.,"Strong shallow result, limited deep transfer",Pasted text (5).txt,Scientific / recorded,Synthetic / mixed,Moment/cumulant closure,Prior catalog
C13,Synthetic / exact finite-width layer 2,Sigma sampling design,One Kerdock basis,6.25x lower sigma MSE than IID at width 256 layer 2.,Strong shallow result,Pasted text (5).txt,Scientific / recorded,Synthetic / mixed,Moment/cumulant closure,Prior catalog
C14,Synthetic depth 16,Sigma sampling design,"Sobol, orthogonal blocks, and 50/50 mixture","Sobol 2.19x; orthogonal blocks 1.42x; pooled half-Sobol/half-orthogonal 2.62x; learned layerwise blend 2.67x (train 12, test 8).",Promising synthetic result,Pasted text (5).txt,Scientific / recorded,Synthetic / mixed,Moment/cumulant closure,Prior catalog
C15,"Synthetic width 64, depth 32",Sampling design,Independent Haar-orthogonal bases,"At equal 4,096 points, about 5.6x lower MSE than IID and 2.5x better than random signed-Hadamard bases.",Strong synthetic result,Pasted text (3).txt,Scientific / recorded,Synthetic / mixed,Static/structured sampling,Prior catalog
C16,Synthetic width 256,Sampling design,Haar-orthogonal bases vs IID and Sobol,"At 4,096 points, reported about 3.7x better effective variance than IID and 1.4x better than Sobol in one suite; later larger bootstrap found much weaker sigma differences. Later paired width-256 tests resolved this toward a small, reliable Haar advantage for sigma, not a transformative final-mean gain.",Superseded by larger follow-up; modest robust Haar advantage,Pasted text (3).txt; Pasted text (2)(1).txt; CONTINUATION_REPORT.md,Superseded,Synthetic / mixed,Static/structured sampling,Prior catalog
C17,Synthetic,Sampling design,Eight pairwise-MUB bases under a common rotation,Effective variance 0.0198 vs Haar 0.0298 vs Sobol 0.0418; about 2.1x better than Sobol in that test.,Promising synthetic result,Pasted text (3).txt,Scientific / recorded,Synthetic / mixed,Static/structured sampling,Prior catalog
C18,"Synthetic width 256, 32-network bootstrap",Sampling design,"IID, Sobol, orthogonal, and generic antipodal pilots","Orthogonal/IID next-sigma ratio 1.006 with wide interval [0.92,1.09]; mean MSE favored orthogonal over IID by ~1.70x [1.02,2.71]; generic antipodal helped means but hurt covariance.",Uncertain; reference noise large,Pasted text (2)(1).txt,Scientific / recorded,Synthetic / mixed,Static/structured sampling,Prior catalog
C19,Synthetic width 256,Sampling design scaling,"4,096-point IID, Sobol, orthogonal pilots","Next-sigma errors: IID 1.53%, Sobol 1.44%, orthogonal 1.49%; mean sampling constant improved about 25–40%.","Modest gain, not decisive",Pasted text (2)(1).txt,Scientific / recorded,Synthetic / mixed,Static/structured sampling,Prior catalog
C20,Official development,QMC variant,Interlaced order-2 Sobol,1.30x worse than ordinary approach.,Failed,PUBLIC_POST.md,Closed,Official-like,Other,Prior catalog
C21,Official development,Geometry,Random two-dimensional plane angular integration,1.66x to 4.17x worse than Sobol.,Failed,PUBLIC_POST.md,Closed,Official-like,Other,Prior catalog
C22,Official development,Extrapolation,Nested Richardson extrapolation,9.3e-7 vs 9.2e-7 direct.,No gain,PUBLIC_POST.md,Scientific / recorded,Official-like,Other,Prior catalog
C23,Official development,Last-layer approximation,Terminal smoothing,"Reported ratios 0.45x–0.97x across variants, described as no-op at best; gain convention was not consistently documented.",Inconclusive / not adopted,PUBLIC_POST.md,Scientific / recorded,Official-like,Other,Prior catalog
C24,Official development,Analytic integration,Exact Gaussian-line propagation,"6,081x worse at 90–96% of budget.",Catastrophic failure,PUBLIC_POST.md,Scientific / recorded,Official-like,Other,Prior catalog
C25,Official development,Analytic proxy,Smoothed-delta forward-Laplacian proxy,"360,482x worse.",Catastrophic failure,PUBLIC_POST.md,Scientific / recorded,Official-like,Other,Prior catalog
C26,"Synthetic width 256, 6,144 points",Structured sigma sampling,"IID Gaussian, random orthogonal bases, Kerdock subsets, and Sobol for raw layerwise sigma",Squared relative sigma error: Gaussian 9.47e-5; orthogonal 6.91e-5 (1.37x gain); Kerdock subset 7.91e-5 (1.20x); Sobol 1.07e-4.,Modest positive for orthogonal pilots,CONTINUED_EXPERIMENT_REPORT.md,Scientific / recorded,Synthetic / mixed,Moment/cumulant closure,Prior catalog
C27,Synthetic matched-cost and doubled-cost sweeps,Structured sigma sampling,Same-cost mixtures and doubled-compute blends of sampling designs,"Best same-cost mixture gained about 1.09x; doubled-compute optimal blend gained 1.66x MSE, below the 2x needed to offset cost.",Closed / score-negative,CONTINUED_EXPERIMENT_REPORT.md,Closed,Synthetic / mixed,Moment/cumulant closure,Prior catalog
C28,Synthetic network-adaptive sampling,Adaptive sampling geometry,Jacobian/eigenvector-derived point sets,Concentrated samples into too few activation regions and performed hundreds to thousands of times worse in tested cases.,Strongly failed in tested form,CONTINUED_EXPERIMENT_REPORT.md,Closed,Synthetic / mixed,Control variates,Prior catalog
C29,"Synthetic width 256; 24 paired networks; 4,096 points",Haar moment pilot,"Powered one-step comparison of IID, Sobol antipodal, signed-Hadamard bases, and Haar-orthogonal antipodal bases","Next-layer sigma RMS: IID 1.4201%, Sobol 1.3609%, signed-Hadamard 1.3790%, Haar 1.3352%. IID/Haar ratio 1.0636; paired 95% CI [1.0220, 1.1093].",Robust incremental Haar improvement,CONTINUATION_REPORT.md,Scientific / recorded,Synthetic / mixed,Moment/cumulant closure,Prior catalog
C30,Synthetic width 256; 76 paired cases,Haar vs Sobol,Combined Haar-versus-Sobol comparison for sigma and final means,"Final direct and recursive Edgeworth means were statistically tied. Haar sigma RMS 1.3726% versus Sobol 1.4195%; Sobol/Haar ratio 1.0342, 95% CI [1.0153, 1.0547].","Haar preferred for moment estimation, not proven for final score",CONTINUATION_REPORT.md,Leading / active,Synthetic / mixed,Moment/cumulant closure,Prior catalog
C31,Synthetic width 256; 24 paired networks,Haar point-count scaling,"Sigma RMS at 512, 1,024, 2,048, and 4,096 points",Haar beat IID at every size: 2.964% vs 3.399%; 2.213% vs 2.497%; 1.698% vs 1.908%; 1.360% vs 1.498%.,Consistent variance-constant reduction,CONTINUATION_REPORT.md,Scientific / recorded,Synthetic / mixed,Moment/cumulant closure,Prior catalog
C32,Synthetic width 256; 24 paired networks,Haar point-count scaling,"Recursive fourth-order Edgeworth final MSE under IID, Haar, and Sobol pilots","IID/Haar MSE ratios: 1.58, 1.65, 1.82, and 1.62 at 512, 1,024, 2,048, and 4,096 points; every paired interval excluded no improvement. High-count absolute differences were truth-noise limited.",Strong synthetic evidence; official validation required,CONTINUATION_REPORT.md,Scientific / recorded,Synthetic / mixed,Moment/cumulant closure,Prior catalog
C33,Synthetic width 256; 27 networks,Haar floor-filling sweep,"Haar pilots at 4,096, 5,120, 6,144, and 6,656 points",Sigma RMS improved 1.226% -> 1.135% -> 1.066% -> 1.044%; observed Edgeworth MSE approached the 6.70e-6 reference-noise floor.,"Supports 5,632–6,144 official test range",CONTINUATION_REPORT.md,Scientific / recorded,Synthetic / mixed,Other,Prior catalog
C34,Synthetic fixed-total-count comparisons,Sampling mixtures,"Full Sobol, full Haar, 50/50 and 25/75 mixtures, and split Sobol scrambles",50/50 matched Sobol and remained worse than Haar for sigma; 75% Haar mixture was worse on both objectives; split Sobol did not help.,Closed; use one coherent design,CONTINUATION_REPORT.md,Closed,Synthetic / mixed,Static/structured sampling,Prior catalog
C35,Synthetic discovery then 28-network validation,Point-set selection,"Select a lucky fixed 6,144-point Haar seed","A discovery-suite 40% advantage disappeared on new networks; fresh/fixed Edgeworth ratio 1.110 with 95% CI [0.812, 1.418], and fixed sigma was slightly worse.",Selection noise; closed,CONTINUATION_REPORT.md,Closed,Synthetic / mixed,Other,Prior catalog
C36,Synthetic geometric search,Hadamard geometry,Random signed-Hadamard sign/permutation search for Kerdock-like geometry,Fourth frame potential stayed near 3 rather than the MUB value 1; random search barely changed it.,Not a route to Kerdock geometry,CONTINUATION_REPORT.md,Scientific / recorded,Synthetic / mixed,Static/structured sampling,Prior catalog
C37,Synthetic width 256,Fast orthogonal approximations,"One-, three-, and five-factor randomized Hadamard products versus dense Haar QR",Sigma RMS: Haar 1.3536%; one factor 1.3826%; three factors 1.3947%; five factors 1.3952%. Similar low-order frame potentials did not recover Haar performance.,Dense Haar statistically best; fast transform only fallback,CONTINUATION_REPORT.md,Scientific / recorded,Synthetic / mixed,Other,Prior catalog
V01,Official development,Control variate,Spherical Stein directional control variate,2.10x worse than baseline.,Failed,PUBLIC_POST.md,Closed,Official-like,Control variates,Prior catalog
V02,Official development,Control variate,"Degree-2 spherical harmonic control, theoretical coefficient",54x worse.,Failed,PUBLIC_POST.md,Closed,Official-like,Theory & proof,Prior catalog
V03,Official development,Control variate,Tempered degree-2 harmonic control,0.98x; statistically indistinguishable.,Neutral,PUBLIC_POST.md,Scientific / recorded,Official-like,Theory & proof,Prior catalog
V04,Official development,Control variate,"Quadratic controls, rank 16 and rank 32",1.011x and 1.029x; harmful.,Failed,PUBLIC_POST.md,Closed,Official-like,Control variates,Prior catalog
V05,Official development,Control variate,Cross-fitted layer-1 linear control,"Raw MSE ratio 0.93x, but cost about 3% of budget; net score wash.",Neutral after cost,PUBLIC_POST.md,Scientific / recorded,Official-like,Control variates,Prior catalog
V06,"Synthetic, oracle moments",Final integration,"Degree-1, degree-2, and degree-4 Hermite control variates","With 8,192 samples: sample mean 6.94e-7; degree 1: 1.13e-8 (61x); degree 2: 1.92e-8; degree 4: 4.39e-8. Degree 1 was best.",Huge oracle upper bound,Pasted text (4).txt,Scientific / recorded,Oracle / diagnostic,Control variates,Prior catalog
V07,Synthetic,Recursive estimator,Naive recursive linear mean control variate,Collapses algebraically back to the sample mean.,No independent benefit,Pasted text (4).txt,Scientific / recorded,Synthetic / mixed,Control variates,Prior catalog
V08,Synthetic,Recursive estimator,Exact layer 1 before recursive control variate,Final MSE 2.953e-6 → 2.864e-6; all-layer 6.012e-6 → 4.924e-6.,Small gain,Pasted text (4).txt,Scientific / recorded,Synthetic / mixed,Control variates,Prior catalog
V09,Synthetic,Structural closure,Conditional-Hermite structural closure,About 1.68x gain.,Modest positive,Pasted text (4).txt,Scientific / recorded,Synthetic / mixed,Other,Prior catalog
V10,Synthetic,Covariance correction,Radial covariance deconvolution,About 1.06x gain.,Tiny positive,Pasted text (4).txt,Scientific / recorded,Synthetic / mixed,Moment/cumulant closure,Prior catalog
V11,Synthetic,Multilevel estimation,Affine-tail multilevel Monte Carlo,First two networks predicted 1.9–3.5x efficiency; direct validation after training gave 1.26x vs ~2.7x predicted.,"Small real gain, model overoptimistic",Pasted text (4).txt,Scientific / recorded,Synthetic / mixed,Other,Prior catalog
V12,Oracle synthetic width 256,Local variance control variate,Linear surrogate g = diag(Phi(mu/sigma))(z-mu) with true surrogate variance,"6,000-sample sigma error fell from 2.07% to 0.65%; late layers reached roughly 0.42–0.45%.",Real oracle variance-reduction mechanism,CONTINUED_EXPERIMENT_REPORT.md,Scientific / recorded,Oracle / diagnostic,Control variates,Prior catalog
V13,Deployable synthetic width 256,Local variance control variate,Same local surrogate with analytically approximated surrogate variance,The surrogate variance was wrong by about 7%; reported error worsened from roughly 2.33% to 6.82%.,Failed because anchor expectation is inaccurate,CONTINUED_EXPERIMENT_REPORT.md,Closed,Synthetic / mixed,Control variates,Prior catalog
V14,Synthetic doubled-stream test,Local variance control variate,Estimate surrogate variance using an independent orthogonal or Kerdock stream,Reduced error only 13–16% while approximately doubling compute.,Score-negative,CONTINUED_EXPERIMENT_REPORT.md,Scientific / recorded,Synthetic / mixed,Control variates,Prior catalog
V15,Synthetic width 64 and 256,Recursive homogeneous residual estimator,"Recursive residual correction using Gaussian, Sobol, orthogonal, or Kerdock-subset directions","At width 64 structured directions helped strongly; at width 256 results were Gaussian 3.95e-6, Sobol 2.33e-6, orthogonal 4.42e-6, Kerdock subset 3.63e-6.","Some direct-QMC gain, not a competitive recursive correction",CONTINUED_EXPERIMENT_REPORT.md,Scientific / recorded,Synthetic / mixed,Learned white-box models,Prior catalog
V16,Synthetic width 256,Recursive covariance sketch,"Reduce recursive covariance correction from 6,000 rows to 128 rows",Predictions changed negligibly; estimated total compute fraction was about 10.4%.,"Useful implementation fact, insufficient accuracy",CONTINUED_EXPERIMENT_REPORT.md,Scientific / recorded,Synthetic / mixed,Moment/cumulant closure,Prior catalog
V17,Synthetic width 256; 21 networks,Recursive affine control variate,Affine Gaussian-sample recursive CV with 128-row covariance sketch,Final mean MSE 6.92e-6 -> 4.06e-6 (1.71x); 90% of networks improved; projected adjusted proxy 4.2e-7. Separate held-out blend gain was only about 1.22x.,Legitimate improvement but worse than Kerdock,CONTINUED_EXPERIMENT_REPORT.md,Scientific / recorded,Synthetic / mixed,Control variates,Prior catalog
V18,Algebraic identity + numerical validation,Recursive homogeneous control variate,Apply homogeneous recursive correction to full antipodal Kerdock design,Recursive and direct Kerdock predictions agreed to approximately 1e-12 because the homogeneous recursion telescopes.,Exact no-op; branch closed,CONTINUED_EXPERIMENT_REPORT.md,Closed,Synthetic / mixed,Control variates,Prior catalog
V19,Synthetic depth sweep,Hermite control variate,Exact degree-1 Hermite controls across layers,Helped early layers slightly but lost usefulness with depth.,Not a full-depth solution,CONTINUED_EXPERIMENT_REPORT.md,Scientific / recorded,Synthetic / mixed,Control variates,Prior catalog
V20,Synthetic paired point-count sweep,Final-output blending,"Blend direct radial pilot means with Edgeworth predictions from the same pilot at 512–4,096 points",Best scalar blends improved MSE by only about 0.01–0.14%; all paired intervals included no improvement.,Closed; errors too redundant,CONTINUATION_REPORT.md,Closed,Synthetic / mixed,Moment/cumulant closure,Prior catalog
V21,"Synthetic 6,144-point Haar; 20 train / 20 held-out networks",Final-output blending,"Direct Haar radial mean, fourth-order Edgeworth, tuned blend, and equal average","Held-out MSE: direct 6.93e-6; Edgeworth 7.70e-6; tuned blend 7.00e-6; average 7.13e-6. Direct/blend ratio 0.990, 95% CI [0.955, 1.025].",Direct/Edgeworth blend rejected,CONTINUATION_REPORT.md,Scientific / recorded,Full-width holdout,Moment/cumulant closure,Prior catalog
M01,Official-like benchmark,Moment propagation,Full Gaussian mean/covariance propagation,"Final MSE 6.19e-5, roughly 270x worse than strong sampling.",Failed baseline,PUBLIC_POST.md,Closed,Official-like,Moment/cumulant closure,Prior catalog
M02,Oracle,Moment propagation,Gaussian marginals with exact per-layer mean and covariance,"MSE 1.25e-6, around Monte Carlo parity.",Shows Gaussian marginal ceiling,PUBLIC_POST.md,Scientific / recorded,Oracle / diagnostic,Moment/cumulant closure,Prior catalog
M03,Oracle,Marginal approximation,Edgeworth with κ3,MSE 1.86e-7 vs Gaussian 1.25e-6.,Strong improvement,PUBLIC_POST.md,Scientific / recorded,Oracle / diagnostic,Moment/cumulant closure,Prior catalog
M04,Oracle,Marginal approximation,Edgeworth with κ3 and κ4,"MSE 3.84e-8, about 32x better than Gaussian oracle.",Best oracle marginal model,PUBLIC_POST.md,Scientific / recorded,Oracle / diagnostic,Moment/cumulant closure,Prior catalog
M05,Oracle,Marginal approximation,Edgeworth extended through κ5 and κ6,MSE worsened to 4.37e-8.,Higher order did not help,PUBLIC_POST.md,Scientific / recorded,Oracle / diagnostic,Moment/cumulant closure,Prior catalog
M06,Official-like,Hybrid moments,Propagate mean; sample sigma and cumulants,Measured MSE ~6.0e-6 vs 9.6e-6 predicted.,Failed to beat sampling,PUBLIC_POST.md,Closed,Official-like,Moment/cumulant closure,Prior catalog
M07,Official-like,Sigma sampling sweep,Replace propagated sigma with sampled sigma at 6k/25k/67k/400k samples,Sigma error 1.83%/0.89%/0.55%/0.22%; MSE 3.62e-6/1.10e-6/2.81e-7/1.48e-7. Best in-budget adjusted score still worse than cubature.,Characterized target; not competitive,STRATEGY(1).md,Scientific / recorded,Official-like,Moment/cumulant closure,Prior catalog
M08,Oracle injection,Precision requirement,Independent sigma-error injection across layers,Originally implied ~0.1% sigma accuracy; later shown too pessimistic because injected noise structure was unrealistic.,Superseded diagnostic,PUBLIC_POST.md; STRATEGY(1).md,Superseded,Oracle / diagnostic,Moment/cumulant closure,Prior catalog
M09,Oracle injection,Layer patching,"Exact covariance at six worst layers, 19 deep layers, or all layers",MSE: none 2.82e-5; six layers 9.23e-6; 19 layers 5.28e-6; all 32 layers 2.82e-7.,Local patches fail; errors reappear,STRATEGY(1).md,Scientific / recorded,Oracle / diagnostic,Moment/cumulant closure,Prior catalog
M10,Oracle injection,Mean vs sigma ablation,Supply exact means alone or exact means and sigmas from layers 5/25/31,From layer 25: mean only 1.29e-5 vs mean+sigma 3.08e-7; about 42x gap attributable to sigma over last eight layers.,Sigma was dominant in this architecture,STRATEGY(1).md,Scientific / recorded,Oracle / diagnostic,Moment/cumulant closure,Prior catalog
M11,Oracle injection,Neuron targeting,Exact sigma only for neurons with |μ/σ| below thresholds,τ=1 (32% neurons): 9.76e-6; τ=2 (54%): 8.48e-7; τ=3 (73%): 2.44e-7; all: 2.43e-7.,Need most neurons recursively,STRATEGY(1).md,Scientific / recorded,Oracle / diagnostic,Moment/cumulant closure,Prior catalog
M12,Held-out calibration,Sigma correction,"Per-layer and per-(layer, |t|) calibration","Per-(layer,|t|) held-out ratio 0.96x; earlier per-layer version much worse. No useful gain in tested calibration families.",Failed tested calibrations,STRATEGY(1).md,Closed,Full-width holdout,Moment/cumulant closure,Prior catalog
M13,Oracle / diagnostics,Rank analysis,Activation covariance effective-rank collapse,Effective rank fell from about 160–165 to 2.7–3 by depth 32.,Important structural diagnostic,PUBLIC_POST.md; Pasted text (2)(1).txt,Scientific / recorded,Oracle / diagnostic,Moment/cumulant closure,Prior catalog
M14,Oracle / diagnostics,Mixed cumulant rank,Low-rank approximation of third cumulant,"At layers 26/30, covariance rank ~3 but κ3 needed rank around 64 for small error; r=8 errors ~0.29, r=64 ~0.03–0.05.",Killed naive low-rank κ3 route,PUBLIC_POST.md,Scientific / recorded,Oracle / diagnostic,Moment/cumulant closure,Prior catalog
M15,Official-like,Particle representation,Rank truncation of activation batch,Rank 8 over only last four layers produced about 600x the noise target.,Failed catastrophically,PUBLIC_POST.md,Closed,Official-like,Particle compression,Prior catalog
M16,Official-like,Distribution handoff,"Fit a Gaussian at layer k, sample from it, then propagate exactly",About 5e-6 for every handoff layer k=2…28.,Failed; distortions amplified,PUBLIC_POST.md,Closed,Official-like,Other,Prior catalog
M17,Synthetic / rollout,Learned moment map,Teacher-forced learned closures vs free rollout,Free rollout was 16–21x worse than teacher-forced.,Failed due state/rollout mismatch,PUBLIC_POST.md,Closed,Synthetic / mixed,Moment/cumulant closure,Prior catalog
M18,Official-like,Edgeworth covariance,Correct covariance diagonal only,Sigma error 3.70% → 3.64%.,Failed; error mostly off-diagonal,PUBLIC_POST.md,Closed,Official-like,Moment/cumulant closure,Prior catalog
M19,Synthetic width 64,Spectral correction,Shrink dominant covariance eigenvalue by 7.5–10%,Reduced Gaussian-closure MSE roughly 2.3–2.5x across 32 networks.,Repeatable but far from competitive,Pasted text (3).txt,Scientific / recorded,Synthetic / mixed,Moment/cumulant closure,Prior catalog
M20,Synthetic,Hybrid covariance,Blend sampled moments/covariance with Gaussian closure,Did not beat direct sampling at equal sample count; another experiment improved 9.80% → 4.61% but remained worse than direct methods.,Failed as a competitive hybrid,Pasted text (3).txt; Pasted text (5).txt,Closed,Synthetic / mixed,Moment/cumulant closure,Prior catalog
M21,Synthetic oracle,Closure-error spectrum,Best rank-r approximation of covariance correction,At depth 32: rank 8/12/16/24/32 gave next-sigma error 1.06%/0.76%/0.50%/0.29%/0.22%.,Residual is compressible in oracle form,Pasted text (4).txt,Scientific / recorded,Oracle / diagnostic,Moment/cumulant closure,Prior catalog
M22,Synthetic pilot,Closure-error spectrum,"Estimate low-rank correction from 8,192 pilot samples",Stayed around 2.2% error despite oracle rank-16 reaching 0.5%.,Failed to identify subspace,Pasted text (4).txt,Closed,Synthetic / mixed,Other,Prior catalog
M23,Synthetic,Rare-switching hypothesis,Measure switching after apparent gate stabilization,"Median |μ/σ| ~3.31, but about 12.8 sign deviations/input and sensitivity-weighted switching around 30%.",Rare-switching expansion not justified,Pasted text (2)(1).txt,Scientific / recorded,Synthetic / mixed,Other,Prior catalog
M24,Synthetic,Pruning,"Classify neurons always-on/off from 1,200-input pilot","About 39% appeared stable, but some had true missed-switch probabilities ~0.4–0.46%.",Exact pruning unsafe,Pasted text (2)(1).txt,Scientific / recorded,Synthetic / mixed,Other,Prior catalog
M25,Analytic,Homotopy,Globally scale positive weights to simplify gates,Positive homogeneity leaves activation regions and standardized moments unchanged.,Dead analytically,Pasted text (2)(1).txt,Scientific / recorded,Proof / analytic,Other,Prior catalog
M26,Synthetic,Pair distribution model,Naive Gaussian mixture and Gaussian-copula models,Neither beat directly estimating the target moment from the same pilot samples.,Failed implementations,Pasted text (2)(1).txt,Closed,Synthetic / mixed,Other,Prior catalog
M27,Synthetic held-out,Learned pairwise correction,Universal symmetric bivariate residual model with oracle current moments,Held-out residual R² 0.85; residual RMSE improved 2.84x; one-step next-sigma 3.18% → 1.62%; width-256 check about 2x.,Strong one-step oracle result,Pasted text (2)(1).txt,Scientific / recorded,Full-width holdout,Moment/cumulant closure,Prior catalog
M28,Synthetic held-out,Learned pairwise correction,Extended model with accurate current-layer moments,"Next-sigma 2.93% → 0.75%; at width 256, 1.45% → 0.60%.",Near target with oracle moments,Pasted text (2)(1).txt,Scientific / recorded,Full-width holdout,Moment/cumulant closure,Prior catalog
M29,Synthetic held-out,Learned pairwise correction,"Same model using 900–1,200-sample pilot moments","900 samples: 3.69% vs direct empirical covariance 3.13%; width 256/1,200: 2.33% vs empirical 2.29%.",No deployment gain,Pasted text (2)(1).txt,Scientific / recorded,Full-width holdout,Moment/cumulant closure,Prior catalog
M30,Synthetic free rollout,Learned covariance recursion,Full recursive rollout,"Final sigma error 25.3% → 14.2%, but final mean MSE worsened 3.23e-4 → 1.11e-3.",Improves target but hurts final output,Pasted text (2)(1).txt,Scientific / recorded,Synthetic / mixed,Moment/cumulant closure,Prior catalog
M31,Synthetic free rollout,Mean/covariance ablation,Edgeworth mean alone; learned covariance with Gaussian mean; both together,Edgeworth mean alone: 3.23e-4 → 1.59e-4. Learned covariance + Gaussian mean: 2.57e-4. Full combination failed.,Components individually help; inconsistent jointly,Pasted text (2)(1).txt,Scientific / recorded,Synthetic / mixed,Moment/cumulant closure,Prior catalog
M32,Synthetic free rollout,Damping,Scale Edgeworth mean correction on top of learned covariance,25% roughly neutral; 50% already worse.,Did not resolve inconsistency,Pasted text (2)(1).txt,Scientific / recorded,Synthetic / mixed,Moment/cumulant closure,Prior catalog
M33,Synthetic scaling,Pilot denoising,Increase pilot size and train residual denoiser,"Model fit R² ~0.98, but learned all-pairs covariance was worse than empirical at every sample size; at 4,800, empirical 2.17% vs learned 3.87%.",Failed,Pasted text (2)(1).txt,Closed,Synthetic / mixed,Learned white-box models,Prior catalog
M34,Synthetic,Direct downstream training / shrinkage,Optimize correction for downstream sigma and shrink toward empirical covariance,Optimal solution was effectively 100% empirical covariance.,No learned advantage,Pasted text (2)(1).txt,Scientific / recorded,Synthetic / mixed,Moment/cumulant closure,Prior catalog
M35,Synthetic held-out,Pairwise closure,"O(n²) closure using c21, c31, c22, correlation, skew, kurtosis","Gaussian map 9.80%; accurate moments 1.48%; moments from 1,000 samples 2.41%; transfer retained ~3.0–3.7x improvement on deeper/wider networks.",Promising synthetic local law,Pasted text (5).txt,Scientific / recorded,Full-width holdout,Other,Prior catalog
M36,Held-out,Cheap residual learning,Per-neuron EMP residual regression on local features,Train R² 0.177; held-out R² −0.118.,Failed / overfit,STRATEGY(1).md,Closed,Full-width holdout,Learned white-box models,Prior catalog
M37,Synthetic,Linear residual control variate for covariance,Decompose ReLU residual around D(z−μ) and sample only nonlinear residual,"Width 64/depth 32: Gaussian 4.32%; direct sample 8,192: 0.886%; CV 4,096: 0.441%; CV 8,192: 0.290%; cross-fit 0.304%; oracle regression 0.159%.","Excellent synthetic result, not validated at target scale",Pasted text (4).txt,Scientific / recorded,Synthetic / mixed,Control variates,Prior catalog
M38,Synthetic,Factor model,Low-rank factors plus diagonal particle/covariance model,Failed badly / poor reconstruction.,Failed,Pasted text (4).txt; Pasted text (5).txt,Closed,Synthetic / mixed,Particle compression,Prior catalog
M39,Synthetic / diagnostics,Sensitivity modes,Jacobian and actual error-impact spectra,90% of Jacobian energy in 11 modes; 90% of actual sigma-error impact in 6 modes.,Useful compression clue,Pasted text (5).txt,Scientific / recorded,Synthetic / mixed,Control variates,Prior catalog
M40,Synthetic width 256; oracle pair moments,Explicit bivariate Edgeworth closure,"Third- and fourth-order pair correction using c21, c31, c22 and marginal cumulants",Gaussian next-variance relative RMS 2.564%; third order 1.009%; third+fourth order 0.288%.,Strong one-step mathematical result,CONTINUED_EXPERIMENT_REPORT.md,Scientific / recorded,Oracle / diagnostic,Moment/cumulant closure,Prior catalog
M41,Synthetic sampled higher moments with oracle first/second moments,Edgeworth moment sampling,Sample-count sweep for pairwise higher moments,"Layer-31 relative RMS: 1.381% at 1,500; 1.008% at 3,000; 0.779% at 6,000; 0.632% at 12,000; 0.552% at 24,000; 0.516% at 48,000.",Higher moments are estimable but expensive,CONTINUED_EXPERIMENT_REPORT.md,Scientific / recorded,Oracle / diagnostic,Moment/cumulant closure,Prior catalog
M42,"Fully deployable synthetic 6,000-sample moments",Edgeworth covariance closure,"Estimate first, second, and higher pair moments from the same pilot",Performance became roughly tied with directly sampled sigma at about 1.8–2.4%; the earlier ~0.9% result relied on oracle first/second moments.,No deployable advantage,CONTINUED_EXPERIMENT_REPORT.md,Scientific / recorded,Synthetic / mixed,Moment/cumulant closure,Prior catalog
M43,Synthetic depth ablation,Higher Edgeworth terms,Add the formal kappa3-squared term,Improved early layers but worsened deep-layer errors by roughly 14–48%.,Asymptotic series should be truncated,CONTINUED_EXPERIMENT_REPORT.md,Scientific / recorded,Synthetic / mixed,Moment/cumulant closure,Prior catalog
M44,Synthetic self-consistent width-64 rollout,Edgeworth rollout stability,Damp oracle and sampled covariance corrections during recursive rollout,"Gaussian final MSE 8.52e-5; oracle strengths 0.25 and 0.50 gave 6.53e-5 and 3.92e-5; 0.75 was unstable; 6,000-sample correction was unstable even at low strengths.",One-step accuracy is insufficient; stability unresolved,CONTINUED_EXPERIMENT_REPORT.md,Scientific / recorded,Synthetic / mixed,Moment/cumulant closure,Prior catalog
M45,"Synthetic width 256; 6,000 samples",Covariance shrinkage,Raw sample covariance versus Ledoit–Wolf and OAS,"Quadratic-form errors 2.1096%, 2.1089%, and 2.1082%, respectively.",No meaningful gain,CONTINUED_EXPERIMENT_REPORT.md,Scientific / recorded,Synthetic / mixed,Moment/cumulant closure,Prior catalog
M46,Oracle synthetic width 256,Covariance compression,Replace/correct top sample-eigenvector blocks of size 8–128,Errors: top 8 1.605%; 16 1.369%; 32 1.058%; 64 0.736%; 128 0.371%.,Relevant covariance defect remains high-dimensional,CONTINUED_EXPERIMENT_REPORT.md,Scientific / recorded,Oracle / diagnostic,Particle compression,Prior catalog
M47,Synthetic held-out learning,Pairwise denoising,Learn pair residuals with ordinary pairwise loss,"Held-out pair residual R2 about 0.91, but contracted next-variance error worsened to 4.68% versus 2.19% for direct sampled covariance.",Pairwise RMSE/R2 is the wrong objective,CONTINUED_EXPERIMENT_REPORT.md,Scientific / recorded,Full-width holdout,Learned white-box models,Prior catalog
M48,Synthetic,Mehler/Hermite covariance closure,Naive empirical Mehler and Hermite expansions at increasing order,Became unstable at moderate order and worsened deep-layer errors.,Failed in naive form,CONTINUED_EXPERIMENT_REPORT.md,Closed,Synthetic / mixed,Moment/cumulant closure,Prior catalog
M49,Synthetic width 256,Edgeworth component shrinkage,Term-wise shrinkage of noisy Edgeworth corrections,Improved error by only about 4%.,Too small,CONTINUED_EXPERIMENT_REPORT.md,Scientific / recorded,Synthetic / mixed,Moment/cumulant closure,Prior catalog
M50,Synthetic structured sampling,Higher-moment estimation,"Use structured directions for centered M21, M22, and M31 estimates",Did not improve consistently; cancellation dominated the estimates.,No reliable gain,CONTINUED_EXPERIMENT_REPORT.md,Scientific / recorded,Synthetic / mixed,Moment/cumulant closure,Prior catalog
M51,Official Mini records; 20 fit / 20 test,Output calibration,Fit a global quadratic/calibration direction on official records,Gained 2.2% in-sample but worsened the untouched records; held-out gain about 0.996x.,Does not generalize,CONTINUED_EXPERIMENT_REPORT.md,Scientific / recorded,Official-like,Control variates,Prior catalog
M52,Synthetic cross-width held-out learning,Learned bivariate correction,Universal extra-trees and histogram-gradient-boosting pair-residual models,Extra-trees pair R2 0.561 and next-sigma RMS 1.782%; HGB R2 0.746 and 1.699%; direct empirical covariance achieved 1.459%.,"Residual is learnable, but model loses downstream",CONTINUATION_REPORT.md,Scientific / recorded,Full-width holdout,Learned white-box models,Prior catalog
M53,Synthetic width 256; pilot-aware held-out learning,Learned bivariate correction,Allow model to see empirical pilot ReLU residual features,"Pair residual R2 reached 0.904 and next-sigma RMS 1.467%, still slightly worse than direct empirical covariance at 1.459%.",High pair accuracy still not operationally useful,CONTINUATION_REPORT.md,Scientific / recorded,Full-width holdout,Learned white-box models,Prior catalog
M54,Synthetic held-out tuning,Covariance blending,Blend empirical covariance with learned pair correction,Chosen beta was 0.05 for universal models and 0.575 for pilot-aware model; best apparent gain was below 0.03% relative and within uncertainty.,Closed for current models/features,CONTINUATION_REPORT.md,Closed,Full-width holdout,Moment/cumulant closure,Prior catalog
M55,Reduced-width full-rollout ablation,Recursive compatibility,Combine learned covariance and Edgeworth mean corrections separately and jointly,"Learned covariance reduced final sigma error about 25.3% -> 14.2%; each component helped with the other Gaussian, but applying both at full strength worsened final mean MSE.",Approximate mean and covariance states are mutually inconsistent,CONTINUATION_REPORT.md,Scientific / recorded,Synthetic / mixed,Moment/cumulant closure,Prior catalog
M56,Synthetic sensitivity audit,Rare-switching follow-up,Measure modal-sign deviations and sensitivity-weighted switching,"Sensitivity-weighted switching remained around 30%, despite large median |mu/sigma| in deep layers.",Global rare-switch expansion closed,CONTINUATION_REPORT.md,Closed,Synthetic / mixed,Other,Prior catalog
M57,Synthetic larger-sample audit,Pruning follow-up,Validate neurons labeled always-on/off by a finite pilot,Some candidates had true switching probabilities around 0.4–0.46 under larger samples.,Pilot-only exact pruning unsafe,CONTINUATION_REPORT.md,Scientific / recorded,Synthetic / mixed,Other,Prior catalog
M58,Analytic identity,Weight-scale homotopy,Scale every layer by positive global factors,Activation regions and standardized moments are unchanged; activations only receive deterministic scale powers.,Closed analytically,CONTINUATION_REPORT.md,Closed,Proof / analytic,Other,Prior catalog
M59,Synthetic pair-model follow-up,Pair distribution models,Naive Gaussian-mixture and Gaussian-copula pair estimators,Did not beat direct empirical pair moments at matched samples.,Closed in tested forms,CONTINUATION_REPORT.md,Closed,Synthetic / mixed,Other,Prior catalog
M60,Synthetic held-out learning,Direct quadratic-form correction,Models trained on next-layer variance corrections and analytic/empirical covariance shrinkage,Held-out models selected almost entirely empirical covariance and produced no material improvement.,Closed for current feature/model classes,CONTINUATION_REPORT.md,Closed,Full-width holdout,Control variates,Prior catalog
A01,Local full 31-layer forward,Arithmetic,Dense Kerdock propagation,~268.4B analytical FLOPs.,Reference implementation,PUBLIC_POST.md,Scientific / recorded,Synthetic / mixed,Suffix compilation & arithmetic,Prior catalog
A02,Local full 31-layer forward,Arithmetic,Three-level batched Strassen,~211.1B analytical FLOPs; projected local adjusted score ~1.79e-7.,Large counted-FLOP improvement,PUBLIC_POST.md,Scientific / recorded,Synthetic / mixed,Suffix compilation & arithmetic,Prior catalog
A03,Local analytical,Arithmetic,Three-level Winograd variant,~208.0B projected; projected score ~1.75e-7.,Slight theoretical improvement over Strassen,STRATEGY(1).md,Scientific / recorded,Proof / analytic,Suffix compilation & arithmetic,Prior catalog
A04,Official graded,Implementation,First Strassen submission,Timed out / failed all MLPs because implementation overhead exceeded guard.,Failed operationally,PUBLIC_POST.md,Closed,Official-like,Other,Prior catalog
A05,Local and official graded,Implementation,Replace einsum with fnp.matmul and improve batching,Matmul measured ~69x faster; local runtime 18.75s → 5.28s. Graded score 2.39e-7 because residual wall-clock erased projected benefit.,"Engineering improvement, score gain lost",PUBLIC_POST.md,Scientific / recorded,Official-like,Other,Prior catalog
A06,Local grader,Implementation,Assembly-free / persistent-layout Kerdock-Winograd kernel,"170.91B tracked, 175.52B effective, multiplier 0.6453, no failures; one-network adjusted result ~1.12e-7. Not validated over full official suite in supplied logs.",Strongest local compute result,Pasted text(7).txt; Pasted text(10).txt,Leading / active,Synthetic / mixed,Suffix compilation & arithmetic,Prior catalog
A07,Local,Implementation,Quadtree assembly-free transform,Reduced billed work by ~2.8%; persistent layout retained.,Small positive,Pasted text(7).txt,Scientific / recorded,Synthetic / mixed,Other,Prior catalog
A08,Local,Matrix factorization,Five-coordinate rank-7 factorization,Reduced additions but wall-clock/materialization overhead was worse.,Rejected,Pasted text(7).txt,Scientific / recorded,Synthetic / mixed,Other,Prior catalog
A09,Local,Matrix multiplication,Alternative-basis Strassen construction,"Algebraically worked, but finite-size arithmetic cost was worse than Winograd.",Rejected,Pasted text(7).txt,Scientific / recorded,Synthetic / mixed,Static/structured sampling,Prior catalog
A10,Local numerical validation,Bivariate Gaussian integral,"Drezner–Wesolowsky integral after r=sin(theta), 8-node quadrature",Matched Cho–Saul arc-cosine kernel to ~1.1e-16.,Successful numerical primitive,PUBLIC_POST.md,Scientific / recorded,Synthetic / mixed,Other,Prior catalog
A11,Analytical FLOP proxy; grader validation pending,Moment-pilot budget sizing,"Complete Haar bases at 10, 11, 12, and 13 bases","5,120 points 7.880%; 5,632 8.668%; 6,144 9.456%; 6,656 10.244% of budget from sample-forward FLOPs alone. Excludes moment operations and residual wall time.","Start with 5,632; validate actual accounting",CONTINUATION_REPORT.md; RECOMMENDED_NEXT_ESTIMATOR.md,Scientific / recorded,Proof / analytic,Moment/cumulant closure,Prior catalog
T01,Numerical theory audit,Harmonic spectrum,Compose infinite-width ReLU dual kernel and expand in Gegenbauer harmonics,"At d=256/depth32, ~39.8% of nonconstant variance above degree 12; heavy tail robust.",Core theoretical model,Pasted text (7).txt,Scientific / recorded,Synthetic / mixed,Theory & proof,Prior catalog
T02,Numerical theory audit,Kerdock frame potentials,Closed-form harmonic potentials from Kerdock/MUB inner products,Exact cancellation through degree 5; N·P6=2.062035; limiting-kernel MSE 2.43366e-7; gain 1.572x vs IID.,Successful / central result,Pasted text (7).txt,Scientific / recorded,Synthetic / mixed,Theory & proof,Prior catalog
T03,Official-development validation,Parameter-free prediction,Predict Kerdock-vs-Sobol gain from spectrum and point geometry,Predicted 1.4972x; measured 1.4855x; 0.78% discrepancy. Absolute Kerdock prediction within ~5%.,Strong validation,PUBLIC_POST.md,Scientific / recorded,Official-like,Static/structured sampling,Prior catalog
T04,Numerical stability audit,Spectrum evaluation,Monomial-to-Gegenbauer recurrence and truncation convergence,"Harmonic reconstruction at truncation 4,096 agreed with direct kernel evaluation to 0.071%; avoided negative-variance cancellation.",Successful,PUBLIC_POST.md; Pasted text (7).txt,Scientific / recorded,Synthetic / mixed,Other,Prior catalog
T05,Analytic / numerical,Fixed-node weighting,Optimize weights over the 129 Kerdock bases and competing configurations,Uniform Kerdock/MUB weights remained optimal for fixed support/family; unequal basis weighting did not help.,Closed within tested family,PUBLIC_POST.md; Pasted text (7).txt,Closed,Proof / analytic,Static/structured sampling,Prior catalog
T06,Low-dimensional numerical search,Global geometry,d=4 MUB perturbations and random searches,"224,000 tangent perturbations, 4,000 random configurations, and 6,000 orthogonal-basis searches initially found nothing better; closest alternatives ≥11% worse.","Strong local evidence, later superseded globally",Pasted text (7).txt,Superseded,Synthetic / mixed,Other,Prior catalog
T07,Low-dimensional numerical search,Global geometry,"d=16, N=288 comparison",Median limiting-kernel MSE: MUB 5.3e-5; random orthogonal 6.4e-5; Sobol 7.1e-5; IID antipodal 8.2e-5; optimized random orthogonal still 21.7% worse.,Strong evidence for MUB,Pasted text (7).txt,Scientific / recorded,Synthetic / mixed,Other,Prior catalog
T08,Finite-width analysis,Kernel approximation,First-order finite-width correction and direct finite-network tests,Correction helped shallow networks but sometimes failed badly at depth; finite-width effects were nonuniform.,Infinite-width model not exact at width 256,Pasted text (7).txt,Scientific / recorded,Synthetic / mixed,Other,Prior catalog
T09,Numerical optimization bound,Kernel-energy lower bound,"Delsarte-style auxiliary polynomial at d=256/depth32/N=66,048",Kerdock 2.433660e-7 vs numerical lower bound 2.428983e-7: within ~0.192% of optimal among nonnegative-weight rules. Lacks interval-certified continuum proof. This first bound was later tightened to a 0.02337% maximum gap.,Superseded by T13 tightened certificate,Pasted text (7).txt; EXPERIMENT_REPORT_V3.md,Superseded,Synthetic / mixed,Theory & proof,Prior catalog
T10,Low-dimensional counterexample,Kernel-energy optimization,"Explicit d=4, 24-point configurations optimized against deep-ReLU kernel","Relative to MUB: 0.96353 at depth4, 0.99873 at depth16, 0.99983 at depth32; finite-width confirmation at widths 64/256 with paired z≈−5.0/−9.7.",Disproves exact global optimality from design exactness,Pasted text (7).txt,Scientific / recorded,Synthetic / mixed,Theory & proof,Prior catalog
T11,Differential geometry audit,Local optimality,Complete Riemannian Hessian at d=4 MUB,Depths 1–64: exactly six rotational zero modes and all other eigenvalues positive; depth32 smallest nonrotational eigenvalue 1.96e-5.,Strict antipodal local minimum,Pasted text (7).txt,Scientific / recorded,Synthetic / mixed,Other,Prior catalog
T12,Finite-width numerical audit,Resolve sub-percent target differences,"Coupled finite-width simulation, common randomness, Sobol QMC innovations, first-order 1/width corrections",Target difference remained too noisy; first-order correction unreliable at large depth.,Open / inconclusive,Pasted text (7).txt,Scientific / recorded,Synthetic / mixed,Other,Prior catalog
T13,Rigorous computer-assisted proof,Tight kernel-energy certificate,"KKT-tightened degree-5 Delsarte auxiliary polynomial at d=256, depth32, N=66,048","Final V5 package certifies 1 <= Kerdock/optimum <= 1.0002336550102949. Relative excess is therefore in [0, 0.02336550102949%] for the stated infinite-width, network-independent, nonnegative-weight estimator class.",Theorem complete within explicit scope; static positive-weight cubature is effectively closed.,"V5 proof package and clean-room audit, 2026-07-28",Theorem complete,Proof / analytic,Theory & proof,Latest multi-agent update
T14,High-precision dimension sweep,Kernel-energy certificate scaling,"Apply tightened auxiliary bound at d=4, d=16, and d=256","Maximum possible improvements over MUB: 0.8757%, 0.2764%, and 0.02337%, respectively.",Explains rapid high-dimensional near-optimality,EXPERIMENT_REPORT_V3.md,Scientific / recorded,Synthetic / mixed,Theory & proof,Prior catalog
T15,100-digit numerical certificate,Continuum inequality audit,Isolate and evaluate all stationary points of h(t)-K32(t),"Exactly five isolated stationary points, bracketed below 7e-61; largest upper value <= -1.00479e-13. Coefficient rounding remained safe.","Strong computer-assisted evidence, not formally directed-rounded",EXPERIMENT_REPORT_V3.md,Scientific / recorded,Synthetic / mixed,Moment/cumulant closure,Prior catalog
T16,High-degree numerical dual audit,Auxiliary-LP optimality,"Check dual reduced costs for harmonic degrees 6 through 1,000,000",All were nonpositive; closest unused degree was 7 at -2.5050045e-7; high degrees approached -1/N.,Strong evidence degree-5 certificate is LP-optimal; analytic tail pending,EXPERIMENT_REPORT_V3.md,Open / pending,Synthetic / mixed,Theory & proof,Prior catalog
T17,Symbolic/numerical feasibility audit,Exact-contact certificate,Force a degree-5 auxiliary polynomial to touch Kerdock inner products -1 and ±1/16,"Nonnegative Gegenbauer coefficients require parameter >= 0.00069297, while pointwise lower-bound validity requires <= -0.02387692; intervals are incompatible.",Exact degree-5 Kerdock-contact proof impossible,EXPERIMENT_REPORT_V3.md,Scientific / recorded,Synthetic / mixed,Theory & proof,Prior catalog
T18,Explicit d=16 construction + adversarial optimization,Intermediate-dimensional MUB search,"Construct nine real MUBs / 288 antipodal nodes and optimize bases, lines, non-antipodal nodes, homotopies, and twists",Explicit and pair-count MSE agreed to 1.11e-16; uniform weights were optimal on support; broad searches found no better rule.,"Strong stress test, not global proof",EXPERIMENT_REPORT_V3.md,Scientific / recorded,Synthetic / mixed,Other,Prior catalog
T19,Low-dimensional signed-weight search,Signed-weight loophole,"10,000 random d=4 rules and 16 joint node/weight optimizations",255 random rules used negative weights; the best was at least 1.508x MUB. Joint optimizations converged to positive nearly uniform weights; best 0.0172% improvement used positive weights.,No practical signed-weight evidence; theorem loophole remains,EXPERIMENT_REPORT_V3.md,Scientific / recorded,Synthetic / mixed,Other,Prior catalog
T20,Approximate finite-width theory,Finite-width CLT-state recursion,"Three-dimensional covariance-state propagation across widths 128–1,024","Estimated finite/infinite MSE multipliers: 1.196, 1.137, 1.123, 1.078, 1.065, 1.032; width256 16-scramble mean multiplier 1.12254.","Plausible 9–12% correction, not theorem",EXPERIMENT_REPORT_V3.md,Scientific / recorded,Synthetic / mixed,Moment/cumulant closure,Prior catalog
T21,Finite-width direct validation,Finite-width kernel audit,"20,000-sample neuron Markov checks plus full d=4/d=16 network tests","CLT-state kernel predictions improved tested individual correlations, but on 1,000 d=4 networks infinite-width and first-order predictions were excellent while CLT-state was about 4% high; d=16 was too noisy.",Exact d=256 finite-width correction unresolved,EXPERIMENT_REPORT_V3.md,Scientific / recorded,Synthetic / mixed,Other,Prior catalog
C38,Exact construction audit + 32 synthetic networks,Kerdock implementation,Independent finite-field construction of the complete dimension-256 real MUB/Kerdock rule,"Validated 128 alternating binary 8x8 matrices; every nonzero difference had GF(2) rank 8; 128 Hadamard bases plus the standard basis; cross-basis |inner product| exactly 1/16; 66,048 antipodal points.",Construction independently validated,EXPERIMENT_REPORT(2).md,Scientific / recorded,Synthetic / mixed,Static/structured sampling,Prior catalog
C39,32 architecture-matched synthetic networks,Partial Kerdock stopping,"Randomly stop after 8, 13, 32, or 64 complete Kerdock bases instead of all 129","Once the 0.1 multiplier floor was reached, the score proxy was nearly flat; none beat the complete rule reliably.",Closed; keep full rule,EXPERIMENT_REPORT(2).md,Closed,Synthetic / mixed,Static/structured sampling,Prior catalog
C40,Bidirectional held-out cross-validation,Kerdock aggregation,"Coordinate trimming, mean/median blends, early-layer deviation weighting, and standard-basis reweighting",Best median blend gained below 1%; aggressive aggregation failed out of sample.,Equal weighting remains default,EXPERIMENT_REPORT(2).md,Scientific / recorded,Full-width holdout,Static/structured sampling,Prior catalog
C41,Discovery plus untouched 16-network holdout,Adaptive basis selection,Early-layer greedy herding of Kerdock bases to match the full-design mean,A 48-basis layer-1 rule looked 12.7% better in discovery but was slightly worse on holdout; score-gain estimate 0.986x with wide interval.,Selection leakage; closed,EXPERIMENT_REPORT(2).md,Closed,Full-width holdout,Static/structured sampling,Prior catalog
C42,"16 synthetic networks, six complete rotations",Rotation selection,Choose among Kerdock rotations using exact layer-1 mean/covariance diagnostics,"Oracle best-of-six gap was 1.79x, but all cheap predictors had approximately zero Spearman correlation with final quality.",Real inaccessible oracle gap; no deployable selector,EXPERIMENT_REPORT(2).md,Scientific / recorded,Synthetic / mixed,Moment/cumulant closure,Prior catalog
C43,"Discovery, validation, and final 16-network holdout",Antipodal reduction,Evaluate one network-adaptively selected sign per Kerdock line,Looked 10–15% better initially; final holdout score gain was 0.883x and all-32 result 0.996x before selection overhead.,Rejected,EXPERIMENT_REPORT(2).md,Scientific / recorded,Full-width holdout,Static/structured sampling,Prior catalog
C44,"Prospective 16-network holdout at 4,096 directions",Small-budget hybrid sampling,Blend a small structured sampler with a corrected Gaussian analytic anchor,Fixed blend improved MSE from 6.17e-6 to 4.81e-6 (28.2%); target-free split-noise blend improved about 16.6%.,Useful only for cheap/partial estimators; too costly atop full Kerdock,EXPERIMENT_REPORT(2).md,Scientific / recorded,Full-width holdout,Static/structured sampling,Prior catalog
C45,Kernel audit and holdout analysis,Rotated Kerdock augmentation,"Reassess 90,624-row and 78,336-row rotated-basis pilots using ensemble kernel error-cost","Predicted error-cost ratios were 1.229 and 1.091; single additions, swaps, and convex reweighting did not improve.",Rotated-pilot branch rejected,arc_experiment_report.md,Scientific / recorded,Full-width holdout,Static/structured sampling,Prior catalog
C46,8-network development + 8-network strict holdout,Intermediate particle thinning,Morton-group actual-particle thinning after layer 24 with positive reweighting to match 128 prefix features,Development projected 0.873x score; strict holdout reversed to 1.069x. Weights stayed positive and well conditioned.,Selector failed; real-particle recombination remains mechanistically informative,arc_experiment_report.md,Closed,Full-width holdout,Particle compression,Prior catalog
C47,Five full-width synthetic networks,Network-adaptive anchor coreset,"Propagate full Kerdock to layer 28, retain 8,192 rows, and reweight to match anchor means","Reduced compression error roughly 40–170x versus ordinary subset thinning; cost ratio 0.8983, but added MSE 1.15e-7 versus break-even 2.26e-8.","Real effect, still 5.1x short of score break-even",ARC_NEW_PATHS_REPORT_20260728.md,Scientific / recorded,Full-width holdout,Particle compression,Prior catalog
C48,Full-width synthetic screening,Kink-aware coreset,Add 64 first-tail kink-neuron activation features to anchor-mean coreset weighting,"Improved over mean-only weighting while retaining stable near-uniform weights, but remained far above break-even error.",Only coreset refinement worth bounded follow-up,ARC_NEW_PATHS_REPORT_20260728.md,Scientific / recorded,Full-width holdout,Particle compression,Prior catalog
C49,Full-size synthetic,Particle compression,Tangent/JVP grouping of nearby particles through a shared suffix linearization,"Produced approximately 9,000–16,000x worse error-cost.",Catastrophic; closed,arc_experiment_report_round2.md,Closed,Synthetic / mixed,Particle compression,Prior catalog
C50,Full-size synthetic,Kernel particle thinning,Remaining-depth ReLU-kernel Nyström representation and thinning,Suffix-kernel effective rank collapsed to about 1.001 and did not support accurate nonlinear tail compression.,Closed in tested form,arc_experiment_report_round2.md,Closed,Synthetic / mixed,Particle compression,Prior catalog
C51,Development plus frozen seeds,Balanced thinning,Vector-balanced actual-particle thinning,Strong single-network cancellation reversed on frozen networks.,Failed holdout,arc_experiment_report_round2.md,Closed,Synthetic / mixed,Particle compression,Prior catalog
C52,Full-size synthetic,Tail pilot design,Extreme-enriched pilot for detecting rare final-layer switching,Safe but detected too many low-impact events and spent more compute than it saved.,Inferior; closed,arc_experiment_report_round2.md,Closed,Synthetic / mixed,Other,Prior catalog
C53,Full-size synthetic,Tiered suffix sampling,"Three-tier sampled-tail estimator for stable, borderline, and switching outputs",Genuinely switching outputs still required exact propagation; no score gain.,Closed,arc_experiment_report_round2.md,Closed,Synthetic / mixed,Suffix compilation & arithmetic,Prior catalog
V22,"Two independent width-256 batches, 8 networks",Exact-mean layer-1 control,Low-rank final-output PCA/ridge control using exact fixed-radius mean of layer-1 activations,"With 2,048 fitting trajectories, gross gain 1.2302x and net gain 1.1920x; 8/8 networks improved.",Strong synthetic candidate; official/Kerdock validation required,EXPERIMENT_SUMMARY_V2.md,Scientific / recorded,Full-width holdout,Control variates,Prior catalog
V23,Matched width-256 training-size sweep,Exact-mean layer-1 control,"Vary fitting trajectories from 512 to 4,096 and control rank/ridge","Best matched net gain was 1.2329x at 2,048 trajectories; 4,096 improved gross fit but lost more production directions.","2,048 was best reserved-sample point in tested sweep",EXPERIMENT_SUMMARY_V2.md,Scientific / recorded,Full-width holdout,Control variates,Prior catalog
V24,Eight width-256 networks,Soft-Jacobian control,Training-free expected-gate Jacobian from layer 1 to final layer with universal scale 1.25,8/8 improved; mean gross gain 1.1978x. Pilot-estimated-gate deployable version projected roughly 1.14–1.16x net.,"Robust mechanistic control, weaker than fitted low-rank control",EXPERIMENT_SUMMARY_V2.md,Scientific / recorded,Full-width holdout,Control variates,Prior catalog
V25,Large-point width-64 validation; width-256 unresolved,Cross-fitted layer-1 control,Four-fold antipodal-pair-preserving cross-fitting without discarding production directions,Mean MSE improvement 1.244x at width 64; width-256 fold mode instability remained unresolved.,Promising but not target-scale validated,EXPERIMENT_SUMMARY_V2.md,Scientific / recorded,Full-width holdout,Control variates,Prior catalog
V26,Synthetic width 256,Layer-1 nonlinear controls,Add exact quadratic cross-products of dominant layer-1 covariance modes,Gain changed only from about 1.206x to 1.207x.,Negligible; closed,EXPERIMENT_SUMMARY_V2.md,Closed,Synthetic / mixed,Control variates,Prior catalog
V27,Synthetic width 256,Pair-specific exact-mean controls,Regress antipodal pair averages on centered powers |h1| through degree 4,Reached only about 1.125x net.,Inferior to basic low-rank layer-1 control,EXPERIMENT_SUMMARY_V2.md,Scientific / recorded,Synthetic / mixed,Control variates,Prior catalog
V28,Synthetic width 256,Deeper multifidelity controls,Estimate layer-2/4/8 surrogate means with many shallow trajectories,Best deeper result roughly 1.087x net versus about 1.202x for exact layer 1.,Deeper surrogate means cost more than they save,EXPERIMENT_SUMMARY_V2.md,Scientific / recorded,Synthetic / mixed,Control variates,Prior catalog
V29,Synthetic width 256,Nonlinear random-feature controls,"ReLU, tanh, and cosine shallow features with sampled feature means",Best net gain only 1.029x.,Closed,EXPERIMENT_SUMMARY_V2.md,Closed,Synthetic / mixed,Control variates,Prior catalog
V30,Synthetic width 256,Output-mode selection,Choose regression modes by predictable variance instead of final-output PCA,Best net result about 1.135x; ordinary dominant output modes were better.,Alternative mode objective rejected,EXPERIMENT_SUMMARY_V2.md,Scientific / recorded,Synthetic / mixed,Other,Prior catalog
V31,Synthetic width 256,Composite controls,Combine empirical Jacobian control with a learned residual,"Best matched result about 1.169x net, below strongest exact-mean layer-1 control.",Small composition gain only,EXPERIMENT_SUMMARY_V2.md,Scientific / recorded,Synthetic / mixed,Control variates,Prior catalog
V32,Synthetic width 256,Pathwise Jacobian control,Rank-2 average true pathwise backpropagated Jacobian using 512 pilot directions,"Approximately 1.24x gross and 1.21x net, outperforming a larger ridge-control pilot.",Promising derivative-enhanced control,"User-provided AI run summary, 2026-07-28",Scientific / recorded,Synthetic / mixed,Control variates,Prior catalog
V33,Six fresh width-256 networks,Pathwise Jacobian validation,Frozen average-Jacobian control on independent networks,About 1.25x gross and 1.23x net; 6/6 networks improved.,Replicated on fresh synthetic networks,"User-provided AI run summary, 2026-07-28",Scientific / recorded,Full-width holdout,Control variates,Prior catalog
V34,Cross-validated synthetic,Jacobian residual fitting,Fit a small residual correction around the mechanistic pathwise-Jacobian prior,With 128 pilot pairs the correction collapsed back to the prior.,Residual not learnable at tested pilot size,"User-provided AI run summary, 2026-07-28",Scientific / recorded,Synthetic / mixed,Control variates,Prior catalog
V35,Synthetic width 256,Exact-mean nonlinear controls,Random one-hidden-layer ReLU features on original input with analytic Gaussian means,Diluted the useful layer-1 basis and reduced performance.,Failed,"User-provided AI run summary, 2026-07-28",Closed,Synthetic / mixed,Control variates,Prior catalog
V36,Synthetic width 256,Gradient-direction controls,Use network-local input-gradient directions as exact-mean |u^T x| ridge features,Local kink directions did not form a useful shallow dictionary.,Failed,"User-provided AI run summary, 2026-07-28",Closed,Synthetic / mixed,Control variates,Prior catalog
V37,Synthetic width 256,Intermediate path-gradient multifidelity,Attach pathwise derivative controls at multiple intermediate depths and estimate their shallow means,Deeper controls explained more variance but mean-estimation cost exceeded savings.,Closed,"User-provided AI run summary, 2026-07-28",Closed,Synthetic / mixed,Control variates,Prior catalog
V38,Oracle mode diagnostic,Pathwise Jacobian mode selection,Replace pilot PCA output modes with oracle output modes,Improved the control by less than 0.2%.,Pilot PCA is not the bottleneck,"User-provided AI run summary, 2026-07-28",Scientific / recorded,Oracle / diagnostic,Control variates,Prior catalog
V39,Synthetic paired comparison,Jacobian pilot design,Estimate average Jacobian with scrambled Sobol-antipodal rather than random pilot directions,No material improvement.,Pilot QMC does not solve Jacobian noise,"User-provided AI run summary, 2026-07-28",Scientific / recorded,Synthetic / mixed,Control variates,Prior catalog
V40,Synthetic width 256,Pair-selected Jacobian control,Use the branch-selected derivative identity for q=|h1|/2 instead of averaging antipodal path gradients,Best net gain increased from about 1.226x to 1.249x.,Strongest pathwise control mechanism,"User-provided AI run summary, 2026-07-28",Leading / active,Synthetic / mixed,Control variates,Prior catalog
V41,Synthetic pilot-size sweep,Pair-selected Jacobian control,Vary pair-selected Jacobian pilot from 256 to 512 directions,Optimum was flat; 256 directions preserved more production compute.,Freeze 256-pilot setting for transfer test,"User-provided AI run summary, 2026-07-28",Scientific / recorded,Synthetic / mixed,Control variates,Prior catalog
V42,Synthetic width 256,Stein control variate,Half-normal Stein-kernel weighting of pair-selected path derivatives,"Small consistent improvement, raising best net gain to about 1.252x.",Mechanistically supported incremental gain,"User-provided AI run summary, 2026-07-28",Scientific / recorded,Synthetic / mixed,Control variates,Prior catalog
V43,Synthetic width 256,Sphere Stein control,Replace Gaussian half-normal Stein kernel with exact fixed-radius beta-density sphere kernel,Numerically indistinguishable at dimension 256.,Confirms large-dimension mechanism; no extra gain,"User-provided AI run summary, 2026-07-28",Scientific / recorded,Synthetic / mixed,Control variates,Prior catalog
V44,Synthetic width 256,Multivariate Stein control,Multiply Stein-weighted derivative by inverse exact covariance of absolute layer-1 features,"Added a small gain, reaching about 1.2525x net on tuning networks.",Best tuned pathwise variant,"User-provided AI run summary, 2026-07-28",Scientific / recorded,Synthetic / mixed,Control variates,Prior catalog
V45,Eight completely new width-256 networks,Frozen Stein validation,"Rank-2, 256-pilot, 50% multivariate-Stein pathwise estimator with frozen settings","Validated at 1.243x net with 8/8 wins on antithetic random/Sobol-style points, but a later frozen complete-Kerdock transfer test failed.",Superseded by V59; useful on ordinary sampling but not demonstrated on full Kerdock.,"Pathwise-Stein report plus Kerdock transfer audit, 2026-07-28",Superseded,Full-width holdout,Control variates,Latest multi-agent update
V46,Synthetic cross-validation,Nonlinear pathwise controls,Centered powers of half-normal layer-1 magnitudes along selected derivative modes,Improved only about 0.15%.,Marginal,"User-provided AI run summary, 2026-07-28",Scientific / recorded,Synthetic / mixed,Control variates,Prior catalog
V47,Synthetic tuning batch,Gradient-curvature control,Coordinatewise derivative-versus-magnitude curvature term centered analytically,Raised tuned net gain to about 1.2565x.,Small tuning improvement,"User-provided AI run summary, 2026-07-28",Scientific / recorded,Synthetic / mixed,Control variates,Prior catalog
V48,Synthetic width 256,Low-rank curvature control,Fit full cross-coordinate gradient-versus-magnitude Jacobian and compress to rank 1–8,Failed to beat the simpler diagonal term.,Dense cross-coordinate curvature closed,"User-provided AI run summary, 2026-07-28",Closed,Synthetic / mixed,Control variates,Prior catalog
V49,Eight completely new width-256 networks,Diagonal curvature validation,Frozen diagonal gradient-curvature correction,"Validated around 1.243x net with 8/8 wins, nearly identical to frozen Stein estimator.",Optional; no demonstrated gain over simpler Stein form,"User-provided AI run summary, 2026-07-28",Scientific / recorded,Full-width holdout,Other,Prior catalog
V50,Synthetic cross-validation,Higher-order homogeneity controls,Cubic and higher centered derivative-power expansion,Higher powers reduced generalization; only first curvature term survived.,Closed beyond first curvature term,"User-provided AI run summary, 2026-07-28",Closed,Synthetic / mixed,Control variates,Prior catalog
V51,Width-64 discovery then full width-256 falsification,Affine suffix residual,Analytically average a fitted affine tail and sample only its nonlinear residual,Width-64 suggested 1.22x; at width 256 the tail-8 hybrid was about 7x worse and tail lengths 1–4 remained negative.,Scale-dependent false positive; closed,ARC_NEW_PATHS_REPORT_20260728.md,Closed,Full-width holdout,Learned white-box models,Prior catalog
V52,Full-width Kerdock screening,Final-layer Rao–Blackwell control,Exact full-cloud final preactivation mean plus subset ReLU and linear Hermite correction,"At 8,192 rows, additional MSE 3.24–4.60e-8 versus break-even 5.63e-9; only 2.74% compute saved.","Real variance reduction, 6–8x too noisy for score",ARC_NEW_PATHS_REPORT_20260728.md,Scientific / recorded,Full-width holdout,Control variates,Prior catalog
V53,Full-width Kerdock screening,Final-layer Edgeworth control,Use pilot variance/skew/kurtosis and third/fourth/sixth-order marginal corrections,"Best Edgeworth additional MSE 5.56e-8, worse than linear CV 3.24e-8 at every pilot size.",Closed,ARC_NEW_PATHS_REPORT_20260728.md,Closed,Full-width holdout,Control variates,Prior catalog
V54,Full-width screening,Kink-feature ridge control,Predict tail outputs from anchor PCA plus 16–128 selected kink activations and sample a residual,Best added MSE 2.03e-7 versus break-even 1.88e-8.,Closed,ARC_NEW_PATHS_REPORT_20260728.md,Closed,Full-width holdout,Control variates,Prior catalog
V55,Six width-256 development networks,Safe structure-aware multifidelity,Large Kerdock surrogate stream with dead/on/kink simplification plus small exact residual stream,"Best projected adjusted gain 1.0632x, CI [1.0449,1.0701], 6/6 wins, but nearly all from idealized sparse arithmetic.",Missed predeclared 1.15–1.20x gate; closed,PRIORITY_EXPERIMENTS_REPORT.md,Closed,Full-width holdout,Learned white-box models,Prior catalog
V56,Full-size frozen synthetic,Multilevel suffix control,Linear multilevel prefix/suffix estimator,Aggregate score ratio 1.248x with network range 0.62x–1.77x.,Worse and unstable,arc_experiment_report_round2.md,Scientific / recorded,Synthetic / mixed,Control variates,Prior catalog
V57,Full-size frozen synthetic,Multilevel suffix control,Nonlinear multilevel prefix/suffix estimator,Aggregate score ratio 1.105x with a 4.30x outlier.,Worse; closed,arc_experiment_report_round2.md,Closed,Synthetic / mixed,Control variates,Prior catalog
V58,Full-size synthetic,Low-rank final-layer control,Rank-32 final-layer low-rank control,Remained about 1.31x worse.,Catastrophic; closed,arc_experiment_report_round2.md,Closed,Synthetic / mixed,Control variates,Prior catalog
M61,"Target-width synthetic, three networks",Dead/on/kink analytic rollout,Pilot-classify stable gates inside recursive Gaussian moment propagation,Strict correction improved Gaussian rollout by only 1.9%; absolute final MSE remained about 1.3e-4.,Stable but hundreds of times too inaccurate,ARC_NEW_PATHS_REPORT_20260728.md,Scientific / recorded,Synthetic / mixed,Suffix compilation & arithmetic,Prior catalog
M62,Held-out reduced width/depth free rollout,Rollout-aware PSD closure,"Permutation-equivariant, bounded, PSD-preserving learned closure trained through full rollout",State-only model improved final MSE 3.36x at width24/depth12 and 4.29x transferring to width32/depth16.,Strong small-regime fit,PRIORITY_EXPERIMENTS_REPORT.md,Scientific / recorded,Full-width holdout,Learned white-box models,Prior catalog
M63,Depth-32 target training plus width transfer,Rollout-aware PSD closure,Fine-tune through width32/depth32 rollout and transfer to width64/depth32,10.40x improvement at training width but 0.75x at width64; oracle local moments did not fix transfer.,Width-specific model class closed,PRIORITY_EXPERIMENTS_REPORT.md,Closed,Synthetic / mixed,Other,Prior catalog
M64,Held-out width-256 synthetic,Transported-cumulant learned closure,Feature ablation for symmetric x1 and antisymmetric x1a transported k21 slices,Marginals only 0.81x; x1 1.71x; x1a 1.47x; x1+x1a 3.58x next-variance gain.,Real localized mechanistic signal,BOUNDED_ML_REPORT.md,Scientific / recorded,Full-width holdout,Control variates,Prior catalog
M65,Fresh width-256 model-size sweep,Transported-cumulant learned closure,Small coefficient network widths 8–96 using x1/x1a,64-unit model achieved 2.20x gain at about 9.2B inference FLOPs; 96-unit 2.33x at about 20B.,64-unit best tested compute/accuracy compromise,BOUNDED_ML_REPORT.md,Scientific / recorded,Full-width holdout,Control variates,Prior catalog
M66,Held-out width-256 synthetic,Transported-cumulant learned closure,"Direct full-width 10,082-parameter nonlinear coefficient model",Strongest run reduced one-step variance error 3.25% to 0.856% (3.80x) on every held-out case.,Promising one-step target-width result,BOUNDED_ML_REPORT.md,Scientific / recorded,Full-width holdout,Control variates,Prior catalog
M67,Four-network oracle recursive diagnostic,Transported-cumulant rollout,Use oracle marginals and oracle k21 features while recursively propagating off-diagonal covariance,"Final propagated variance error fell from 31.6% to 3.63% (8.68x), but remained inadequate.",Shows no inherent explosion; not deployable,BOUNDED_ML_REPORT.md,Scientific / recorded,Oracle / diagnostic,Control variates,Prior catalog
M68,Finite-pilot deployability test,Transported-cumulant closure,Restrict learned model to ordinary finite-pilot features,Learned next-variance error 3.75% versus raw sampled covariance 3.56%.,No gain without factorized K3 x1/x1a,BOUNDED_ML_REPORT.md,Scientific / recorded,Synthetic / mixed,Control variates,Prior catalog
M69,Cross-width synthetic,Transported-cumulant transfer,Train flexible tree and compact coefficient models at smaller width and transfer with x1/x1a,Tree model transferred width64→256 with 3.29x gain; compact neural coefficient model did not transfer.,Feature law transfers in flexible model; compact runtime must train at target width,BOUNDED_ML_REPORT.md,Scientific / recorded,Synthetic / mixed,Control variates,Prior catalog
M70,Reduced-width full rollout,Joint mean/covariance compatibility,Combine learned covariance correction with full Edgeworth mean correction,"Each component helped with the other held Gaussian, but full-strength combination worsened final output; damping did not robustly fix it.",Need a mutually realizable joint state,CONTINUATION_REPORT.md,Scientific / recorded,Synthetic / mixed,Moment/cumulant closure,Prior catalog
M71,Full-size synthetic,Tail-risk classification,Rank stable-gate approximations by raw pilot tail risk,Pilot ranking noise caused 8–13% misses.,Failed,arc_experiment_report_round2.md,Closed,Synthetic / mixed,Suffix compilation & arithmetic,Prior catalog
M72,Full-size synthetic,Gate certification,Clustered interval bounds for stable final outputs,Certified none of 151 outputs that were actually stable in the reference run.,Axis-aligned certification ineffective,arc_experiment_report_round2.md,Scientific / recorded,Synthetic / mixed,Suffix compilation & arithmetic,Prior catalog
A12,30 full-width synthetic networks + arithmetic threshold,Dead-channel arithmetic,Switch from persistent Winograd to compact dense multiplication when pilot-stable channels are dead,Mean active width 222.3/256; only 0.43% of layer/network cases crossed the ~163-channel break-even; mean theoretical saving 0.011%.,Essentially zero gain,ARC_NEW_PATHS_REPORT_20260728.md,Scientific / recorded,Full-width holdout,Suffix compilation & arithmetic,Prior catalog
A13,Functional package tests; official execution pending,Official Haar runner,"Build IID, Sobol, Haar-10, Haar-11, Haar-12, and Haar-12-direct estimator packages and paired Mini-100 runner",All packages passed contract/shape/finite-output tests; CDF approximation max error 7.45e-8. Official Mac run remains pending.,Implementation complete; evidence unresolved,PRIORITY_EXPERIMENTS_REPORT.md,Scientific / recorded,Official-like,Other,Prior catalog
A14,Software/schema validation only,Factorized K3 learned runtime,"Implement selective corpus downloader, MLP-level trainers, get_dslice((2,1)) adapters, NumPy inference, and cost models",Pipeline smoke-tested end to end on schema-compatible generated files; no real-corpus training completed.,"Research infrastructure complete, not a result",BOUNDED_ML_REPORT.md,Scientific / recorded,Synthetic / mixed,Moment/cumulant closure,Prior catalog
A15,Eight fresh full-width networks,Final-layer sequential compiler,Pilot-classify nearly deterministic final outputs and exactly propagate only kink outputs with minority-tail corrections,Frozen holdout score ratio 0.989754x.,Small reproducible fallback gain,arc_experiment_report_round2.md,Scientific / recorded,Full-width holdout,Suffix compilation & arithmetic,Prior catalog
A16,Twelve fresh full-width networks,Two-layer suffix compiler,Jointly compile stable-on/off paths in the final two layers and exactly propagate penultimate kink channels/final kink outputs,"MSE ratio 1.001211; effective score ratio 0.984341, bootstrap [0.979540,0.989634]; projected 1.4499e-7 from 1.4730e-7 baseline.",Best validated fallback compiler; later modestly superseded by adaptive A19.,arc_experiment_report_round2.md,Superseded,Full-width holdout,Suffix compilation & arithmetic,Latest multi-agent update
A17,Dense timing and shape-padding audit,Two-layer suffix compiler,"Benchmark exact, pad-16, and pad-32 compiled shapes",Exact score ratio 0.984341; pad-16 0.987799; pad-32 0.992829. Representative compiled layers took 0.081s versus 0.163s dense.,"Timing supports gain, but blocked-layout conversion still unmeasured",arc_experiment_report_round2.md,Scientific / recorded,Synthetic / mixed,Suffix compilation & arithmetic,Prior catalog
A18,Representative runtime benchmark,Sparse arithmetic,CSR propagation for stable/kink channel subsets versus dense BLAS,CSR was approximately 12x slower.,Generic sparse matrices rejected,arc_experiment_report_round2.md,Scientific / recorded,Synthetic / mixed,Suffix compilation & arithmetic,Prior catalog
T22,Rigorous computer-assisted proof + clean-room regeneration,Final Kerdock near-optimality theorem,Directed-rounding V5 Delsarte certificate and independent clean-room verification,"Recomputed 1,079 curvature intervals and 1,421 certified subintervals, rigorously enclosed the kernel mean, verified Gram multiplicities, and reproduced the proof byte-for-byte. Certified ratio upper bound 1.0002336550102949.",Complete within trust base and explicit scope; ready for external review and publication.,"V5 proof package / final proof audit, 2026-07-28",Theorem complete,Proof / analytic,Theory & proof,Latest multi-agent update
C54,13 full-width synthetic networks,Stratified tail coresets,"Split a fixed 41,280-row tail budget into 1, 2, 4, or 5 calibrated strata","Projected score ratios were 0.99890, 0.99960, 1.00802, and 1.01930.",Extra strata add calibration cost and instability; closed.,"Adaptive coreset continuation, 2026-07-28",Closed,Full-width holdout,Particle compression,Latest multi-agent update
C55,30-network cross-fit + 8-network independent-rotation proxy,Adaptive tail row count,"Use disagreement between nested estimates to choose 37,152, 41,280, or 45,408 tail rows","Cross-fitted projected ratio 0.99798. Independent-rotation aggregate-MSE ratio 0.99432, but uncertainty remained too large for a sub-1% claim.",Plausible sub-percent adaptive gain; not submission-ready.,"Adaptive coreset continuation, 2026-07-28",Open / pending,Synthetic / mixed,Particle compression,Latest multi-agent update
C56,Full-width synthetic tail experiments,Tail-surrogate coreset features,"Add predicted final preactivations, ReLU outputs, partial contributions, and layer-31 features to coreset calibration",No tested feature set materially reduced compression error after its computation and calibration cost.,Closed.,"Adaptive coreset continuation, 2026-07-28",Closed,Full-width holdout,Particle compression,Latest multi-agent update
C57,20 full-width synthetic networks,Network-adaptive particle selection,"Select tail rows using kink scores, norms, random projections, downstream proxies, leverage proxies, or quantiles",Balanced random selection was best at about 0.99971 projected ratio; adaptive selectors introduced damaging outliers.,Cheap network-specific row scoring failed; balanced random selection remains safer.,"Adaptive coreset continuation, 2026-07-28",Closed,Full-width holdout,Particle compression,Latest multi-agent update
C58,16-network development; fresh holdout incomplete,Multi-start balanced coresets,Generate multiple balanced subsets and choose minimum prefix feature-mean discrepancy,Four candidates gave about 0.99798 projected ratio on development; the planned fresh holdout was incomplete.,Weak open lead; requires completed untouched holdout.,"Adaptive coreset continuation, 2026-07-28",Open / pending,Full-width holdout,Particle compression,Latest multi-agent update
C59,Full-width synthetic frozen selection,Adaptive Kerdock early stopping,Choose number of complete Kerdock bases using cheap network diagnostics,"Oracle mean ratio was about 0.6245, but the frozen selector averaged about 1.390 with a worst network near 6.31x.",Large inaccessible oracle gap; closed for tested diagnostics.,"Non-K3 continuation report, 2026-07-28",Closed,Full-width holdout,Static/structured sampling,Latest multi-agent update
C60,Frozen partial-Kerdock holdout,Direct residual learning,Predict the residual from 16 bases using cheap trajectory and weight statistics,"An apparent strong result was traced to target leakage. After removal, gain was only 1.006x and residual MSE remained 16.07x full Kerdock.",Closed in the tested low-dimensional feature form.,"Non-K3 continuation report, 2026-07-28",Closed,Full-width holdout,Learned white-box models,Latest multi-agent update
V59,20 fresh width-256 networks x 4 complete-Kerdock rotations,Pathwise Stein Kerdock transfer,"Apply frozen rank-2, 256-pilot, 50% multivariate-Stein control to complete Kerdock","Aggregate gain 0.9369x with bootstrap interval 0.8349–1.0868, below the preregistered 1.10x continuation threshold.",Provisionally closed on Kerdock; test used rotation variance rather than high-precision truth MSE.,"Kerdock-Stein transfer results, 2026-07-28",Closed,Full-width holdout,Control variates,Latest multi-agent update
V60,Fresh 16-network full-Kerdock synthetic holdout,Exact second-moment quadratic control,Use z=(u^T a1)^2 with analytically known expectation and downstream sensitivity direction,Unamplified control reduced raw MSE 4.43%; fixed amplitude 2.209 reduced untouched-set MSE 7.33%.,Superseded by V65: promising development result reversed on 12 genuinely fresh networks; branch closed.,"Quadratic-control continuation, 2026-07-28",Superseded,Full-width holdout,Control variates,Latest multi-agent update
V61,Fresh 16-network synthetic comparison,Cheap quadratic-control direction,Replace the leading Jacobian singular vector with u=J·1 from one backward vector propagation,"Fresh-set gain 4.45%, essentially identical to the expensive singular-vector direction.",Superseded by V65: promising development result reversed on 12 genuinely fresh networks; branch closed.,"Quadratic-control continuation, 2026-07-28",Superseded,Full-width holdout,Control variates,Latest multi-agent update
V62,Multiple fresh complete-Kerdock synthetic holdouts,Exact layer-1 mean transport,Transport final-output modes using the exact analytical layer-1 mean,"Average raw-MSE gains appeared around 3–8%, but intervals were wide and worst-network degradation reached roughly 26–30%.",Real average effect but unsafe per-network tail; do not submit without a reliable guard.,"Layer-1 transport and non-K3 continuation, 2026-07-28",Scientific / recorded,Full-width holdout,Control variates,Latest multi-agent update
V63,Fresh synthetic composition test,Composite exact-mean controls,Combine layer-1 mean transport with exact quadratic second-moment correction,"Raw MSE improved about 9.42%, but the tested implementation duplicated downstream trajectories.",Statistically positive but budget-infeasible as implemented.,"Quadratic-control continuation, 2026-07-28",Scientific / recorded,Full-width holdout,Control variates,Latest multi-agent update
V64,"6,656-point synthetic budget-floor tests",Small-count exact-moment controls,Apply quadratic and layer-1 transport controls near the 10% multiplier floor,Quadratic gained only 1.88%; transport worsened 4.86%; combined worsened 17.0%.,Controls become too noisy at small point counts; closed for the floor-budget route.,"6,656-point control results, 2026-07-28",Closed,Synthetic / mixed,Control variates,Latest multi-agent update
M73,15 held-out MLPs; oracle current diagonals/features,Transported-cumulant contraction,Contract learned x1/x1a covariance corrections through actual next-layer weights,"Validation-fitted alpha achieved 2.04x variance-MSE gain, 2.03x sigma-MSE gain, 98.3% case improvement, and sigma RMS 1.59% to 1.12%.",Passes downstream-contraction gate; still relies on accurate/oracle transported features.,"User-run next-variance evaluation, 2026-07-28",Leading / active,Oracle / diagnostic,Control variates,Latest multi-agent update
M74,15 held-out MLPs; recursive PSD-repair ablation,Covariance consistency repair,Apply diagonal-preserving eigenvalue clipping at every recursive rollout step,"435 repairs caused severe amplification; mean, variance, and sigma gains were all below 1 and only 13.3% of variance cases improved.",Repeated PSD projection is destructive; closed.,"recursive_rollout_psdclip.json, 2026-07-28",Closed,Full-width holdout,Moment/cumulant closure,Latest multi-agent update
M75,"Held-out synthetic widths 32, 64, and 128",Permutation-equivariant weight-space learning,Predict diagonal mean-field error directly from all network weights,"Held-out gains were about 2.43x at width32, 1.94x at width64, and about 1.64x at width128 with cleaner labels.",Broad analytic bias is learnable; scientifically positive but far from standalone challenge accuracy.,"Weight-space learning reports, 2026-07-28",Scientific / recorded,Full-width holdout,Learned white-box models,Latest multi-agent update
M76,Matched held-out Kerdock residual-learning tests,Weight-space Kerdock correction,Predict Kerdock error vector or multiplicative scale from network weights,Kerdock vector/scale gains were about 0.94–0.99x while mean-field positive controls remained strongly learnable.,Current weights-only model cannot predict Kerdock's remaining phase; close this path.,"Weight-space decisive comparison, 2026-07-28",Scientific / recorded,Full-width holdout,Learned white-box models,Latest multi-agent update
M77,Oracle diagnostic at widths 32 and 64,Kerdock residual mode structure,Fit one oracle multiplicative scalar per network in Y≈(1+c)K,Oracle scalar correction improved 17.68x at width32 and 3.82x at width64; most width32 error lay in this mode.,Residual is simple within a network but unpredictable from tested observables.,"Weight-space decisive comparison, 2026-07-28",Scientific / recorded,Oracle / diagnostic,Learned white-box models,Latest multi-agent update
M78,Synthetic holdout through seeds 8–15,Spectral-ramp Gaussian closure,"Shrink only the leading covariance eigenvalue in early layers, fading from 0.8 to 1 by layer 16",Holdout analytic-estimator MSE improved to about 2.60e-5; broader shrinkage variants failed.,"Specific finite-width mechanism identified, but absolute error remains far above Kerdock.","Spectral-ramp continuation, 2026-07-28",Scientific / recorded,Full-width holdout,Moment/cumulant closure,Latest multi-agent update
A19,60 fresh width-256/depth-32 networks,Adaptive 2–6-layer suffix compiler,Select suffix depth 2–6 from pilot kink counts and compile stable-on/off paths,"Raw-MSE ratio 1.00170; ideal arithmetic ratio 0.95358; calibrated effective-score ratio 0.97865 [0.97566,0.98163], with 59/60 calibrated wins. Projected score about 1.442e-7.",Strongest new honest near-term candidate; integrate and grade.,"Non-K3 adaptive compiler report, 2026-07-28",Leading / active,Full-width holdout,Suffix compilation & arithmetic,Latest multi-agent update
A20,Untouched 20-network compiler extension,Deeper suffix compiler,Extend candidate maximum depth from 6 to 7–8,Depth 7 was selected once and depth 8 never; gain was negligible while symbolic complexity grew.,Stop at maximum depth 6.,"Non-K3 adaptive compiler report, 2026-07-28",Closed,Synthetic / mixed,Suffix compilation & arithmetic,Latest multi-agent update
A21,Compiler pilot and threshold sweeps,Adaptive compiler robustness,"Test minority threshold 2, half-size pilots, and alternative pilot geometries",Threshold 2 was marginal and post-selected; smaller pilots increased missed-switch error; alternate geometries gave no robust gain.,"Freeze threshold 1 and the existing 2,064-row balanced pilot.","Non-K3 adaptive compiler report, 2026-07-28",Scientific / recorded,Synthetic / mixed,Suffix compilation & arithmetic,Latest multi-agent update
A22,Official subprocess smoke tests,FlopScope accounting bypass,"Run raw-BLAS 90,624-row multifidelity estimator through local and subprocess runners","Local mode misleadingly recorded zero FLOPs. Subprocess mode enforced immutable FlopScope arrays; honest functional execution would charge roughly 373B FLOPs, above budget.",Scoring/accounting workaround invalid; do not pursue.,"Official subprocess logs and accounting audit, 2026-07-28",Closed,Official-like,Suffix compilation & arithmetic,Latest multi-agent update
A24,60-network full-width compiler suite,Minimum-saving compiler guard,Fall back to the full Kerdock suffix when predicted compiler cost ratio exceeds 0.995,"Changed calibrated mean ratio from 0.978654 to 0.978617; retained 59 wins, introduced one exact fallback, and removed the only material failure.",Adopt immediately in any adaptive compiler implementation.,"Latest compiler continuation update, 2026-07-29",Leading / active,Full-width holdout,Suffix compilation & arithmetic,Latest compiler update
A25,24 untouched full-width networks,Boundary-certified suffix compilation,"Use Gaussian missed-tail risk, downstream sensitivity, rank-16 boundary prediction, and exact audit of 512 suspicious Kerdock rows","Three-layer compiler MSE fell from 1.03e-9 to 2.23e-11, a 46.4x reduction, with 24/24 wins and compiled fraction rising from 42.62% to 52.64%.","Excellent validation/debugging oracle, but too conservative and costly for submission runtime.","Certified compiler holdout update, 2026-07-29",Scientific / recorded,Full-width holdout,Suffix compilation & arithmetic,Latest compiler update
A26,Adaptive full-width integration screen,Certified adaptive compiler,Integrate boundary certification into the adaptive 2–6-layer compiler,"Compiler MSE improved from 2.58e-10 to 1.75e-11, but ideal cost ratio worsened from 0.9451 to 0.9669; selective audits were 0.35–1.61% worse than the existing adaptive rule.",Retain certification only as a validation tool; reject at runtime.,"Certified adaptive selector and selective-audit results, 2026-07-29",Closed,Full-width holdout,Suffix compilation & arithmetic,Latest compiler update
V65,12 genuinely fresh width-256/depth-32 networks,Fresh quadratic-control validation,Freeze the previously promising exact first-layer quadratic control and evaluate on a new holdout,Quadratic-only score ratio 1.0188; linear+quadratic 1.0769; amplified combination 1.1307. Only 4/12 improved in the least-harmful version.,Selection-leakage reversal; quadratic-control branch closed.,"Fresh QCV validation summary, 2026-07-29",Closed,Full-width holdout,Control variates,Latest compiler update
A27,20 fresh full-width networks; second 30-network suite incomplete,Energy-based suffix classification,Classify stable neurons by minority-sign activation energy fraction <=3e-5 rather than minority-event count,"Fresh 20-network ideal score ratio 0.94381 versus 0.94942 for count<=1, about 0.56% better; bootstrap difference interval [-0.0128,+0.00135] still included no advantage.",Positive unresolved signal; keep experimental until the larger frozen validation completes.,"Energy-classifier holdout update, 2026-07-29",Open / pending,Full-width holdout,Suffix compilation & arithmetic,Latest compiler update
A28,16 fresh full-width networks,Risk-aware suffix-depth selector,"Penalize candidate compiler depths using newly stable counts, minority energy, minority events, and depth penalties",Frozen risk penalty averaged 0.95029 versus 0.94904 for simple minimum arithmetic cost and changed 10/16 choices while helping only five.,Risk-aware selector failed; retain simple minimum-cost depth selection.,"Selector holdout summary, 2026-07-29",Closed,Full-width holdout,Suffix compilation & arithmetic,Latest compiler update
A29,Strict 50-network full-width synthetic holdout,Fixed three-layer suffix compiler with layerwise shrinkage,"Use c=8 pilot, rare threshold 8, zero middle-layer correction, and final correction alpha=0.875",Mean score proxy 0.979672; beat global alpha=0.75 on 43/50 networks; paired improvement interval approximately 0.044–0.078 percentage points; projected score about 1.443e-7.,Simplest strong package candidate; likely tied with adaptive 2–6 after real overhead.,"Three-layer shrinkage holdout update, 2026-07-29",Leading / active,Full-width holdout,Suffix compilation & arithmetic,Latest compiler update
A30,50 untouched full-width networks,Adaptive compiler rule selector,Select among six c=8 two- and three-layer compiler rules using pilot risk,"Mean exact-perturbation score proxy 0.976424 [0.97318,0.97974], 48/50 wins, and pilot-risk correlation about 0.80.","Statistically stronger than fixed A29, but only ~0.23 percentage points better and may lose to selection overhead.","Adaptive compiler selector update, 2026-07-29",Open / pending,Full-width holdout,Suffix compilation & arithmetic,Latest compiler update
A31,50-network paired pilot comparison,Compiler pilot size and rare threshold,"Compare c=7, rare=6 against c=8, rare=8","c=8, rare=8 averaged 0.982429 versus 0.983118, won 35/50 networks, and had a safer 95th percentile and maximum.","Freeze c=8, rare=8 for the fixed three-layer compiler family.","Pilot pair holdout analysis, 2026-07-29",Leading / active,Full-width holdout,Suffix compilation & arithmetic,Latest compiler update
A32,50-network shrinkage ablations,Compiler correction shrinkage refinements,"Test per-output James-Stein shrinkage, class-specific coefficients, and stable-off-specific shrinkage",All were slightly worse than the fixed final alpha=0.875 rule; stable-off coefficient 0.75 was about 0.0053 percentage points worse.,Keep the simple fixed layerwise shrinkage rule.,"Class shrinkage and James-Stein holdout analyses, 2026-07-29",Closed,Full-width holdout,Suffix compilation & arithmetic,Latest compiler update
A33,Eight completed networks; frozen holdout incomplete,Shrunk four-layer compiler,"Test four-layer compilation with coefficients [0,0.25,0.25,0.875] and observable gating",Seven of eight networks still selected three layers; one network showed a large four-layer opportunity near 0.9433.,"Intriguing conditional headroom, but insufficient evidence; do not replace A29.","Incomplete four-layer continuation, 2026-07-29",Open / pending,Synthetic / mixed,Suffix compilation & arithmetic,Latest compiler update
