ID,Evidence level,Family,Experiment,Result,Verdict,Primary source
C01,Official/competition,Sampling baseline,Plain Gaussian Monte Carlo,~7.7e-7 adjusted on Mini-100.,Baseline,PUBLIC_POST.md
C02,Official development,Variance reduction,Antithetic + exact-radius sphere + anchored layer-1 control variate,"Best combined adjusted score 4.91e-7; component gains: antithetic 1.09x, sphere 1.04x, anchored CV 1.24–1.71x; best total 1.56x.",Useful but capped,PUBLIC_POST.md
C03,Official development + frozen holdout,Low-discrepancy cubature,Two independently scrambled Sobol sphere streams with antipodal pairing and exact radius,Adjusted 3.4607e-7 vs previous 4.91e-7 (29.5% lower); frozen IDs 50–99: 3.6309e-7; 0 failures.,Strong improvement,Pasted text(7).txt
C04,Official development + frozen holdout,Structured cubature,"66,048-point Kerdock/MUB spherical 5-design with FWHT first layer",Raw MSE 2.2826e-7; adjusted 2.2566e-7 vs Sobol 3.4607e-7; 34.8% adjusted improvement; frozen holdout improved 25.0%.,Best validated statistical design,Pasted text(7).txt; PUBLIC_POST.md
C05,Official development,White-box sketch,Energy-weighted K3 carrier sketch,"K3-simple error 4.4663e-5 → 2.4724e-5 (44.6% lower), 9/10 MLPs improved, estimated 3.27% budget; not competitive standalone.","Interesting mechanism, not competitive",Pasted text(7).txt
C06,Official development,Rotation selection,Cheap per-network statistics used to choose Kerdock/Sobol rotations,Selectors had Spearman ≈0.05 with true error; apparent gains reversed on holdout; oracle rotation gap existed but was not predictably accessible.,Failed / selection leakage,PUBLIC_POST.md
C07,Official development,Multifidelity cubature,"90,624-row two-rotation pilot","Raw MSE improved about 23.1% (1.7587e-7 → 1.3529e-7), but rows rose 37.2%; N×MSE was about 5.5% worse. Later kernel prediction and holdout rejected it.",Failed after cost correction,Pasted text(10).txt
C08,Architecture-matched full dimensions,Multifidelity cubature,"Cheaper 78,336-row rotated pilot",Predicted error-cost ratio 1.091x relative to baseline.,Rejected,Pasted text(10).txt
C09,Architecture-matched full dimensions,Cubature modification,Best single added rotated basis,Predicted error-cost ratio 1.0012x.,Rejected / neutral,Pasted text(10).txt
C10,Architecture-matched full dimensions,Cubature modification,"Fixed-count basis swaps at 66,048 rows",Best result 1.0029x MSE relative to baseline.,Rejected / slightly worse,Pasted text(10).txt
C11,Architecture-matched full dimensions,Particle compression,"Propagate all particles to layer 24, retain 33,024 using randomized-Hadamard features + Morton pairing, reweight 128 mean features","Development projected-score ratio 0.873x, but frozen holdout 1.069x; holdout bootstrap roughly 0.95–1.30 before overhead.",Failed on holdout,Pasted text(10).txt
C12,Synthetic / exact finite-width layer 2,Sigma sampling design,Random orthonormal basis + antipodes,6.47x lower sigma MSE than IID at width 256 layer 2; advantage faded with depth.,"Strong shallow result, limited deep transfer",Pasted text (5).txt
C13,Synthetic / exact finite-width layer 2,Sigma sampling design,One Kerdock basis,6.25x lower sigma MSE than IID at width 256 layer 2.,Strong shallow result,Pasted text (5).txt
C14,Synthetic depth 16,Sigma sampling design,"Sobol, orthogonal blocks, and 50/50 mixture","Sobol 2.19x; orthogonal blocks 1.42x; pooled half-Sobol/half-orthogonal 2.62x; learned layerwise blend 2.67x (train 12, test 8).",Promising synthetic result,Pasted text (5).txt
C15,"Synthetic width 64, depth 32",Sampling design,Independent Haar-orthogonal bases,"At equal 4,096 points, about 5.6x lower MSE than IID and 2.5x better than random signed-Hadamard bases.",Strong synthetic result,Pasted text (3).txt
C16,Synthetic width 256,Sampling design,Haar-orthogonal bases vs IID and Sobol,"At 4,096 points, reported about 3.7x better effective variance than IID and 1.4x better than Sobol in one suite; later larger bootstrap found much weaker sigma differences. Later paired width-256 tests resolved this toward a small, reliable Haar advantage for sigma, not a transformative final-mean gain.",Superseded by larger follow-up; modest robust Haar advantage,Pasted text (3).txt; Pasted text (2)(1).txt; CONTINUATION_REPORT.md
C17,Synthetic,Sampling design,Eight pairwise-MUB bases under a common rotation,Effective variance 0.0198 vs Haar 0.0298 vs Sobol 0.0418; about 2.1x better than Sobol in that test.,Promising synthetic result,Pasted text (3).txt
C18,"Synthetic width 256, 32-network bootstrap",Sampling design,"IID, Sobol, orthogonal, and generic antipodal pilots","Orthogonal/IID next-sigma ratio 1.006 with wide interval [0.92,1.09]; mean MSE favored orthogonal over IID by ~1.70x [1.02,2.71]; generic antipodal helped means but hurt covariance.",Uncertain; reference noise large,Pasted text (2)(1).txt
C19,Synthetic width 256,Sampling design scaling,"4,096-point IID, Sobol, orthogonal pilots","Next-sigma errors: IID 1.53%, Sobol 1.44%, orthogonal 1.49%; mean sampling constant improved about 25–40%.","Modest gain, not decisive",Pasted text (2)(1).txt
C20,Official development,QMC variant,Interlaced order-2 Sobol,1.30x worse than ordinary approach.,Failed,PUBLIC_POST.md
C21,Official development,Geometry,Random two-dimensional plane angular integration,1.66x to 4.17x worse than Sobol.,Failed,PUBLIC_POST.md
C22,Official development,Extrapolation,Nested Richardson extrapolation,9.3e-7 vs 9.2e-7 direct.,No gain,PUBLIC_POST.md
C23,Official development,Last-layer approximation,Terminal smoothing,"Reported ratios 0.45x–0.97x across variants, described as no-op at best; gain convention was not consistently documented.",Inconclusive / not adopted,PUBLIC_POST.md
C24,Official development,Analytic integration,Exact Gaussian-line propagation,"6,081x worse at 90–96% of budget.",Catastrophic failure,PUBLIC_POST.md
C25,Official development,Analytic proxy,Smoothed-delta forward-Laplacian proxy,"360,482x worse.",Catastrophic failure,PUBLIC_POST.md
C26,"Synthetic width 256, 6,144 points",Structured sigma sampling,"IID Gaussian, random orthogonal bases, Kerdock subsets, and Sobol for raw layerwise sigma",Squared relative sigma error: Gaussian 9.47e-5; orthogonal 6.91e-5 (1.37x gain); Kerdock subset 7.91e-5 (1.20x); Sobol 1.07e-4.,Modest positive for orthogonal pilots,CONTINUED_EXPERIMENT_REPORT.md
C27,Synthetic matched-cost and doubled-cost sweeps,Structured sigma sampling,Same-cost mixtures and doubled-compute blends of sampling designs,"Best same-cost mixture gained about 1.09x; doubled-compute optimal blend gained 1.66x MSE, below the 2x needed to offset cost.",Closed / score-negative,CONTINUED_EXPERIMENT_REPORT.md
C28,Synthetic network-adaptive sampling,Adaptive sampling geometry,Jacobian/eigenvector-derived point sets,Concentrated samples into too few activation regions and performed hundreds to thousands of times worse in tested cases.,Strongly failed in tested form,CONTINUED_EXPERIMENT_REPORT.md
C29,"Synthetic width 256; 24 paired networks; 4,096 points",Haar moment pilot,"Powered one-step comparison of IID, Sobol antipodal, signed-Hadamard bases, and Haar-orthogonal antipodal bases","Next-layer sigma RMS: IID 1.4201%, Sobol 1.3609%, signed-Hadamard 1.3790%, Haar 1.3352%. IID/Haar ratio 1.0636; paired 95% CI [1.0220, 1.1093].",Robust incremental Haar improvement,CONTINUATION_REPORT.md
C30,Synthetic width 256; 76 paired cases,Haar vs Sobol,Combined Haar-versus-Sobol comparison for sigma and final means,"Final direct and recursive Edgeworth means were statistically tied. Haar sigma RMS 1.3726% versus Sobol 1.4195%; Sobol/Haar ratio 1.0342, 95% CI [1.0153, 1.0547].","Haar preferred for moment estimation, not proven for final score",CONTINUATION_REPORT.md
C31,Synthetic width 256; 24 paired networks,Haar point-count scaling,"Sigma RMS at 512, 1,024, 2,048, and 4,096 points",Haar beat IID at every size: 2.964% vs 3.399%; 2.213% vs 2.497%; 1.698% vs 1.908%; 1.360% vs 1.498%.,Consistent variance-constant reduction,CONTINUATION_REPORT.md
C32,Synthetic width 256; 24 paired networks,Haar point-count scaling,"Recursive fourth-order Edgeworth final MSE under IID, Haar, and Sobol pilots","IID/Haar MSE ratios: 1.58, 1.65, 1.82, and 1.62 at 512, 1,024, 2,048, and 4,096 points; every paired interval excluded no improvement. High-count absolute differences were truth-noise limited.",Strong synthetic evidence; official validation required,CONTINUATION_REPORT.md
C33,Synthetic width 256; 27 networks,Haar floor-filling sweep,"Haar pilots at 4,096, 5,120, 6,144, and 6,656 points",Sigma RMS improved 1.226% -> 1.135% -> 1.066% -> 1.044%; observed Edgeworth MSE approached the 6.70e-6 reference-noise floor.,"Supports 5,632–6,144 official test range",CONTINUATION_REPORT.md
C34,Synthetic fixed-total-count comparisons,Sampling mixtures,"Full Sobol, full Haar, 50/50 and 25/75 mixtures, and split Sobol scrambles",50/50 matched Sobol and remained worse than Haar for sigma; 75% Haar mixture was worse on both objectives; split Sobol did not help.,Closed; use one coherent design,CONTINUATION_REPORT.md
C35,Synthetic discovery then 28-network validation,Point-set selection,"Select a lucky fixed 6,144-point Haar seed","A discovery-suite 40% advantage disappeared on new networks; fresh/fixed Edgeworth ratio 1.110 with 95% CI [0.812, 1.418], and fixed sigma was slightly worse.",Selection noise; closed,CONTINUATION_REPORT.md
C36,Synthetic geometric search,Hadamard geometry,Random signed-Hadamard sign/permutation search for Kerdock-like geometry,Fourth frame potential stayed near 3 rather than the MUB value 1; random search barely changed it.,Not a route to Kerdock geometry,CONTINUATION_REPORT.md
C37,Synthetic width 256,Fast orthogonal approximations,"One-, three-, and five-factor randomized Hadamard products versus dense Haar QR",Sigma RMS: Haar 1.3536%; one factor 1.3826%; three factors 1.3947%; five factors 1.3952%. Similar low-order frame potentials did not recover Haar performance.,Dense Haar statistically best; fast transform only fallback,CONTINUATION_REPORT.md
V01,Official development,Control variate,Spherical Stein directional control variate,2.10x worse than baseline.,Failed,PUBLIC_POST.md
V02,Official development,Control variate,"Degree-2 spherical harmonic control, theoretical coefficient",54x worse.,Failed,PUBLIC_POST.md
V03,Official development,Control variate,Tempered degree-2 harmonic control,0.98x; statistically indistinguishable.,Neutral,PUBLIC_POST.md
V04,Official development,Control variate,"Quadratic controls, rank 16 and rank 32",1.011x and 1.029x; harmful.,Failed,PUBLIC_POST.md
V05,Official development,Control variate,Cross-fitted layer-1 linear control,"Raw MSE ratio 0.93x, but cost about 3% of budget; net score wash.",Neutral after cost,PUBLIC_POST.md
V06,"Synthetic, oracle moments",Final integration,"Degree-1, degree-2, and degree-4 Hermite control variates","With 8,192 samples: sample mean 6.94e-7; degree 1: 1.13e-8 (61x); degree 2: 1.92e-8; degree 4: 4.39e-8. Degree 1 was best.",Huge oracle upper bound,Pasted text (4).txt
V07,Synthetic,Recursive estimator,Naive recursive linear mean control variate,Collapses algebraically back to the sample mean.,No independent benefit,Pasted text (4).txt
V08,Synthetic,Recursive estimator,Exact layer 1 before recursive control variate,Final MSE 2.953e-6 → 2.864e-6; all-layer 6.012e-6 → 4.924e-6.,Small gain,Pasted text (4).txt
V09,Synthetic,Structural closure,Conditional-Hermite structural closure,About 1.68x gain.,Modest positive,Pasted text (4).txt
V10,Synthetic,Covariance correction,Radial covariance deconvolution,About 1.06x gain.,Tiny positive,Pasted text (4).txt
V11,Synthetic,Multilevel estimation,Affine-tail multilevel Monte Carlo,First two networks predicted 1.9–3.5x efficiency; direct validation after training gave 1.26x vs ~2.7x predicted.,"Small real gain, model overoptimistic",Pasted text (4).txt
V12,Oracle synthetic width 256,Local variance control variate,Linear surrogate g = diag(Phi(mu/sigma))(z-mu) with true surrogate variance,"6,000-sample sigma error fell from 2.07% to 0.65%; late layers reached roughly 0.42–0.45%.",Real oracle variance-reduction mechanism,CONTINUED_EXPERIMENT_REPORT.md
V13,Deployable synthetic width 256,Local variance control variate,Same local surrogate with analytically approximated surrogate variance,The surrogate variance was wrong by about 7%; reported error worsened from roughly 2.33% to 6.82%.,Failed because anchor expectation is inaccurate,CONTINUED_EXPERIMENT_REPORT.md
V14,Synthetic doubled-stream test,Local variance control variate,Estimate surrogate variance using an independent orthogonal or Kerdock stream,Reduced error only 13–16% while approximately doubling compute.,Score-negative,CONTINUED_EXPERIMENT_REPORT.md
V15,Synthetic width 64 and 256,Recursive homogeneous residual estimator,"Recursive residual correction using Gaussian, Sobol, orthogonal, or Kerdock-subset directions","At width 64 structured directions helped strongly; at width 256 results were Gaussian 3.95e-6, Sobol 2.33e-6, orthogonal 4.42e-6, Kerdock subset 3.63e-6.","Some direct-QMC gain, not a competitive recursive correction",CONTINUED_EXPERIMENT_REPORT.md
V16,Synthetic width 256,Recursive covariance sketch,"Reduce recursive covariance correction from 6,000 rows to 128 rows",Predictions changed negligibly; estimated total compute fraction was about 10.4%.,"Useful implementation fact, insufficient accuracy",CONTINUED_EXPERIMENT_REPORT.md
V17,Synthetic width 256; 21 networks,Recursive affine control variate,Affine Gaussian-sample recursive CV with 128-row covariance sketch,Final mean MSE 6.92e-6 -> 4.06e-6 (1.71x); 90% of networks improved; projected adjusted proxy 4.2e-7. Separate held-out blend gain was only about 1.22x.,Legitimate improvement but worse than Kerdock,CONTINUED_EXPERIMENT_REPORT.md
V18,Algebraic identity + numerical validation,Recursive homogeneous control variate,Apply homogeneous recursive correction to full antipodal Kerdock design,Recursive and direct Kerdock predictions agreed to approximately 1e-12 because the homogeneous recursion telescopes.,Exact no-op; branch closed,CONTINUED_EXPERIMENT_REPORT.md
V19,Synthetic depth sweep,Hermite control variate,Exact degree-1 Hermite controls across layers,Helped early layers slightly but lost usefulness with depth.,Not a full-depth solution,CONTINUED_EXPERIMENT_REPORT.md
V20,Synthetic paired point-count sweep,Final-output blending,"Blend direct radial pilot means with Edgeworth predictions from the same pilot at 512–4,096 points",Best scalar blends improved MSE by only about 0.01–0.14%; all paired intervals included no improvement.,Closed; errors too redundant,CONTINUATION_REPORT.md
V21,"Synthetic 6,144-point Haar; 20 train / 20 held-out networks",Final-output blending,"Direct Haar radial mean, fourth-order Edgeworth, tuned blend, and equal average","Held-out MSE: direct 6.93e-6; Edgeworth 7.70e-6; tuned blend 7.00e-6; average 7.13e-6. Direct/blend ratio 0.990, 95% CI [0.955, 1.025].",Direct/Edgeworth blend rejected,CONTINUATION_REPORT.md
M01,Official-like benchmark,Moment propagation,Full Gaussian mean/covariance propagation,"Final MSE 6.19e-5, roughly 270x worse than strong sampling.",Failed baseline,PUBLIC_POST.md
M02,Oracle,Moment propagation,Gaussian marginals with exact per-layer mean and covariance,"MSE 1.25e-6, around Monte Carlo parity.",Shows Gaussian marginal ceiling,PUBLIC_POST.md
M03,Oracle,Marginal approximation,Edgeworth with κ3,MSE 1.86e-7 vs Gaussian 1.25e-6.,Strong improvement,PUBLIC_POST.md
M04,Oracle,Marginal approximation,Edgeworth with κ3 and κ4,"MSE 3.84e-8, about 32x better than Gaussian oracle.",Best oracle marginal model,PUBLIC_POST.md
M05,Oracle,Marginal approximation,Edgeworth extended through κ5 and κ6,MSE worsened to 4.37e-8.,Higher order did not help,PUBLIC_POST.md
M06,Official-like,Hybrid moments,Propagate mean; sample sigma and cumulants,Measured MSE ~6.0e-6 vs 9.6e-6 predicted.,Failed to beat sampling,PUBLIC_POST.md
M07,Official-like,Sigma sampling sweep,Replace propagated sigma with sampled sigma at 6k/25k/67k/400k samples,Sigma error 1.83%/0.89%/0.55%/0.22%; MSE 3.62e-6/1.10e-6/2.81e-7/1.48e-7. Best in-budget adjusted score still worse than cubature.,Characterized target; not competitive,STRATEGY(1).md
M08,Oracle injection,Precision requirement,Independent sigma-error injection across layers,Originally implied ~0.1% sigma accuracy; later shown too pessimistic because injected noise structure was unrealistic.,Superseded diagnostic,PUBLIC_POST.md; STRATEGY(1).md
M09,Oracle injection,Layer patching,"Exact covariance at six worst layers, 19 deep layers, or all layers",MSE: none 2.82e-5; six layers 9.23e-6; 19 layers 5.28e-6; all 32 layers 2.82e-7.,Local patches fail; errors reappear,STRATEGY(1).md
M10,Oracle injection,Mean vs sigma ablation,Supply exact means alone or exact means and sigmas from layers 5/25/31,From layer 25: mean only 1.29e-5 vs mean+sigma 3.08e-7; about 42x gap attributable to sigma over last eight layers.,Sigma was dominant in this architecture,STRATEGY(1).md
M11,Oracle injection,Neuron targeting,Exact sigma only for neurons with |μ/σ| below thresholds,τ=1 (32% neurons): 9.76e-6; τ=2 (54%): 8.48e-7; τ=3 (73%): 2.44e-7; all: 2.43e-7.,Need most neurons recursively,STRATEGY(1).md
M12,Held-out calibration,Sigma correction,"Per-layer and per-(layer, |t|) calibration","Per-(layer,|t|) held-out ratio 0.96x; earlier per-layer version much worse. No useful gain in tested calibration families.",Failed tested calibrations,STRATEGY(1).md
M13,Oracle / diagnostics,Rank analysis,Activation covariance effective-rank collapse,Effective rank fell from about 160–165 to 2.7–3 by depth 32.,Important structural diagnostic,PUBLIC_POST.md; Pasted text (2)(1).txt
M14,Oracle / diagnostics,Mixed cumulant rank,Low-rank approximation of third cumulant,"At layers 26/30, covariance rank ~3 but κ3 needed rank around 64 for small error; r=8 errors ~0.29, r=64 ~0.03–0.05.",Killed naive low-rank κ3 route,PUBLIC_POST.md
M15,Official-like,Particle representation,Rank truncation of activation batch,Rank 8 over only last four layers produced about 600x the noise target.,Failed catastrophically,PUBLIC_POST.md
M16,Official-like,Distribution handoff,"Fit a Gaussian at layer k, sample from it, then propagate exactly",About 5e-6 for every handoff layer k=2…28.,Failed; distortions amplified,PUBLIC_POST.md
M17,Synthetic / rollout,Learned moment map,Teacher-forced learned closures vs free rollout,Free rollout was 16–21x worse than teacher-forced.,Failed due state/rollout mismatch,PUBLIC_POST.md
M18,Official-like,Edgeworth covariance,Correct covariance diagonal only,Sigma error 3.70% → 3.64%.,Failed; error mostly off-diagonal,PUBLIC_POST.md
M19,Synthetic width 64,Spectral correction,Shrink dominant covariance eigenvalue by 7.5–10%,Reduced Gaussian-closure MSE roughly 2.3–2.5x across 32 networks.,Repeatable but far from competitive,Pasted text (3).txt
M20,Synthetic,Hybrid covariance,Blend sampled moments/covariance with Gaussian closure,Did not beat direct sampling at equal sample count; another experiment improved 9.80% → 4.61% but remained worse than direct methods.,Failed as a competitive hybrid,Pasted text (3).txt; Pasted text (5).txt
M21,Synthetic oracle,Closure-error spectrum,Best rank-r approximation of covariance correction,At depth 32: rank 8/12/16/24/32 gave next-sigma error 1.06%/0.76%/0.50%/0.29%/0.22%.,Residual is compressible in oracle form,Pasted text (4).txt
M22,Synthetic pilot,Closure-error spectrum,"Estimate low-rank correction from 8,192 pilot samples",Stayed around 2.2% error despite oracle rank-16 reaching 0.5%.,Failed to identify subspace,Pasted text (4).txt
M23,Synthetic,Rare-switching hypothesis,Measure switching after apparent gate stabilization,"Median |μ/σ| ~3.31, but about 12.8 sign deviations/input and sensitivity-weighted switching around 30%.",Rare-switching expansion not justified,Pasted text (2)(1).txt
M24,Synthetic,Pruning,"Classify neurons always-on/off from 1,200-input pilot","About 39% appeared stable, but some had true missed-switch probabilities ~0.4–0.46%.",Exact pruning unsafe,Pasted text (2)(1).txt
M25,Analytic,Homotopy,Globally scale positive weights to simplify gates,Positive homogeneity leaves activation regions and standardized moments unchanged.,Dead analytically,Pasted text (2)(1).txt
M26,Synthetic,Pair distribution model,Naive Gaussian mixture and Gaussian-copula models,Neither beat directly estimating the target moment from the same pilot samples.,Failed implementations,Pasted text (2)(1).txt
M27,Synthetic held-out,Learned pairwise correction,Universal symmetric bivariate residual model with oracle current moments,Held-out residual R² 0.85; residual RMSE improved 2.84x; one-step next-sigma 3.18% → 1.62%; width-256 check about 2x.,Strong one-step oracle result,Pasted text (2)(1).txt
M28,Synthetic held-out,Learned pairwise correction,Extended model with accurate current-layer moments,"Next-sigma 2.93% → 0.75%; at width 256, 1.45% → 0.60%.",Near target with oracle moments,Pasted text (2)(1).txt
M29,Synthetic held-out,Learned pairwise correction,"Same model using 900–1,200-sample pilot moments","900 samples: 3.69% vs direct empirical covariance 3.13%; width 256/1,200: 2.33% vs empirical 2.29%.",No deployment gain,Pasted text (2)(1).txt
M30,Synthetic free rollout,Learned covariance recursion,Full recursive rollout,"Final sigma error 25.3% → 14.2%, but final mean MSE worsened 3.23e-4 → 1.11e-3.",Improves target but hurts final output,Pasted text (2)(1).txt
M31,Synthetic free rollout,Mean/covariance ablation,Edgeworth mean alone; learned covariance with Gaussian mean; both together,Edgeworth mean alone: 3.23e-4 → 1.59e-4. Learned covariance + Gaussian mean: 2.57e-4. Full combination failed.,Components individually help; inconsistent jointly,Pasted text (2)(1).txt
M32,Synthetic free rollout,Damping,Scale Edgeworth mean correction on top of learned covariance,25% roughly neutral; 50% already worse.,Did not resolve inconsistency,Pasted text (2)(1).txt
M33,Synthetic scaling,Pilot denoising,Increase pilot size and train residual denoiser,"Model fit R² ~0.98, but learned all-pairs covariance was worse than empirical at every sample size; at 4,800, empirical 2.17% vs learned 3.87%.",Failed,Pasted text (2)(1).txt
M34,Synthetic,Direct downstream training / shrinkage,Optimize correction for downstream sigma and shrink toward empirical covariance,Optimal solution was effectively 100% empirical covariance.,No learned advantage,Pasted text (2)(1).txt
M35,Synthetic held-out,Pairwise closure,"O(n²) closure using c21, c31, c22, correlation, skew, kurtosis","Gaussian map 9.80%; accurate moments 1.48%; moments from 1,000 samples 2.41%; transfer retained ~3.0–3.7x improvement on deeper/wider networks.",Promising synthetic local law,Pasted text (5).txt
M36,Held-out,Cheap residual learning,Per-neuron EMP residual regression on local features,Train R² 0.177; held-out R² −0.118.,Failed / overfit,STRATEGY(1).md
M37,Synthetic,Linear residual control variate for covariance,Decompose ReLU residual around D(z−μ) and sample only nonlinear residual,"Width 64/depth 32: Gaussian 4.32%; direct sample 8,192: 0.886%; CV 4,096: 0.441%; CV 8,192: 0.290%; cross-fit 0.304%; oracle regression 0.159%.","Excellent synthetic result, not validated at target scale",Pasted text (4).txt
M38,Synthetic,Factor model,Low-rank factors plus diagonal particle/covariance model,Failed badly / poor reconstruction.,Failed,Pasted text (4).txt; Pasted text (5).txt
M39,Synthetic / diagnostics,Sensitivity modes,Jacobian and actual error-impact spectra,90% of Jacobian energy in 11 modes; 90% of actual sigma-error impact in 6 modes.,Useful compression clue,Pasted text (5).txt
M40,Synthetic width 256; oracle pair moments,Explicit bivariate Edgeworth closure,"Third- and fourth-order pair correction using c21, c31, c22 and marginal cumulants",Gaussian next-variance relative RMS 2.564%; third order 1.009%; third+fourth order 0.288%.,Strong one-step mathematical result,CONTINUED_EXPERIMENT_REPORT.md
M41,Synthetic sampled higher moments with oracle first/second moments,Edgeworth moment sampling,Sample-count sweep for pairwise higher moments,"Layer-31 relative RMS: 1.381% at 1,500; 1.008% at 3,000; 0.779% at 6,000; 0.632% at 12,000; 0.552% at 24,000; 0.516% at 48,000.",Higher moments are estimable but expensive,CONTINUED_EXPERIMENT_REPORT.md
M42,"Fully deployable synthetic 6,000-sample moments",Edgeworth covariance closure,"Estimate first, second, and higher pair moments from the same pilot",Performance became roughly tied with directly sampled sigma at about 1.8–2.4%; the earlier ~0.9% result relied on oracle first/second moments.,No deployable advantage,CONTINUED_EXPERIMENT_REPORT.md
M43,Synthetic depth ablation,Higher Edgeworth terms,Add the formal kappa3-squared term,Improved early layers but worsened deep-layer errors by roughly 14–48%.,Asymptotic series should be truncated,CONTINUED_EXPERIMENT_REPORT.md
M44,Synthetic self-consistent width-64 rollout,Edgeworth rollout stability,Damp oracle and sampled covariance corrections during recursive rollout,"Gaussian final MSE 8.52e-5; oracle strengths 0.25 and 0.50 gave 6.53e-5 and 3.92e-5; 0.75 was unstable; 6,000-sample correction was unstable even at low strengths.",One-step accuracy is insufficient; stability unresolved,CONTINUED_EXPERIMENT_REPORT.md
M45,"Synthetic width 256; 6,000 samples",Covariance shrinkage,Raw sample covariance versus Ledoit–Wolf and OAS,"Quadratic-form errors 2.1096%, 2.1089%, and 2.1082%, respectively.",No meaningful gain,CONTINUED_EXPERIMENT_REPORT.md
M46,Oracle synthetic width 256,Covariance compression,Replace/correct top sample-eigenvector blocks of size 8–128,Errors: top 8 1.605%; 16 1.369%; 32 1.058%; 64 0.736%; 128 0.371%.,Relevant covariance defect remains high-dimensional,CONTINUED_EXPERIMENT_REPORT.md
M47,Synthetic held-out learning,Pairwise denoising,Learn pair residuals with ordinary pairwise loss,"Held-out pair residual R2 about 0.91, but contracted next-variance error worsened to 4.68% versus 2.19% for direct sampled covariance.",Pairwise RMSE/R2 is the wrong objective,CONTINUED_EXPERIMENT_REPORT.md
M48,Synthetic,Mehler/Hermite covariance closure,Naive empirical Mehler and Hermite expansions at increasing order,Became unstable at moderate order and worsened deep-layer errors.,Failed in naive form,CONTINUED_EXPERIMENT_REPORT.md
M49,Synthetic width 256,Edgeworth component shrinkage,Term-wise shrinkage of noisy Edgeworth corrections,Improved error by only about 4%.,Too small,CONTINUED_EXPERIMENT_REPORT.md
M50,Synthetic structured sampling,Higher-moment estimation,"Use structured directions for centered M21, M22, and M31 estimates",Did not improve consistently; cancellation dominated the estimates.,No reliable gain,CONTINUED_EXPERIMENT_REPORT.md
M51,Official Mini records; 20 fit / 20 test,Output calibration,Fit a global quadratic/calibration direction on official records,Gained 2.2% in-sample but worsened the untouched records; held-out gain about 0.996x.,Does not generalize,CONTINUED_EXPERIMENT_REPORT.md
M52,Synthetic cross-width held-out learning,Learned bivariate correction,Universal extra-trees and histogram-gradient-boosting pair-residual models,Extra-trees pair R2 0.561 and next-sigma RMS 1.782%; HGB R2 0.746 and 1.699%; direct empirical covariance achieved 1.459%.,"Residual is learnable, but model loses downstream",CONTINUATION_REPORT.md
M53,Synthetic width 256; pilot-aware held-out learning,Learned bivariate correction,Allow model to see empirical pilot ReLU residual features,"Pair residual R2 reached 0.904 and next-sigma RMS 1.467%, still slightly worse than direct empirical covariance at 1.459%.",High pair accuracy still not operationally useful,CONTINUATION_REPORT.md
M54,Synthetic held-out tuning,Covariance blending,Blend empirical covariance with learned pair correction,Chosen beta was 0.05 for universal models and 0.575 for pilot-aware model; best apparent gain was below 0.03% relative and within uncertainty.,Closed for current models/features,CONTINUATION_REPORT.md
M55,Reduced-width full-rollout ablation,Recursive compatibility,Combine learned covariance and Edgeworth mean corrections separately and jointly,"Learned covariance reduced final sigma error about 25.3% -> 14.2%; each component helped with the other Gaussian, but applying both at full strength worsened final mean MSE.",Approximate mean and covariance states are mutually inconsistent,CONTINUATION_REPORT.md
M56,Synthetic sensitivity audit,Rare-switching follow-up,Measure modal-sign deviations and sensitivity-weighted switching,"Sensitivity-weighted switching remained around 30%, despite large median |mu/sigma| in deep layers.",Global rare-switch expansion closed,CONTINUATION_REPORT.md
M57,Synthetic larger-sample audit,Pruning follow-up,Validate neurons labeled always-on/off by a finite pilot,Some candidates had true switching probabilities around 0.4–0.46 under larger samples.,Pilot-only exact pruning unsafe,CONTINUATION_REPORT.md
M58,Analytic identity,Weight-scale homotopy,Scale every layer by positive global factors,Activation regions and standardized moments are unchanged; activations only receive deterministic scale powers.,Closed analytically,CONTINUATION_REPORT.md
M59,Synthetic pair-model follow-up,Pair distribution models,Naive Gaussian-mixture and Gaussian-copula pair estimators,Did not beat direct empirical pair moments at matched samples.,Closed in tested forms,CONTINUATION_REPORT.md
M60,Synthetic held-out learning,Direct quadratic-form correction,Models trained on next-layer variance corrections and analytic/empirical covariance shrinkage,Held-out models selected almost entirely empirical covariance and produced no material improvement.,Closed for current feature/model classes,CONTINUATION_REPORT.md
A01,Local full 31-layer forward,Arithmetic,Dense Kerdock propagation,~268.4B analytical FLOPs.,Reference implementation,PUBLIC_POST.md
A02,Local full 31-layer forward,Arithmetic,Three-level batched Strassen,~211.1B analytical FLOPs; projected local adjusted score ~1.79e-7.,Large counted-FLOP improvement,PUBLIC_POST.md
A03,Local analytical,Arithmetic,Three-level Winograd variant,~208.0B projected; projected score ~1.75e-7.,Slight theoretical improvement over Strassen,STRATEGY(1).md
A04,Official graded,Implementation,First Strassen submission,Timed out / failed all MLPs because implementation overhead exceeded guard.,Failed operationally,PUBLIC_POST.md
A05,Local and official graded,Implementation,Replace einsum with fnp.matmul and improve batching,Matmul measured ~69x faster; local runtime 18.75s → 5.28s. Graded score 2.39e-7 because residual wall-clock erased projected benefit.,"Engineering improvement, score gain lost",PUBLIC_POST.md
A06,Local grader,Implementation,Assembly-free / persistent-layout Kerdock-Winograd kernel,"170.91B tracked, 175.52B effective, multiplier 0.6453, no failures; one-network adjusted result ~1.12e-7. Not validated over full official suite in supplied logs.",Strongest local compute result,Pasted text(7).txt; Pasted text(10).txt
A07,Local,Implementation,Quadtree assembly-free transform,Reduced billed work by ~2.8%; persistent layout retained.,Small positive,Pasted text(7).txt
A08,Local,Matrix factorization,Five-coordinate rank-7 factorization,Reduced additions but wall-clock/materialization overhead was worse.,Rejected,Pasted text(7).txt
A09,Local,Matrix multiplication,Alternative-basis Strassen construction,"Algebraically worked, but finite-size arithmetic cost was worse than Winograd.",Rejected,Pasted text(7).txt
A10,Local numerical validation,Bivariate Gaussian integral,"Drezner–Wesolowsky integral after r=sin(theta), 8-node quadrature",Matched Cho–Saul arc-cosine kernel to ~1.1e-16.,Successful numerical primitive,PUBLIC_POST.md
A11,Analytical FLOP proxy; grader validation pending,Moment-pilot budget sizing,"Complete Haar bases at 10, 11, 12, and 13 bases","5,120 points 7.880%; 5,632 8.668%; 6,144 9.456%; 6,656 10.244% of budget from sample-forward FLOPs alone. Excludes moment operations and residual wall time.","Start with 5,632; validate actual accounting",CONTINUATION_REPORT.md; RECOMMENDED_NEXT_ESTIMATOR.md
T01,Numerical theory audit,Harmonic spectrum,Compose infinite-width ReLU dual kernel and expand in Gegenbauer harmonics,"At d=256/depth32, ~39.8% of nonconstant variance above degree 12; heavy tail robust.",Core theoretical model,Pasted text (7).txt
T02,Numerical theory audit,Kerdock frame potentials,Closed-form harmonic potentials from Kerdock/MUB inner products,Exact cancellation through degree 5; N·P6=2.062035; limiting-kernel MSE 2.43366e-7; gain 1.572x vs IID.,Successful / central result,Pasted text (7).txt
T03,Official-development validation,Parameter-free prediction,Predict Kerdock-vs-Sobol gain from spectrum and point geometry,Predicted 1.4972x; measured 1.4855x; 0.78% discrepancy. Absolute Kerdock prediction within ~5%.,Strong validation,PUBLIC_POST.md
T04,Numerical stability audit,Spectrum evaluation,Monomial-to-Gegenbauer recurrence and truncation convergence,"Harmonic reconstruction at truncation 4,096 agreed with direct kernel evaluation to 0.071%; avoided negative-variance cancellation.",Successful,PUBLIC_POST.md; Pasted text (7).txt
T05,Analytic / numerical,Fixed-node weighting,Optimize weights over the 129 Kerdock bases and competing configurations,Uniform Kerdock/MUB weights remained optimal for fixed support/family; unequal basis weighting did not help.,Closed within tested family,PUBLIC_POST.md; Pasted text (7).txt
T06,Low-dimensional numerical search,Global geometry,d=4 MUB perturbations and random searches,"224,000 tangent perturbations, 4,000 random configurations, and 6,000 orthogonal-basis searches initially found nothing better; closest alternatives ≥11% worse.","Strong local evidence, later superseded globally",Pasted text (7).txt
T07,Low-dimensional numerical search,Global geometry,"d=16, N=288 comparison",Median limiting-kernel MSE: MUB 5.3e-5; random orthogonal 6.4e-5; Sobol 7.1e-5; IID antipodal 8.2e-5; optimized random orthogonal still 21.7% worse.,Strong evidence for MUB,Pasted text (7).txt
T08,Finite-width analysis,Kernel approximation,First-order finite-width correction and direct finite-network tests,Correction helped shallow networks but sometimes failed badly at depth; finite-width effects were nonuniform.,Infinite-width model not exact at width 256,Pasted text (7).txt
T09,Numerical optimization bound,Kernel-energy lower bound,"Delsarte-style auxiliary polynomial at d=256/depth32/N=66,048",Kerdock 2.433660e-7 vs numerical lower bound 2.428983e-7: within ~0.192% of optimal among nonnegative-weight rules. Lacks interval-certified continuum proof. This first bound was later tightened to a 0.02337% maximum gap.,Superseded by T13 tightened certificate,Pasted text (7).txt; EXPERIMENT_REPORT_V3.md
T10,Low-dimensional counterexample,Kernel-energy optimization,"Explicit d=4, 24-point configurations optimized against deep-ReLU kernel","Relative to MUB: 0.96353 at depth4, 0.99873 at depth16, 0.99983 at depth32; finite-width confirmation at widths 64/256 with paired z≈−5.0/−9.7.",Disproves exact global optimality from design exactness,Pasted text (7).txt
T11,Differential geometry audit,Local optimality,Complete Riemannian Hessian at d=4 MUB,Depths 1–64: exactly six rotational zero modes and all other eigenvalues positive; depth32 smallest nonrotational eigenvalue 1.96e-5.,Strict antipodal local minimum,Pasted text (7).txt
T12,Finite-width numerical audit,Resolve sub-percent target differences,"Coupled finite-width simulation, common randomness, Sobol QMC innovations, first-order 1/width corrections",Target difference remained too noisy; first-order correction unreliable at large depth.,Open / inconclusive,Pasted text (7).txt
T13,High-precision computer-assisted lower bound,Tight kernel-energy certificate,"KKT-tightened degree-5 Delsarte auxiliary polynomial at d=256, depth32, N=66,048",Kerdock MSE 2.4336603555e-7; certified-form auxiliary lower bound 2.4330918535e-7; maximum possible improvement 0.02337%.,Superseded by T22: V5 completed the directed-rounding computer-assisted proof,EXPERIMENT_REPORT_V3.md
T14,High-precision dimension sweep,Kernel-energy certificate scaling,"Apply tightened auxiliary bound at d=4, d=16, and d=256","Maximum possible improvements over MUB: 0.8757%, 0.2764%, and 0.02337%, respectively.",Explains rapid high-dimensional near-optimality,EXPERIMENT_REPORT_V3.md
T15,100-digit numerical certificate,Continuum inequality audit,Isolate and evaluate all stationary points of h(t)-K32(t),"Exactly five isolated stationary points, bracketed below 7e-61; largest upper value <= -1.00479e-13. Coefficient rounding remained safe.","Strong computer-assisted evidence, not formally directed-rounded",EXPERIMENT_REPORT_V3.md
T16,High-degree numerical dual audit,Auxiliary-LP optimality,"Check dual reduced costs for harmonic degrees 6 through 1,000,000",All were nonpositive; closest unused degree was 7 at -2.5050045e-7; high degrees approached -1/N.,Strong evidence degree-5 certificate is LP-optimal; analytic tail pending,EXPERIMENT_REPORT_V3.md
T17,Symbolic/numerical feasibility audit,Exact-contact certificate,Force a degree-5 auxiliary polynomial to touch Kerdock inner products -1 and ±1/16,"Nonnegative Gegenbauer coefficients require parameter >= 0.00069297, while pointwise lower-bound validity requires <= -0.02387692; intervals are incompatible.",Exact degree-5 Kerdock-contact proof impossible,EXPERIMENT_REPORT_V3.md
T18,Explicit d=16 construction + adversarial optimization,Intermediate-dimensional MUB search,"Construct nine real MUBs / 288 antipodal nodes and optimize bases, lines, non-antipodal nodes, homotopies, and twists",Explicit and pair-count MSE agreed to 1.11e-16; uniform weights were optimal on support; broad searches found no better rule.,"Strong stress test, not global proof",EXPERIMENT_REPORT_V3.md
T19,Low-dimensional signed-weight search,Signed-weight loophole,"10,000 random d=4 rules and 16 joint node/weight optimizations",255 random rules used negative weights; the best was at least 1.508x MUB. Joint optimizations converged to positive nearly uniform weights; best 0.0172% improvement used positive weights.,No practical signed-weight evidence; theorem loophole remains,EXPERIMENT_REPORT_V3.md
T20,Approximate finite-width theory,Finite-width CLT-state recursion,"Three-dimensional covariance-state propagation across widths 128–1,024","Estimated finite/infinite MSE multipliers: 1.196, 1.137, 1.123, 1.078, 1.065, 1.032; width256 16-scramble mean multiplier 1.12254.","Plausible 9–12% correction, not theorem",EXPERIMENT_REPORT_V3.md
T21,Finite-width direct validation,Finite-width kernel audit,"20,000-sample neuron Markov checks plus full d=4/d=16 network tests","CLT-state kernel predictions improved tested individual correlations, but on 1,000 d=4 networks infinite-width and first-order predictions were excellent while CLT-state was about 4% high; d=16 was too noisy.",Exact d=256 finite-width correction unresolved,EXPERIMENT_REPORT_V3.md
C38,Exact construction audit + 32 synthetic networks,Kerdock implementation,Independent finite-field construction of the complete dimension-256 real MUB/Kerdock rule,"Validated 128 alternating binary 8x8 matrices; every nonzero difference had GF(2) rank 8; 128 Hadamard bases plus the standard basis; cross-basis |inner product| exactly 1/16; 66,048 antipodal points.",Construction independently validated,EXPERIMENT_REPORT(2).md
C39,32 architecture-matched synthetic networks,Partial Kerdock stopping,"Randomly stop after 8, 13, 32, or 64 complete Kerdock bases instead of all 129","Once the 0.1 multiplier floor was reached, the score proxy was nearly flat; none beat the complete rule reliably.",Closed; keep full rule,EXPERIMENT_REPORT(2).md
C40,Bidirectional held-out cross-validation,Kerdock aggregation,"Coordinate trimming, mean/median blends, early-layer deviation weighting, and standard-basis reweighting",Best median blend gained below 1%; aggressive aggregation failed out of sample.,Equal weighting remains default,EXPERIMENT_REPORT(2).md
C41,Discovery plus untouched 16-network holdout,Adaptive basis selection,Early-layer greedy herding of Kerdock bases to match the full-design mean,A 48-basis layer-1 rule looked 12.7% better in discovery but was slightly worse on holdout; score-gain estimate 0.986x with wide interval.,Selection leakage; closed,EXPERIMENT_REPORT(2).md
C42,"16 synthetic networks, six complete rotations",Rotation selection,Choose among Kerdock rotations using exact layer-1 mean/covariance diagnostics,"Oracle best-of-six gap was 1.79x, but all cheap predictors had approximately zero Spearman correlation with final quality.",Real inaccessible oracle gap; no deployable selector,EXPERIMENT_REPORT(2).md
C43,"Discovery, validation, and final 16-network holdout",Antipodal reduction,Evaluate one network-adaptively selected sign per Kerdock line,Looked 10–15% better initially; final holdout score gain was 0.883x and all-32 result 0.996x before selection overhead.,Rejected,EXPERIMENT_REPORT(2).md
C44,"Prospective 16-network holdout at 4,096 directions",Small-budget hybrid sampling,Blend a small structured sampler with a corrected Gaussian analytic anchor,Fixed blend improved MSE from 6.17e-6 to 4.81e-6 (28.2%); target-free split-noise blend improved about 16.6%.,Useful only for cheap/partial estimators; too costly atop full Kerdock,EXPERIMENT_REPORT(2).md
C45,Kernel audit and holdout analysis,Rotated Kerdock augmentation,"Reassess 90,624-row and 78,336-row rotated-basis pilots using ensemble kernel error-cost","Predicted error-cost ratios were 1.229 and 1.091; single additions, swaps, and convex reweighting did not improve.",Rotated-pilot branch rejected,arc_experiment_report.md
C46,8-network development + 8-network strict holdout,Intermediate particle thinning,Morton-group actual-particle thinning after layer 24 with positive reweighting to match 128 prefix features,Development projected 0.873x score; strict holdout reversed to 1.069x. Weights stayed positive and well conditioned.,Selector failed; real-particle recombination remains mechanistically informative,arc_experiment_report.md
C47,Five full-width synthetic networks,Network-adaptive anchor coreset,"Propagate full Kerdock to layer 28, retain 8,192 rows, and reweight to match anchor means","Reduced compression error roughly 40–170x versus ordinary subset thinning; cost ratio 0.8983, but added MSE 1.15e-7 versus break-even 2.26e-8.","Real effect, still 5.1x short of score break-even",ARC_NEW_PATHS_REPORT_20260728.md
C48,Full-width synthetic screening,Kink-aware coreset,Add 64 first-tail kink-neuron activation features to anchor-mean coreset weighting,"Improved over mean-only weighting while retaining stable near-uniform weights, but remained far above break-even error.",Only coreset refinement worth bounded follow-up,ARC_NEW_PATHS_REPORT_20260728.md
C49,Full-size synthetic,Particle compression,Tangent/JVP grouping of nearby particles through a shared suffix linearization,"Produced approximately 9,000–16,000x worse error-cost.",Catastrophic; closed,arc_experiment_report_round2.md
C50,Full-size synthetic,Kernel particle thinning,Remaining-depth ReLU-kernel Nyström representation and thinning,Suffix-kernel effective rank collapsed to about 1.001 and did not support accurate nonlinear tail compression.,Closed in tested form,arc_experiment_report_round2.md
C51,Development plus frozen seeds,Balanced thinning,Vector-balanced actual-particle thinning,Strong single-network cancellation reversed on frozen networks.,Failed holdout,arc_experiment_report_round2.md
C52,Full-size synthetic,Tail pilot design,Extreme-enriched pilot for detecting rare final-layer switching,Safe but detected too many low-impact events and spent more compute than it saved.,Inferior; closed,arc_experiment_report_round2.md
C53,Full-size synthetic,Tiered suffix sampling,"Three-tier sampled-tail estimator for stable, borderline, and switching outputs",Genuinely switching outputs still required exact propagation; no score gain.,Closed,arc_experiment_report_round2.md
V22,"Two independent width-256 batches, 8 networks",Exact-mean layer-1 control,Low-rank final-output PCA/ridge control using exact fixed-radius mean of layer-1 activations,"With 2,048 fitting trajectories, gross gain 1.2302x and net gain 1.1920x; 8/8 networks improved.",Strong synthetic candidate; official/Kerdock validation required,EXPERIMENT_SUMMARY_V2.md
V23,Matched width-256 training-size sweep,Exact-mean layer-1 control,"Vary fitting trajectories from 512 to 4,096 and control rank/ridge","Best matched net gain was 1.2329x at 2,048 trajectories; 4,096 improved gross fit but lost more production directions.","2,048 was best reserved-sample point in tested sweep",EXPERIMENT_SUMMARY_V2.md
V24,Eight width-256 networks,Soft-Jacobian control,Training-free expected-gate Jacobian from layer 1 to final layer with universal scale 1.25,8/8 improved; mean gross gain 1.1978x. Pilot-estimated-gate deployable version projected roughly 1.14–1.16x net.,"Robust mechanistic control, weaker than fitted low-rank control",EXPERIMENT_SUMMARY_V2.md
V25,Large-point width-64 validation; width-256 unresolved,Cross-fitted layer-1 control,Four-fold antipodal-pair-preserving cross-fitting without discarding production directions,Mean MSE improvement 1.244x at width 64; width-256 fold mode instability remained unresolved.,Promising but not target-scale validated,EXPERIMENT_SUMMARY_V2.md
V26,Synthetic width 256,Layer-1 nonlinear controls,Add exact quadratic cross-products of dominant layer-1 covariance modes,Gain changed only from about 1.206x to 1.207x.,Negligible; closed,EXPERIMENT_SUMMARY_V2.md
V27,Synthetic width 256,Pair-specific exact-mean controls,Regress antipodal pair averages on centered powers |h1| through degree 4,Reached only about 1.125x net.,Inferior to basic low-rank layer-1 control,EXPERIMENT_SUMMARY_V2.md
V28,Synthetic width 256,Deeper multifidelity controls,Estimate layer-2/4/8 surrogate means with many shallow trajectories,Best deeper result roughly 1.087x net versus about 1.202x for exact layer 1.,Deeper surrogate means cost more than they save,EXPERIMENT_SUMMARY_V2.md
V29,Synthetic width 256,Nonlinear random-feature controls,"ReLU, tanh, and cosine shallow features with sampled feature means",Best net gain only 1.029x.,Closed,EXPERIMENT_SUMMARY_V2.md
V30,Synthetic width 256,Output-mode selection,Choose regression modes by predictable variance instead of final-output PCA,Best net result about 1.135x; ordinary dominant output modes were better.,Alternative mode objective rejected,EXPERIMENT_SUMMARY_V2.md
V31,Synthetic width 256,Composite controls,Combine empirical Jacobian control with a learned residual,"Best matched result about 1.169x net, below strongest exact-mean layer-1 control.",Small composition gain only,EXPERIMENT_SUMMARY_V2.md
V32,Synthetic width 256,Pathwise Jacobian control,Rank-2 average true pathwise backpropagated Jacobian using 512 pilot directions,"Approximately 1.24x gross and 1.21x net, outperforming a larger ridge-control pilot.",Promising derivative-enhanced control,"User-provided AI run summary, 2026-07-28"
V33,Six fresh width-256 networks,Pathwise Jacobian validation,Frozen average-Jacobian control on independent networks,About 1.25x gross and 1.23x net; 6/6 networks improved.,Replicated on fresh synthetic networks,"User-provided AI run summary, 2026-07-28"
V34,Cross-validated synthetic,Jacobian residual fitting,Fit a small residual correction around the mechanistic pathwise-Jacobian prior,With 128 pilot pairs the correction collapsed back to the prior.,Residual not learnable at tested pilot size,"User-provided AI run summary, 2026-07-28"
V35,Synthetic width 256,Exact-mean nonlinear controls,Random one-hidden-layer ReLU features on original input with analytic Gaussian means,Diluted the useful layer-1 basis and reduced performance.,Failed,"User-provided AI run summary, 2026-07-28"
V36,Synthetic width 256,Gradient-direction controls,Use network-local input-gradient directions as exact-mean |u^T x| ridge features,Local kink directions did not form a useful shallow dictionary.,Failed,"User-provided AI run summary, 2026-07-28"
V37,Synthetic width 256,Intermediate path-gradient multifidelity,Attach pathwise derivative controls at multiple intermediate depths and estimate their shallow means,Deeper controls explained more variance but mean-estimation cost exceeded savings.,Closed,"User-provided AI run summary, 2026-07-28"
V38,Oracle mode diagnostic,Pathwise Jacobian mode selection,Replace pilot PCA output modes with oracle output modes,Improved the control by less than 0.2%.,Pilot PCA is not the bottleneck,"User-provided AI run summary, 2026-07-28"
V39,Synthetic paired comparison,Jacobian pilot design,Estimate average Jacobian with scrambled Sobol-antipodal rather than random pilot directions,No material improvement.,Pilot QMC does not solve Jacobian noise,"User-provided AI run summary, 2026-07-28"
V40,Synthetic width 256,Pair-selected Jacobian control,Use the branch-selected derivative identity for q=|h1|/2 instead of averaging antipodal path gradients,Best net gain increased from about 1.226x to 1.249x.,Strongest pathwise control mechanism,"User-provided AI run summary, 2026-07-28"
V41,Synthetic pilot-size sweep,Pair-selected Jacobian control,Vary pair-selected Jacobian pilot from 256 to 512 directions,Optimum was flat; 256 directions preserved more production compute.,Freeze 256-pilot setting for transfer test,"User-provided AI run summary, 2026-07-28"
V42,Synthetic width 256,Stein control variate,Half-normal Stein-kernel weighting of pair-selected path derivatives,"Small consistent improvement, raising best net gain to about 1.252x.",Mechanistically supported incremental gain,"User-provided AI run summary, 2026-07-28"
V43,Synthetic width 256,Sphere Stein control,Replace Gaussian half-normal Stein kernel with exact fixed-radius beta-density sphere kernel,Numerically indistinguishable at dimension 256.,Confirms large-dimension mechanism; no extra gain,"User-provided AI run summary, 2026-07-28"
V44,Synthetic width 256,Multivariate Stein control,Multiply Stein-weighted derivative by inverse exact covariance of absolute layer-1 features,"Added a small gain, reaching about 1.2525x net on tuning networks.",Best tuned pathwise variant,"User-provided AI run summary, 2026-07-28"
V45,Eight completely new width-256 networks,Frozen Stein validation,"Rank-2, 256-pilot, 50% multivariate-Stein pathwise estimator with frozen settings",Validated at 1.243x net with 8/8 wins.,"Superseded by V59: strong on antithetic samples, but complete-Kerdock transfer failed the continuation gate","User-provided AI run summary, 2026-07-28"
V46,Synthetic cross-validation,Nonlinear pathwise controls,Centered powers of half-normal layer-1 magnitudes along selected derivative modes,Improved only about 0.15%.,Marginal,"User-provided AI run summary, 2026-07-28"
V47,Synthetic tuning batch,Gradient-curvature control,Coordinatewise derivative-versus-magnitude curvature term centered analytically,Raised tuned net gain to about 1.2565x.,Small tuning improvement,"User-provided AI run summary, 2026-07-28"
V48,Synthetic width 256,Low-rank curvature control,Fit full cross-coordinate gradient-versus-magnitude Jacobian and compress to rank 1–8,Failed to beat the simpler diagonal term.,Dense cross-coordinate curvature closed,"User-provided AI run summary, 2026-07-28"
V49,Eight completely new width-256 networks,Diagonal curvature validation,Frozen diagonal gradient-curvature correction,"Validated around 1.243x net with 8/8 wins, nearly identical to frozen Stein estimator.",Optional; no demonstrated gain over simpler Stein form,"User-provided AI run summary, 2026-07-28"
V50,Synthetic cross-validation,Higher-order homogeneity controls,Cubic and higher centered derivative-power expansion,Higher powers reduced generalization; only first curvature term survived.,Closed beyond first curvature term,"User-provided AI run summary, 2026-07-28"
V51,Width-64 discovery then full width-256 falsification,Affine suffix residual,Analytically average a fitted affine tail and sample only its nonlinear residual,Width-64 suggested 1.22x; at width 256 the tail-8 hybrid was about 7x worse and tail lengths 1–4 remained negative.,Scale-dependent false positive; closed,ARC_NEW_PATHS_REPORT_20260728.md
V52,Full-width Kerdock screening,Final-layer Rao–Blackwell control,Exact full-cloud final preactivation mean plus subset ReLU and linear Hermite correction,"At 8,192 rows, additional MSE 3.24–4.60e-8 versus break-even 5.63e-9; only 2.74% compute saved.","Real variance reduction, 6–8x too noisy for score",ARC_NEW_PATHS_REPORT_20260728.md
V53,Full-width Kerdock screening,Final-layer Edgeworth control,Use pilot variance/skew/kurtosis and third/fourth/sixth-order marginal corrections,"Best Edgeworth additional MSE 5.56e-8, worse than linear CV 3.24e-8 at every pilot size.",Closed,ARC_NEW_PATHS_REPORT_20260728.md
V54,Full-width screening,Kink-feature ridge control,Predict tail outputs from anchor PCA plus 16–128 selected kink activations and sample a residual,Best added MSE 2.03e-7 versus break-even 1.88e-8.,Closed,ARC_NEW_PATHS_REPORT_20260728.md
V55,Six width-256 development networks,Safe structure-aware multifidelity,Large Kerdock surrogate stream with dead/on/kink simplification plus small exact residual stream,"Best projected adjusted gain 1.0632x, CI [1.0449,1.0701], 6/6 wins, but nearly all from idealized sparse arithmetic.",Missed predeclared 1.15–1.20x gate; closed,PRIORITY_EXPERIMENTS_REPORT.md
V56,Full-size frozen synthetic,Multilevel suffix control,Linear multilevel prefix/suffix estimator,Aggregate score ratio 1.248x with network range 0.62x–1.77x.,Worse and unstable,arc_experiment_report_round2.md
V57,Full-size frozen synthetic,Multilevel suffix control,Nonlinear multilevel prefix/suffix estimator,Aggregate score ratio 1.105x with a 4.30x outlier.,Worse; closed,arc_experiment_report_round2.md
V58,Full-size synthetic,Low-rank final-layer control,Rank-32 final-layer low-rank control,Remained about 1.31x worse.,Catastrophic; closed,arc_experiment_report_round2.md
M61,"Target-width synthetic, three networks",Dead/on/kink analytic rollout,Pilot-classify stable gates inside recursive Gaussian moment propagation,Strict correction improved Gaussian rollout by only 1.9%; absolute final MSE remained about 1.3e-4.,Stable but hundreds of times too inaccurate,ARC_NEW_PATHS_REPORT_20260728.md
M62,Held-out reduced width/depth free rollout,Rollout-aware PSD closure,"Permutation-equivariant, bounded, PSD-preserving learned closure trained through full rollout",State-only model improved final MSE 3.36x at width24/depth12 and 4.29x transferring to width32/depth16.,Strong small-regime fit,PRIORITY_EXPERIMENTS_REPORT.md
M63,Depth-32 target training plus width transfer,Rollout-aware PSD closure,Fine-tune through width32/depth32 rollout and transfer to width64/depth32,10.40x improvement at training width but 0.75x at width64; oracle local moments did not fix transfer.,Width-specific model class closed,PRIORITY_EXPERIMENTS_REPORT.md
M64,Held-out width-256 synthetic,Transported-cumulant learned closure,Feature ablation for symmetric x1 and antisymmetric x1a transported k21 slices,Marginals only 0.81x; x1 1.71x; x1a 1.47x; x1+x1a 3.58x next-variance gain.,Real localized mechanistic signal,BOUNDED_ML_REPORT.md
M65,Fresh width-256 model-size sweep,Transported-cumulant learned closure,Small coefficient network widths 8–96 using x1/x1a,64-unit model achieved 2.20x gain at about 9.2B inference FLOPs; 96-unit 2.33x at about 20B.,64-unit best tested compute/accuracy compromise,BOUNDED_ML_REPORT.md
M66,Held-out width-256 synthetic,Transported-cumulant learned closure,"Direct full-width 10,082-parameter nonlinear coefficient model",Strongest run reduced one-step variance error 3.25% to 0.856% (3.80x) on every held-out case.,Promising one-step target-width result,BOUNDED_ML_REPORT.md
M67,Four-network oracle recursive diagnostic,Transported-cumulant rollout,Use oracle marginals and oracle k21 features while recursively propagating off-diagonal covariance,"Final propagated variance error fell from 31.6% to 3.63% (8.68x), but remained inadequate.",Superseded diagnostically by M79: oracle-feature rollout improves all held-out MLPs but yields a non-PSD state,BOUNDED_ML_REPORT.md
M68,Finite-pilot deployability test,Transported-cumulant closure,Restrict learned model to ordinary finite-pilot features,Learned next-variance error 3.75% versus raw sampled covariance 3.56%.,No gain without factorized K3 x1/x1a,BOUNDED_ML_REPORT.md
M69,Cross-width synthetic,Transported-cumulant transfer,Train flexible tree and compact coefficient models at smaller width and transfer with x1/x1a,Tree model transferred width64→256 with 3.29x gain; compact neural coefficient model did not transfer.,Feature law transfers in flexible model; compact runtime must train at target width,BOUNDED_ML_REPORT.md
M70,Reduced-width full rollout,Joint mean/covariance compatibility,Combine learned covariance correction with full Edgeworth mean correction,"Each component helped with the other held Gaussian, but full-strength combination worsened final output; damping did not robustly fix it.",Need a mutually realizable joint state,CONTINUATION_REPORT.md
M71,Full-size synthetic,Tail-risk classification,Rank stable-gate approximations by raw pilot tail risk,Pilot ranking noise caused 8–13% misses.,Failed,arc_experiment_report_round2.md
M72,Full-size synthetic,Gate certification,Clustered interval bounds for stable final outputs,Certified none of 151 outputs that were actually stable in the reference run.,Axis-aligned certification ineffective,arc_experiment_report_round2.md
A12,30 full-width synthetic networks + arithmetic threshold,Dead-channel arithmetic,Switch from persistent Winograd to compact dense multiplication when pilot-stable channels are dead,Mean active width 222.3/256; only 0.43% of layer/network cases crossed the ~163-channel break-even; mean theoretical saving 0.011%.,Essentially zero gain,ARC_NEW_PATHS_REPORT_20260728.md
A13,Functional package tests; official execution pending,Official Haar runner,"Build IID, Sobol, Haar-10, Haar-11, Haar-12, and Haar-12-direct estimator packages and paired Mini-100 runner",All packages passed contract/shape/finite-output tests; CDF approximation max error 7.45e-8. Official Mac run remains pending.,Implementation complete; evidence unresolved,PRIORITY_EXPERIMENTS_REPORT.md
A14,Software/schema validation only,Factorized K3 learned runtime,"Implement selective corpus downloader, MLP-level trainers, get_dslice((2,1)) adapters, NumPy inference, and cost models",Pipeline smoke-tested end to end on schema-compatible generated files; no real-corpus training completed.,"Research infrastructure complete, not a result",BOUNDED_ML_REPORT.md
A15,Eight fresh full-width networks,Final-layer sequential compiler,Pilot-classify nearly deterministic final outputs and exactly propagate only kink outputs with minority-tail corrections,Frozen holdout score ratio 0.989754x.,Small reproducible fallback gain,arc_experiment_report_round2.md
A16,Twelve fresh full-width networks,Two-layer suffix compiler,Jointly compile stable-on/off paths in the final two layers and exactly propagate penultimate kink channels/final kink outputs,"MSE ratio 1.001211; effective score ratio 0.984341, bootstrap [0.979540,0.989634]; projected 1.4499e-7 from 1.4730e-7 baseline.",Validated small fallback candidate; A19 adaptive 2–6-layer compiler is now preferred pending official integration,arc_experiment_report_round2.md
A17,Dense timing and shape-padding audit,Two-layer suffix compiler,"Benchmark exact, pad-16, and pad-32 compiled shapes",Exact score ratio 0.984341; pad-16 0.987799; pad-32 0.992829. Representative compiled layers took 0.081s versus 0.163s dense.,"Timing supports gain, but blocked-layout conversion still unmeasured",arc_experiment_report_round2.md
A18,Representative runtime benchmark,Sparse arithmetic,CSR propagation for stable/kink channel subsets versus dense BLAS,CSR was approximately 12x slower.,Generic sparse matrices rejected,arc_experiment_report_round2.md
V59,20 fresh width-256 networks × 4 complete-Kerdock rotations,Kerdock transfer of pathwise Stein control,"Freeze rank-2, 256-pilot, 50% multivariate-Stein pathwise control and apply it to the complete 66,048-point Kerdock rule","Retained strong variance reduction on ordinary antithetic samples, but complete-Kerdock aggregate gain was 0.9369x with paired bootstrap [0.8349, 1.0868], below the preregistered 1.10x gate.",Provisionally closed on Kerdock geometry; V45 synthetic gain did not transfer,UPDATED_RESEARCH_STATE_20260728.md; kerdock_stein_transfer_results_20x4.json
V60,25 full-width synthetic networks,Exact layer-1 mean control on Kerdock,"Apply an exact layer-1 mean transport/control directly to complete Kerdock estimates, with target-free strength selection from basis dispersion","Pooled ratios around 0.973 unselected and 0.966 with a target-free selector, but intervals included no gain and worst networks deteriorated by 26–30%.",Real aggregate effect but unsafe and too volatile for submission,"Non-K3 continuation report, user-provided multi-agent update"
V61,Fresh synthetic suites through seeds 32–47,Exact first-layer quadratic control,Use z=(u^T a1)^2 with analytically known expectation and a cheap summed-output sensitivity direction,Fresh raw-MSE gain 4.43–4.45%; a correction amplitude fixed on earlier seeds produced 7.33% gain on the untouched set.,Promising small control; needs larger Kerdock and exact-cost validation,"Quadratic-control continuation report, user-provided multi-agent update"
V62,Fresh synthetic suites through seeds 32–47,Layer-1 transport control,Transport the exact layer-1 mean through a fitted low-rank downstream control,"Prospective raw-MSE gain approximately 8.19%, stronger than the quadratic control in the same suite.",Positive synthetic result; cost-safe implementation and tail-risk validation unresolved,"Quadratic-control continuation report, user-provided multi-agent update"
V63,Fresh synthetic suites,Composite layer-1 controls,Combine layer-1 transport with the exact quadratic control,"Raw-MSE gain reached about 9.42%, but the tested implementation required both transported and unmodified downstream trajectories.",Statistically positive but compute-infeasible as implemented,"Quadratic-control continuation report, user-provided multi-agent update"
V64,"6,656-point full-width synthetic comparison",Low-budget exact-moment controls,Apply quadratic and layer-1 transport controls at the approximate 10%-multiplier point count,Quadratic improved only 1.88%; transport worsened 4.86%; combined worsened 17.0%.,Closed at low point counts; control estimates are too noisy,"6,656-point correction results, user-provided multi-agent update"
C54,13 full-width networks,Stratified tail coresets,"Split a fixed 41,280-row tail budget into 1, 2, 4, or 5 separately calibrated basis-balanced strata","Projected score ratios were 0.99890, 0.99960, 1.00802, and 1.01930 respectively.",Additional strata increase cost and instability; closed,Adaptive coreset continuation report
C55,30-network cross-fit + 8-network multi-rotation diagnostic,Adaptive tail row allocation,"Use nested 20,640-row and 37,152-row estimate disagreement to select among 37,152, 41,280, and 45,408 tail rows","Cross-fitted projected ratio 0.99798; independent-rotation aggregate proxy 0.99432, suggesting a possible 0.2–0.6% gain.",Weak positive signal; too small and noisy to call submission-ready,Adaptive diagnostic and independent-truth experiments
C56,16-network development; fresh holdout incomplete,Multi-start balanced coresets,Generate 2–16 balanced candidate subsets and select the candidate with minimum pre-tail feature-mean discrepancy,Four candidates gave development ratio about 0.99798; 16 candidates 0.99801 versus oracle 0.99236.,Cheap selector recovers limited oracle headroom; fresh validation incomplete,Multi-start coreset experiments
C57,Full-width synthetic screens,Tail-surrogate coreset features,"Add predicted final preactivation/ReLU features, selected partial final contributions, and layer-31 matching to coreset calibration",No material compression-error reduction after feature and calibration cost.,Closed,Tail-surrogate experiments
C58,20 full-width networks,Network-adaptive particle selection,"Select antipodal coordinate pairs using kink, norm, random-projection, downstream-sensitivity, and leverage proxies",All structured selectors underperformed balanced random selection; top feature norm was especially harmful at 1.10431x.,Closed; adaptive scoring introduced damaging outliers,Network-adaptive selection experiments
C59,Full-width synthetic oracle and frozen-selector tests,Adaptive Kerdock early stopping,Predict a network-specific number of complete Kerdock bases from cheap diagnostics,"Oracle ratio approximately 0.6245, but frozen learned selector averaged about 1.390 with worst network about 6.31x.",Large inaccessible oracle gap; deployable selector closed,Non-K3 continuation report
C60,Public 100-MLP raw-accuracy evaluation + exact kernel cost audit,"90,624-row multifidelity Kerdock",Evaluate rotated-basis augmentation on the public networks and audit honest FlopScope/error-cost accounting,"Raw MSE improved about 10% (roughly 2.283e-7 to 2.045e-7), but rows increased 37%; kernel error-cost and honest assembly-free projections were worse than ordinary Kerdock.",Genuine accuracy gain but no adjusted-score gain; reject,Multifidelity smoke and scoring-audit reports
M73,Frozen synthetic holdout after leakage audit,Direct residual learning,Predict partial-Kerdock residuals from cheap weight and 16-basis trajectory statistics,"An apparent strong result was traced to a feature duplicating the full-design mean. After removal, gain was only 1.006x and residual MSE remained 16.07x full Kerdock.",Closed in tested form; leakage explains headline result,Non-K3 continuation report
M74,"Held-out width 32, 64, and 128 synthetic suites",Permutation-equivariant weight-space learning,Predict diagonal mean-field residual from the complete sequence of network weight matrices,"Held-out gains approximately 2.43x at width 32, 1.94x at width 64, and up to 1.64x during width-128 scaling.",Broad analytic bias is learnable; scientifically positive but far from challenge accuracy,Weight-space learning V2/V3 reports
M75,Matched held-out width-32 and width-64 Kerdock analogues,Weight-space Kerdock-error learning,Use the same equivariant architecture to predict the residual error left by Kerdock,"Kerdock error-vector gain 0.99x; error-scale gains 0.94x at width 32 and 0.99x at width 64, while positive-control mean-field targets remained learnable.",Current weights-to-Kerdock-error path closed,Weight-space V3 decisive comparison
M76,Oracle diagnostic at widths 32 and 64,Kerdock residual mode structure,"Fit one oracle multiplicative scalar per network, Y≈(1+c)K, to characterize Kerdock error","Oracle scalar improved 17.68x at width 32 and 3.82x at width 64, but its sign and magnitude were not predictable from tested weight or basis diagnostics.",Large simple-looking but inaccessible network-specific phase,Weight-space V3 report
M77,Synthetic holdout through seeds 8–15,Spectral-ramp Gaussian closure,Shrink only the dominant covariance eigenvalue in early layers with a depth-decaying schedule,"Best holdout analytic MSE about 2.60e-5; general covariance shrinkage, trace preservation, and deeper-only schedules were worse.",Mechanistically informative but far from Kerdock competitiveness,Spectral-ramp closure continuation report
M78,15 held-out official-weight MLPs; oracle current-layer features,Transported-cumulant downstream contraction,Apply learned x1/x1a covariance correction and contract through actual next-layer weights,"Validation-fitted alpha≈0.669 produced 2.04x relative-variance MSE gain, 2.03x sigma-MSE gain, 98.3% case improvement, and sigma RMS 1.59%→1.12%.",Strong oracle-feature contraction result; deployable feature generation still required,next_variance_eval.json and user-provided rollout summary
M79,15 held-out MLPs; 32-layer oracle x1/x1a rollout,Transported-cumulant recursive rollout,Recursively apply the learned covariance correction with true x1/x1a features at every layer and no PSD projection,"Final mean MSE gain 1.921x, variance gain 1.926x, sigma gain 2.075x; all 15 MLPs improved. Minimum covariance eigenvalue was -0.234.","Correction survives recursion with oracle features, but state is not a valid PSD covariance",recursive_rollout_raw.json
M80,Same 15 held-out MLPs,PSD repair for transported-cumulant rollout,Apply diagonal-preserving eigenvalue clipping after every recursive covariance update,"435 repairs caused severe late-layer distortion; mean gain 0.373x, variance gain 0.459x, sigma gain 0.568x, with only 13.3% variance wins.",Repeated PSD projection is destructive; not evidence that the underlying correction is useless,recursive_rollout_psdclip.json
A19,Three independent 20-network full-width holdouts,Adaptive 2–6-layer suffix compiler,"Use a 2,064-row balanced pilot, compile stable-on/off paths over candidate suffix depths 2–6, and select depth solely by predicted arithmetic cost","Across 60 networks, raw-MSE ratio 1.00170 [0.99976,1.00372], ideal cost ratio 0.95358, calibrated score ratio 0.97865 [0.97566,0.98163], 59/60 calibrated wins.",Best new implementation candidate; official blocked-layout Mini-100 validation required,Non-K3 adaptive compiler continuation bundle
A20,Calibration from prior compiler accounting,Adaptive compiler score projection,Calibrate ideal arithmetic savings using the fraction of two-layer compiler savings that survived effective accounting,Projected adjusted score approximately 1.442e-7 from a 1.473e-7 assembly-free baseline; plausible range about 1.431e-7–1.453e-7.,Likely only 0.5–1% better than the two-layer compiler after overhead,Non-K3 adaptive compiler continuation bundle
A21,Untouched 20-network depth-extension suite,Deep suffix compiler extension,Extend adaptive compiler candidate depths from 2–6 to 2–8,Depth 7 selected once and depth 8 never; calibrated ratio changed only from about 0.97855 to 0.97829 while symbolic complexity increased.,Freeze maximum depth 6,Non-K3 adaptive compiler continuation bundle
A22,Official subprocess/FlopScope smoke tests,Raw-BLAS accounting workaround,Attempt to run a locally fast raw-BLAS Kerdock multifidelity package through the grader-style subprocess,"FlopScope remote arrays rejected out= and in-place writes; functional tracked operations would require roughly 373B FLOPs for 90,624 rows, above the 272B budget.",Scoring bypass invalid; raw-BLAS package closed,WhestBench subprocess logs and scoring-audit report
A23,Software/API/numeric validation,Factorized-K3 submission-readiness scaffold,"Build calibration, fresh-100 audit, guard, float32, API-check, and flopscope.numpy inference scaffolding around the x1/x1a model",Gaussian primitive matched reference closely; model float32/float64 relative RMS difference about 2.58e-7; estimated ML inference cost about 11.8B FLOPs before K3.,Infrastructure complete; no deployable factorized-K3 score yet,Submission-readiness stage work report
T22,Completed directed-rounding computer-assisted proof,Kerdock near-optimality theorem,"Regenerate all certified intervals, kernel mean, exact Gram multiplicities, rational polynomial witness, Delsarte lower bound, and outward-rounded ratio","Proved 1 ≤ Kerdock/optimum ≤ 1.0002336550102949 for network-independent nonnegative-weight linear cubature with support ≤66,048 under the d=256/depth32 infinite-width ReLU kernel.",Completed scoped theorem; supersedes T13 pending-certificate status,V5 computer-assisted proof package and final theorem
T23,Clean-room reproducibility and hostile audit,Proof reproducibility,"Delete generated artifacts, rerun verifier from a separate directory, regenerate interval partitions and theorem outputs, and compare manifest-tracked files",All 32 tracked files reproduced byte-for-byte; exact rational witness removed NumPy from the formal proof; trust base and exclusions documented.,"Reproducible computer-assisted proof, not proof-assistant formalization",V5 hostile audit and clean-room regeneration
T24,Paper and competition-package build validation,Research dissemination,"Produce concise paper, arXiv-ready source, contribution writeup, public explainer, reviewer guide, and minimal proof bundle","Sources compile cleanly and proof package verifies; remaining placeholders are graded submission ID, official score, and permanent repository URL.",Submission package ready for human review and competition metadata,Paper/contribution package report
