WHestBench Canonical Current State — v25 historical snapshot; superseded by V26 Decision Memo (2026-07-30 18:50 ET),Conclusion,Evidence / environment,Competition meaning
SUPERSEDED SNAPSHOT,This sheet preserves the pre-agent v25 state for provenance.,See V26 Decision Memo and V26 Source Matrix for current decisions.,Do not use the old rank-4/5 or “source missing” priority language.
Protected estimator,"Complete 66,048-row Kerdock/MUB angular cubature with positive-homogeneity radial integration remains the statistical core.",Official full-100 baseline plus exact design audit,Do not change fixed network-independent positive geometry; theorem leaves <=0.0233655% potential improvement in its scope.
Protected compute implementation,"Persistent assembly-free partial-tree/Winograd propagation is the production compute core. Measured official-Mini baseline compute is175.62B. Row0 measured177.84B and score1.1306e-7, but the100-network mean score is1.4737e-7, making row0 30.3% optimistic.",Official/public Mini-100 measurement,"Use full-suite means, never row0, for shipping decisions."
Shipping comparison,"The calibrated compiler advantage does not transfer to the production baseline. two_layer measured1.027957 candidate/base, fixed_three1.042129, and adaptive_2_6 completed at1.11956 with0/100 wins. All tested suffix compilers are closed.",Official/public exposed Mini-100 current package,"Preserve the production estimator. The remaining shipping question is complete subprocess economics among production, A42 and A43."
Best statistical target,The full layer31 oracle remains large. A uniform independent experiment now shows observable radial-Hermite supports can retain most of it with oracle signed anchors: K32 raw0.4030 and80.56% gap capture; K1280.3218 and91.53% capture on24 fresh networks.,Fresh architecture-matched N=24 with independent target and anchor samples,Low-dimensional support capacity is validated; legal signed anchor estimation remains the blocker.
Strongest control-feature ceiling,"Oracle-state rank4 c21 remains mechanism evidence in another control, but the validated radial-Hermite program should not prioritize connected c21: lower-order mean/pair anchors dominate and connected-only is neutral.",Cross-control synthesis,Do not generalize c21 value across control formulations.
Adjoint / joint-scalar implementation,"The exact joint-scalar contract remains infrastructure, but current recurrence/checkpoint implementations are closed. The active target is no longer a broad moment state; it is the frozen K32 lower-order signed anchor, with K128 as a robustness ceiling.",M104–M113,No more recurrence algebra or universal shrinkage sweeps.
Sparse radial-Hermite controls,Direct final-output radial-Hermite control is the preferred scored formulation. In the uniform oracle experiment it tied layer31 replay to within0.0013 ratio while avoiding8.657B extra FLOPs.,M112/M113,Replay is rejected unless a future legal anchor shows a robustness advantage that repays the extra pass.
Sparse center structure,"Rotation/headroom is the remaining safety issue. Hard rotations produced worst2.621–3.083 when the full layer31 oracle itself lacked headroom; conditioned on oracle-helpful pairs, K128 was10/10 with worst0.981.",M113 hard-rotation panel,"A legal estimator needs abstention or shrinkage based on predicted headroom/sign, not more universal alpha tuning."
SOURCE / SIGN BOTTLENECK,,,
Binding quantity,"For M83, mean error <=0.3% is useful, ~0.45% breaks even, and 0.65% is harmful; covariance/c21 perturbations were much more tolerant in that control.",Oracle tolerance curve,Do not optimize tensor RMSE. Judge signed center/source error through complete final-control MSE.
Tested joint-anchor sources,"Complete exact 32-probe anchor scored 0.223995; exact lower-order part 0.633203; connected-only 1.580440. One-basis lower pilot froze at 1.04936 on 16 untouched, fold cross-fit 1.006825, and fixed lower+adjoint joint pilot 1.008463.",Fully reproducible archive audit from hash-matched JSONs; synthetic/full-width branch-specific cohorts,"Lower-order recentering is central, connected-only is harmful, and every tested deployable source family fails. A local rerun of the same designs is unnecessary."
Source localization / compute frontier,"Last 8/16/24 transitions contribute 23.554%/33.79%/82.49% of the signed connected defect. A full recurrence fits the nominal compute cap (10.310B), but its legal candidate was neutral at 1.000775; the inherited legal candidate was 1.014314.",Verified source JSONs + checkpoint cost frontier + compatibility recurrence reconstruction,The localization/cost problem is no longer the only blocker: legal source and inherited-state accuracy also fail. Do not run another ordinary recurrence or suffix rollout.
Partial-MUB coefficient pilots,"Independent pilots show that phase information exists but ordinary trajectories are uneconomic. The new no-extra-trajectory final-gate Stein flux produced only a 1.0021x raw gain and a 0.9866x adjusted gain, with correlation 0.0586.",Frozen 50-network width-256 shared-arithmetic test; 29/50 wins; worst candidate/base 1.0836; 1.5696% arithmetic increment,Close marginal Gaussian Stein/H3 flux as a V80 phase statistic. Any revival must be a genuinely non-marginal cross-output or adjoint-weighted statistic already available from shared arithmetic.
Same-cloud Edgeworth,"Kerdock-derived pre-moments plus noisy Edgeworth mean correction produced candidate/base 12.996, not the predicted ~0.96.",Architecture-matched harness,Same-cloud correction can actively damage the binding mean; do not treat degeneracy as merely neutral.
BRANCH STATUS,,,
Activation-region integration,Closed as a deployable estimator. Direct gate integration failed; residual CV reversed on frozen 24; Walsh/invariant phase models and internal pilots were neutral or negative.,"8 screen, 24 frozen validation, larger learned corpora; protected 64 unopened",Retain only the sparse-coordinate oracle and the adjacent shared-arithmetic companion-design idea.
Stable-gate MLMC,Closed statistically. Pointwise correlation 0.99944 and tiny block residual variance still yielded candidate/base 1.2645 because partial residual allocation destroyed complete-design cancellation.,Architecture-matched sandbox exact-design proxy,Use stable-gate logic only for arithmetic compilation.
Network-specific coreset,"Three distinct exact-geometry synthetic representation families now fail: K2 suffix kernels, adjoint radial-Hermite per-row phase scores, and signed pairwise cancellation-edge scores. Oracle 8,192-row supports remain excellent, but tested deployable scores recover oracle support only at chance and miss same-support oracle-error gates by 197–729x.","Exact 66,048 geometry: K2 N=20; radial row score N=12; pairwise edge score N=12. All width256 synthetic; protected holdouts unopened.",Close K2 and handcrafted independent row/edge scoring as active branches. Keep only a dormant mathematical opening for a near-free set-level scorer that directly predicts whole-support span/conditioning and passes the oracle-support gate before any optimizer.
Equivariant learning,Reduced-width forward/bidirectional/phase-augmented models were near neutral and tail-unsafe; best gain 1.01142 vs 1.03125 replay break-even. A true width256 edge-state DWS was not run.,"Widths32/64, up to 1,024 train + grouped rotations","Narrowed, not universally closed. Permit one bounded width256 experiment only after target basis/independent anchor are frozen."
Harmonic controls,Both broad degree6+ campaign and q8 exact ridge selection failed frozen validation; q8 selection 0.833 froze at 0.995 with worst 1.471.,48-network campaign plus separate N=8 frozen q8,Close standalone harmonic correction; use only as an internal feature under a fresh protocol.
Sampled pilots / ordinary companion designs,"Independent 1,032-point and internal 516-row phase pilots reversed; 2,064 points had <1% optimistic headroom and no decisive CI; 8,256 points was cost-negative.",Frozen N=24 phase study,Close ordinary extra-point pilots. A new companion design must reuse almost all prefix arithmetic.
Joint scalar / transported moments,"The exact 128-scalar contract and adjoint telescope pass all tests. The archived source families, inherited-checkpoint candidate, and full-depth legal recurrence all fail the retention or composed-MSE gates.","Reproducible archive audit + compatibility recurrence N=8; inherited cost 6.744B, full-depth 10.310B",Mark the tested joint-scalar deployment lane closed. Preserve the exact interface as infrastructure and the exact-checkpoint + candidate-source 0.526 near-miss as evidence that absolute checkpoint accuracy is the remaining enabling quantity.
Exact quadratic control,Earlier 4–7% lead reversed to candidate/base 1.0188 on 12 fresh networks.,Fresh frozen N=12,Closed.
GOVERNANCE / EVIDENCE,,,
Evidence hierarchy,Official paired grader > rigorous scoped identity > frozen full-width holdout > architecture-matched synthetic > oracle mechanism > infrastructure. Small sandbox tests may kill an exact implementation but not a broad class.,Cross-report reconciliation,"Always record environment, width, geometry, N, target quality, ratio convention, compute, tails, and protected-holdout use."
Contamination,"Global IDs 0–199 are exposed. The V73 64 holdout is oracle-mechanism history, not deployable confirmation. Several named sandbox blocks are branch-specific and require overlap checks.",Split audit,Generate new immutable validation/holdout blocks before sparse/learned claims.
Data integrity,A resume bug left three equivariant rows with weights but zero targets; they were regenerated before reported comparisons.,Training pipeline audit,Completion checks must validate every label component and hash manifests.
Near-term priorities,"1) certify the recreated exact Mini harness on the local raw parquet checkout; 2) run the frozen seven-arm local official suite; 3) ship the measured production/A42/A43 winner and calibrate delta64; 4) audit the legal compute gap; 5) formalize the Kerdock certificate, layer31 correction necessary conditions and signed-weight scope; 6) write the algorithmic-contribution article; 7) permit one layer31 experiment only for qualitatively new independent absolute-center information.",A39 completed compiler closure; A46 persistence; A47 instrumentation; A48 basis economics,The active program is implementation certification and proof/publication. Broad statistical search is closed; layer31 is a narrow dormant hedge.
Shared-arithmetic external phase,The frozen final-gate Stein flux marginal statistic slightly improved raw MSE but was score-negative after its 1.57% arithmetic increment.,"50 untouched width256 synthetic networks: raw gain 1.002085x; adjusted gain 0.986599x; adjusted candidate/base interval approximately [1.0025,1.0231]; sign accuracy 30/50; correction cosine 0.0655.",Close this exact marginal flux family. It is useful only as evidence that weak phase suppression can prevent V80 damage; it does not provide a score-positive signed estimator.
Target-free layer31 support,"Closed for the four tested selector families. Basis-PCA×sensitivity and sparse-Hermite×sensitivity selected nearly the same coordinates across rotations, but their captured oracle-gap fraction fell from 53.2%/51.1% to 38.9%/36.5%. The failure is rotation-dependent effectiveness, not coordinate instability.",Sandbox width256 N=8; rotations 3/19; high-reference exact amplitudes; 8/8 wins but gate failed,Do not run Stage B on these supports. Reopen only with a genuinely rotation-aware mode/subspace representation or a direct-output learned target.
Fresh direct-output oracle validation,"M109/M110 converts the prior eight-network0.109 claim into a fresh-cohort result: conservative0.4271 with24/24 wins and safe observed tails; noise-corrected0.1475. Lower-order-only slightly outperforms the complete anchor, while the connected term is neutral.",Synthetic width256 N=24; high-reference halves; IDs1000–1023 now exposed; preliminary same-stream result quarantined,"Treat as a validated oracle ceiling, not a runtime candidate. The deployment branch is now only legal estimation of the 128 lower-order mean/pair-moment contractions."
Workbook integrity repair,"Restored A23–A33, V65, T23 and T24 into the exhaustive Experiment Ledger; repaired the A25 collision by assigning the fixed-three specification to A29/A31; replaced stale row counters and duplicate KPI labels.",Cross-checked against earlier canonical CSV/XLSX artifacts,The workbook is again usable as the authoritative shipping and experiment specification.
Path 6 primary implementation,"A43 fused 512-row full-depth streaming is the primary frozen package. It preserves all 66,048 rows and every matrix product while caching right transforms and eliminating one output block materialization per layer.",Full exact-shape local pair: 63.995s -> 25.702s; peak RSS 2.172GiB -> 0.375GiB; projected tracked FLOPs 170.382691584B; RMS final-mean drift 3.42e-12.,Measure only in the official final subprocess before shipping; no protected-score claim yet.
Path 6 fallback,A42 cached-right stream512 retains the full output assembly and has projected tracked FLOPs equal to the production baseline.,"Full exact-shape local pair: 28.011s, peak RSS 0.375GiB, bit-identical to A43 locally.",Use only if A43's official residual overhead exceeds its 5.241ms effective-compute margin.
Path 6 closed ablations,"Standalone terminal reduction, float32 reduction, mutable preallocation, and primary on-demand basis propagation are closed in their tested forms.",Pinned FlopScope v0.9.1 requires immutable functional arrays; group1 basis streaming lowers memory but is materially slower.,Do not reopen without a legal functional kernel or a subprocess-measured effective-compute argument.
LATE CONTINUATION SYNTHESIS,,,
Exact-K32 scale,"Conservative positive scaling is now solved at the oracle-direction level. Fixed alpha0.50 passed canonical, hard-rotation and immutable fresh panels; unrestricted learned scaling remains tail-unsafe.",M114–M116; fresh12×3 holdout,Use alpha0.50 as the default diagnostic/deployment scale once a legal direction exists. Do not reopen sign reversal as the main exact-K32 concern.
Active external object,"The lower-only runtime contract is now frozen: 128 primary-cloud diagonal moments s_p,128 primary row-direction moments t_p, and only256 external center contractions (128 d_i,128 v_p^T d). Independent pair estimates change the24-network result by about1e-5.","M121,M130",Do not estimate a full covariance or propagate an independent cloud for pair moments. All statistical work targets the selected center contractions.
Former partial-MUB lead,"The earlier 112+17 partial-MUB average-economics signal did not survive immutable safety transfer. Paired safety, block selection, orientation codebooks and nested convergence are all closed.",M127–M135,"Retain only oracle/diagnostic arrays. There is no active selector, paired gate or companion-safety child."
Absolute-center observability barrier,The large layer-31 repair channel is now known to be multi-component: authenticated checkpoint increments are weakly correlated rather than one accumulating scalar bias. T42 gives the exact downstream-weighted conditional normal equation and T43 supplies quantitative class-restricted phase ceilings. No actual WHestBench transcript symmetry or small KL/TV bound is yet proved.,M160–M162; T42–T43,"Current feature classes remain closed, but the mathematical next step is a declared transcript certificate, not another generic learner or a universal impossibility claim."
Micro-cubature,The exact rank32 width256 continuation failed even with oracle center; ranks32–80 plateaued near0.73–0.77 with unsafe tails.,M122,Close absolute h24/depth8 micro-cubature. Reuse only QMC/factor machinery for a small residual after a successful analytic anchor.
Learned center and phase,"Large equivariant, weight-only, basis-flux and gain/abstention studies failed absolute precision and tails despite strong oracle subspaces.","M117–M118,M123–M124",No broad learning program. A tiny residual/gate model may reopen only around a frozen legal anchor already below0.75.
PAPER / PROOF AUDIT SYNTHESIS,,,
Official / shipping position,The protected estimator remains complete 129-basis Kerdock. No latest Markdown report produced a new submission candidate. Production/A42/A43 plus delta64 and the partial-basis instrumentation are frozen in the seven-arm local official-subprocess suite.,"A47,A48; ReopenedPaths final report",Run the suite once and submit only the measured production/A42/A43 winner. Do not infer official performance from local tracked counts alone.
Winning update,"Four reopened paths were tested: downstream anchor rescoring, Poisson controls, projected exact-mean ReLU controls and outside-Kerdock signed probes. Their canonical deployable results are respectively tail-unsafe 0.852, terminal 1.038, extended 1.013 raw/1.067 adjusted, and global 1.557 despite a 0.131 oracle.",M155–M158,The competition search is more decisively closed in these classes. Current position needs ~4.34x adjusted improvement; none is close.
T22/T23 theorem release,"T22 remains a one-sided computer-assisted certificate: true Kerdock excess is in [0,0.02336550102949%] in the static nonnegative limiting-kernel class. T31 hardens v5.1 with exact MUB construction, 32 canonical outputs, 23 chunks, 59 manifest entries and stale-v4 quarantine.","T22,T23,T31","Publication-ready after external digest anchoring, CI/full clean regeneration and named human sign-off. No finite-width/adaptive/nonlinear extrapolation."
T30 all-degree auxiliary theorem,The degree-five Hermite auxiliary is now the unique optimizer of the unrestricted all-degree admissible auxiliary LP. This tightens the auxiliary comparison to 0.023324172950039%.,"T16,T30","Major proof gain. It closes higher certificate degree, not the remaining gap to the true cubature optimum."
Static structural extensions,T29 proves uniform mass-one fixed weights are optimal on complete Kerdock support at every width. T27 solves arbitrary real weights inside the fixed Kerdock-line universe. T37 generalizes complete-basis concentration under explicit association-value sign conditions.,"T27,T29,T37",Fixed complete-support reweighting and Kerdock-line deletion/signed schemes are exhausted in their exact scopes.
Information boundary,T33 gives score-space conditional-projection value. T42 gives the more general layer-space downstream-weighted conditional normal equation and explains when E[A|G] is valid. T39/T43 convert exact or approximate discarded symmetries and phase-information limits into class-specific ceilings. T32 still invalidates universal Gaussian Bayes/no-adaptation rhetoric.,"T28,T32,T33,T39,T42,T43",Use a two-boundary story: certified geometry plus declared-class information value. A failed learner is not an information upper bound.
Layer31 evidence status,"The repair channel remains large, but M160 establishes pooled checkpoint heterogeneity rather than within-network multi-rank. M161 closes one five-source feature/ridge coefficient class, and M162 shows its projected-ReLU label has only1.144709x untouched-test oracle headroom while cheap invariant summaries fail. M146 remains quarantined; M153/M158/M159 close additional named representations.","M146,M153,M155,M158–M162","Treat layer31 as a useful repair interface, but do not choose scalar versus multi-mode source models until per-network increment geometry is recovered."
Learning evidence,M152 is removed from evidence. M76 and M145 retain only qualitative historical conclusions because decisive rows/scripts are incomplete. The reproducible T4 grouped dictionary in M153 has negative OOF predictability.,"M76,M145,M152,M153","Close tested representations, not universal learnability. Do not rebuild M152 ad hoc and call it a reproduction."
Harmonic and control boundary,T36 proves adaptive global tuning cannot help within a uniformly annihilated control family. Named low-degree polynomial/Hermite/Stein and bias-free one-layer classes remain exact no-ops. M156 closes one genuine high-degree Poisson family; M157 closes a nonlinear projected-ReLU family.,"T36,M156,M157; T25/M79/V67","The taxonomy is now sharper: exact no-op classes, failed high-degree classes, and richer biased/deep/nonhomogeneous controls still logically open."
Signed/static boundary,"T27/T38 close arbitrary real weights and deletion inside the fixed Kerdock/MUB line universe. T57 now proves every static network-independent mass-one arbitrary-signed rule with<=66,048 nodes has limiting-kernel risk>=0.9370459569 R_K.","T27,T38,T45,T47,T56,T57; M158","Use T57 as the current global static signed theorem. Cheaper, finite-width-specific, adaptive, nonlinear and free-mass classes remain open."
Statistical portfolio,"No active deployable statistical branch survives across the tested information classes, including the newly reopened four. Broad adaptive/nonlinear classes remain mathematically open, but no evidence-backed route approaches the winning gate.","M132–M158,C67,T32,T33",Stop open-ended estimator search under the current deadline and resource constraints.
Implementation portfolio,"Same-row arithmetic and suffix compilation remain closed. The only live implementation task is the frozen local official-subprocess comparison of production, A42 and A43; 96 bases remains only an economics-defined control host.","A39,A47,A48,M148",No arithmetic-gaming or neighboring compiler research.
Paper contribution,"The strongest synthesis is a two-boundary theory: a certified geometric/static boundary (T22,T29,T30,T37/T27) and an information boundary organized by T28/T33, followed by a normalized falsification map M153–M158. T34–T36 provide finite-width, residual-kernel and control-nullspace methodology.",T22–T37; M153–M158,"Lead with the theorem boundary, then explain oracle capacity versus runtime information without universal impossibility rhetoric."
Reopening gate,"A new branch must introduce genuinely new geometry, runtime information, a transformed residual kernel or finite-width-specific structure. Before any protected replay, freeze estimator class, grouped splits, legal features, exact target/sign, constant baselines, compute and tails. Promotion requires material raw and adjusted gain with eta_J<1/nonlinear margin where applicable.",Master closure report; T33–T36,No universal ~5e-4 gate. No larger dictionary or generic learner over the same observables.
POST-v16 PROJECT CLOSEOUT,,,
Local shipping comparison,"All seven frozen packages ran on the deterministic synthetic contract. A42/A43 were bit-identical; A42 was fastest in this single local run. The official grader, FlopScope and official cohort were absent.",A49,Retain production until an official-environment comparison; local timing is not an official promotion.
Final competition descendants,Fresh exact-mean Stein validation lost; downstream alignment was too small; signed calibration was effectively nonnegative; fresh T4 shrink tied baseline despite oracle headroom.,M159,No tested statistical descendant changes the executable. Research stop is now operationally final.
Proof release,"T22/T23 has complete Decimal and GMP/MPFR numerical reproduction, exact coverage, matching GCC/Clang outputs and sanitizer passes. The local release ZIP and SHA-256 are frozen.","T31,T41","Mathematical numerical work complete. External digest publication, cross-OS CI and named human sign-off remain external gates."
Additional theory,"Finite-width fixed-line optimality, group-invariant observability and residual spectral recertification remain proved. Post-v20 adds the odd-gauge theorem stack, all-rank/CP results, degree280 signed floor, block-trace sharpness, zero-code equality and finite-width subcertificate frontier.",T38–T60,Include with explicit scope. T56/T57 require external interval review; T58/T59 redirect the static gap to realizability.
Project disposition,"The executable remains unchanged. The user-directed non-compute continuation has now closed M164, the frozen A50 four-mode phase construction, named Edgeworth final estimators, and nonlinear basis aggregation. No active statistical candidate remains.",M164–M168; A50–A51,Do not open protected data for descendants of these forms. The only retained constructive target is an explicit observable or identity for the full128 radial center contractions.
POST-v17 FINAL,,,
Late oracle continuation,Authenticated within-network reanalysis now shows effective rank3.680/3.852/4.111 on development/validation/confirmation and4-5 components for90% energy; the five-source learner and cheap invariant phase models still fail.,Updated M160–M162; FINAL_REVIEW_REPORT.md,"No competition candidate, but the source program must be multi-channel rather than scalar."
Quantitative observability program,"The correct layer-space optimizer is a conditional normal equation. Approximate phase flips, binary divergence, mutual information, finite-action and frozen-class certificates now provide theorem routes for declared transcripts.",T42–T43,"The next proof must specify an actual observation map, symmetry/divergence or bounded algorithm class."
Signed arbitrary-node floor,"T57's degree280 block-trace certificate gives a limiting-kernel floor of0.9370459569 times Kerdock risk for any static network-independent mass-one arbitrary-signed rule with at most66,048 nodes.",T57; in-package directed verification; external review pending,Same-cost static signed gain is below1.067184x; equal-cost static signed cubature is essentially closed as a winning route.
Companion frontier and falsifier,M164 completed untouched validation: raw0.900038 but adjusted inverse performance0.939729 and worst1.260358. The branch is closed and the64-network holdout remains sealed.,M164,Remove the prior mandatory-falsifier exception; no partial-MUB statistical branch remains active.
Canonical disposition,Canonical v20 integrates the completed non-compute statistical continuation. v19 is retained as the historical pre-experiment snapshot.,Non-compute continuation report and reproducible bundle,No competition candidate. Retain A51 only as an identity-gated research problem; all tested descendants remain closed.
POST-v18 PROOF COMPLETION,,,
Weighted static signed boundary,T57 supersedes T47/D47 and raises the global limiting-kernel arbitrary-signed floor to93.7046% of Kerdock risk.,T57; external Arb/FLINT audit pending,"At the4.34x gap, even a floor-attaining static rule needs cost<=24.5895% of baseline."
Orientation quotient closure,T48 proves that M153-type sign-quotient features cannot support nonzero representation-consistent signed coefficients.,T48; exact feature audit,Stop generic learning on the same even features. The only principled escape is a canonical orientation-odd observable.
Only concrete phase experiment,"A50 preregisters one bounded orientation-odd experiment, but it may run only on a source basis with independent oracle gain at least1.20x.",A50 specification; no labels opened,"Scientific mechanism path, not standalone winning-scale. M164 remains a one-off contradiction check only."
Winning-scale frontier,"At the recorded approximately4.34x adjusted gap, unchanged-MSE compute must fall below23.04% of baseline. A T57-floor method must use below24.59% of baseline compute.",Canonical v21 Challenge Frontier,"Only radical compute reduction, adaptive/nonlinear finite-width identities or a high-value transformed residual can plausibly move the competition materially."
NON-COMPUTE STATISTICAL CONTINUATION,,,
A50 radial orientation,"Full K32 oracle mean ratio0.425 and rank4 ceiling0.769, but every grouped legal policy was harmful; best1.072.",A50;12 cases,Close four-mode orientation and feature class. Full128-probe interface remains open.
Edgeworth source,"Same-design cross-cumulants improve one-step variance closure20-25x, but recursive/final/downstream forms fail.",M165–M167,Retain only as mechanism evidence; no validation without final-output source ceiling.
Nonlinear basis aggregation,"Development geomed0.973 reversed to1.005 on frozen proxy holdout, with worst1.340.",M168,"Close robust, power-mean, central-subset and nested aggregation in this representation."
Remaining constructive target,Estimate the128 selected center-coordinate and directional contractions required by exact lower recentering.,A51,"Highest-value remaining non-compute question, but requires an identity or new legal observable."
Program disposition,All requested concrete paths have been executed or reconciled; no protected data opened and no executable change.,"M164–M168,A50–A51",Hard stop on generic descendants. Reopen only for a materially new full-contraction observable with a frozen final-output ceiling.
POST-v20 LATEST PROOF FRONTIER,,,
Static arbitrary-signed near-optimality,"T57 certifies R(Q)>=0.9370459569114724 R_K for every static network-independent mass-one rule with at most66,048 arbitrary nodes and real weights in the limiting K32 kernel.",Degree-280 block-trace certificate; directed order-320 interval verification,"Same-cost static signed gain is at most1.067183517x. At a4.34x adjusted gap, even a floor-attaining rule needs cost<=24.5895% of baseline."
Block-trace method exhausted,T58 proves rank plus every individual harmonic block trace is exactly sharp over abstract symmetric matrices for every released profile.,Schur-Horn construction and component-by-component check,Do not spend more effort optimizing only rank/block traces; the remaining static gap is realizability.
Atomic equality boundary,T59 shows an actual floor-attaining atomic rule must have exactly N equal positive weights and pairwise zero comparison-kernel inner products.,Exact evaluation-matrix equality proof,"Next theorem target is a spherical zero-code, idempotence-defect or joint-moment lower bound."
Finite-width compressed target,T60 shows a 90% signed subcertificate requires actual-width coefficient control only through degree128;93% requires194.,Exact truncation frontier,Degree128 noise-stability/Hausdorff-moment transfer is the highest-value actual-width proof.
Within-network repair geometry,Updated authenticated reanalysis gives mean base effective rank3.680/3.852/4.111 on development/validation/confirmation; every base needs4-5 components for90% energy.,FINAL_REVIEW_REPORT.md; authenticated checkpoint arrays,Replace the scalar-bias narrative with a four-channel source program.
Support and coefficient closures,M170 closes the four tested K<=32 support menus at the exact-amplitude capacity level; M171 shows the flexible five-source model reverses the useful global first action.,Archived high-reference support and coefficient analyses,Do not train amplitudes on those supports. Future coefficient work must be constant-first residual learning.
Canonical v21 disposition,"No deployable candidate. Proof work is active on realizability and finite width; constructive work is active only on multi-checkpoint identities, constant-first residuals, exact replay and a materially new residual kernel.",T49-T60; M169-M171; updated M160,Generic descendants remain stopped. No protected data until a source ceiling and theorem-derived protocol are frozen.
POST-v22 BEST-PATH CONTINUATION,,,
Exact contracted target,"T70 proves that a rank-r target-free output source needs only r scalar adjoint-potential discrepancies b=A^T e, not a learned 256-vector defect.",T70,The central missing object is now an absolute estimator for a few scalar band contractions.
No-free-lunch correction,T71 shows the unpartitioned potential is exactly the original output projection plus a linear term already integrated by Kerdock.,T71,Only a band with cheaper or analytic expectation can create value; same-cloud recomputation is a no-op.
Practical source gate,T72 gives the exact optimal score (sqrt(r*)+S)^2. A source ratio0.20 permits only S<0.032802;0.22 permits only S<0.010974.,T72,Replace the fixed0.20-0.22 gate by the per-source margin Smax=sqrt(1/4.34)-sqrt(r*).
Late-interface replay,T73 compiles exact final-layer replay of a common late-center shift into one matrix-vector product plus coordinatewise piecewise-linear maps.,T73; authenticated layer30 oracle ratio0.0252,Compress multi-checkpoint modes at the late interface instead of proving four full deep replays.
Canonical v23 disposition,"No deployable candidate. The best path is a network-covariant late-center rank4/5 source, scalar band-contraction estimators satisfying T72, and exact T73 replay.",T70-T73,"Do not open protected data until r*, each v_j/gamma_j, Smax and the source construction are frozen."
A51 interface warning,"T67 shows that under a natural invertibility condition the full128 interface (Vd,Ed) reconstructs the entire 256-dimensional defect.","A51,T67",Do not generically estimate all128 outputs. Freeze a physical rank4/5 source and derive only its scalar normal-equation contractions A^T e.
Updated constructive priority,"The highest win-seeking path is a covariant four- or five-channel checkpoint source with oracle ratio below0.20-0.22, followed by exact contracted identities and T65-based deep replay.","M160,A51,T65,T67",Stop immediately if source capacity misses the gate; only then consider constant-first residual coefficient learning.
Canonical v22 disposition,"No deployable candidate was produced. The new results close shortcuts and sharpen the innovation target: contracted multi-checkpoint identities first, quantitative realizability second, architecture-specific finite-width transfer third.",T61–T69,"Generic static, support, PCA, all-128 estimation and qualitative transfer descendants remain stopped."
POST-v23 EXHAUSTIVE MATH-CONTINUATION AUDIT,,,
New strongest static floor,T74 raises the static mass-one arbitrary-signed limiting-kernel floor to 0.9370605225569535 R_K; same-cost gain is at most 1.0671669288460727x.,Atomic positive-index theorem plus exact-rational order-320 witness; stored v21 coefficient endpoints.,This is a genuine theorem strengthening but only a 0.0014566 percentage-point increase over T57; static geometry remains far from the 4.34x competition gap.
Mass-one loophole closed,"T75 extends the static theorem to unrestricted total mass: floor 0.9370603033214825 R_K, optimal relaxed mass 0.9999997660391557.",Constant-harmonic penalty plus inertia certificate.,Biased total mass does not reopen the static class.
Sign pattern sharply restricted,"T78 proves a monotone negative-atom tax. At least1,072 negative nodes prevents1.05x gain; at least4,160 makes the rule worse than Kerdock.",Exact-rational sign-count hierarchy on the frozen146-profile/order320 certificate grid.,"Any near-boundary signed rule must use extremely sparse negativity, nontrivial negative mass and unstable cancellation geometry."
Finite-width proof route formalized,T76 gives the exact finite-width chaos-energy state variable and a semi-infinite moment dual. Finite kernel samples alone cannot identify harmonic coefficients.,"Conditional Hermite expansion, Mehler identity, positive monomial-to-Gegenbauer map and nonidentifiability theorem.",Begin at degree62. Qualitative convergence or pointwise closeness cannot support a width256 certificate.
Suffix replay bridge strengthened,T77 proves an independent He Gaussian-ReLU suffix is nonexpansive in expected squared checkpoint-state distance.,Exact arc-cosine identity and iterated conditional expectation.,"The hard constructive questions are target replayability and source legality, not generic ensemble gate amplification."
Reproducibility scope corrected,"The MathContinuation package's rational-witness and theorem scripts pass using package-relative paths, but they reuse stored v21 directed kernel endpoints. Separately, the older BestPathsBeyondV21 aggregate ZIP is not clean-unpack self-contained because of hard-coded paths and missing A51 arrays.",combined_verification_v23.json and direct master-report audit.,Do not call either result an independent regeneration of the theorem-critical interval endpoints; repair the older aggregate release before citing clean-unpack replay.
Canonical v24 disposition,"No deployable estimator. T74 is the strongest static theorem; T76 is the valid actual-width proof program; T77 supports the late-interface constructive route. The best competition path remains a physical rank4/5 late-center source, scalar contractions satisfying T72, and exact T73 replay.",T70-T78; M160; authenticated layer29/30 oracle ratios.,"Stop static tuning and generic learners. Freeze source capacity, contraction variance/cost and legal replay scope before protected data."
NON-OVERLAP CONTINUATION v25,,,
Posterior floor reinterpreted,T79 shows the fixed-support second-chaos floor is 99.9694% observed–hidden cross chaos; pure hidden quadratic energy is only 0.0306%.,T79; independent association reproduction,Do not cite the fixed-support floor as intrinsic irreducible nonlinear noise. It can be escaped by a matched off-support contraction.
Dominant missing scalar,The one-dimensional even-global association sector carries 99.6666% of the cross-score energy. One ideal fixed matched scalar would reduce the retained second-chaos risk to at most about0.001175 R_K.,T79 numerical specialization,"The legal problem is now exact access to one signed innovation scalar, not generic nonlinear decoding or a coefficient vector."
Naive pilots ruled out economically,Posterior-residual independent sampling has estimated per-sample second moment0.0224527 against target variance2.45928e-7; about18.3M samples are needed for0.5% relative MSE.,posterior_score_decomposition.json,"Pursue only exact identities, structured integration, or already-computed shared arithmetic."
CLAF mandatory capacity gate,"T80 proves every sampled-state fan is limited by its physical source span. The frozen s=9,M=64 union span must leave <=0.00502 relative residual before any fan implementation.",T80; preregistration,Input plane rank and exact fan mean are irrelevant if the physical source span misses the target.
Two-plane diagnostic,"In the limiting fixed-preactivation posterior channel, exact 64-ray same/cross Kerdock planes capture only about6.4e-5 of the dominant score direction.",M172,"Strongly disfavor current plane geometry, but do not overclaim closure of the richer finite-width transported source."
Canonical v25 disposition,"No deployable estimator. The unique immediate task is the exposed physical source-span oracle gate. If it fails, close CLAF; if it passes, derive the matched signed scalar from shared arithmetic and compare it to validated radial-Hermite lower-order anchors.","T79,T80,M172; M110-M113",Agent1 retains infinite-factor positivity; Agent2 retains width256 moment dual. Do not duplicate those branches.
V27 FULL EXPERIMENT SYNTHESIS,,,
Score-law governance,"Above the10% compute floor, MC-rate designs are judged by V·f/B; the90,624-row multifidelity candidate is adjusted-score negative despite lower raw MSE.",M178; score-law audit,Stop reporting raw MSE without row/cost normalization and complete score.
Direct-output representation retained,The adaptive rank34–38 source remains legal and high-capacity at r*=0.0748607.,M173; exact Agent4 reconstruction,"The source is a structural result, not a deployable estimator."
Linear checkpoint-gauge class closed,"Source-specific primal/dual, ONB escape, late-only partitions and complete all-layer dual all miss the gate decisively.","T86,T87",Stop all linear independent-block gauge/partition tuning; only nonlinear/biased analytic identities remain outside scope.
Analytic moment path promoted,Oracle marginal and pair corrections have measured winning-scale accuracy; dense bivariate third+fourth closure already reaches0.288% one-step next-variance error.,"M03,M04,M40,M66",The local formula is sufficient; legal moment transport and free rollout are the actual missing algorithm.
Deployment failures reconciled,"Sampled moments, ordinary pair learners, generic low-rank states and free recursive combinations fail because state noise, downstream weighting and mean/covariance incompatibility dominate.","M29-M35,M42,M44,M47,M60,M68,M70",Do not repeat finite-pilot or teacher-forced success as a candidate claim.
Latest covariance diagnosis,"Marginal Edgeworth is ≈1.9e-4/layer; Gaussian covariance closure is ≈1.34% RMS; calibration, delayed closure and low-dimensional state quadrature fail.",M182-M184,Focus exclusively on mixed-cumulant covariance closure and a realizable joint state.
Latest compression diagnosis,Third-cumulant mode-unfolding becomes strongly Tucker-compressible with depth and suggests ≈3B projected cost.,M185,Promising only after downstream-contraction preservation and an analytic factor/core recurrence; oracle empirical factors are illegal at runtime.
Finite-width theorem update,The29-state degree28 certificate raises the actual-width arbitrary-node static floor to1.9250e-8 but remains2.913× below competition closure.,T88,"Publication success; degree62 is a separate proof lane, not a score candidate."
A90 disposition,No post-v26 full48/tail/physical-covariance completion was located.,"T83,M176; latest Library audit",Retain at most one optional bounded audit; not the lead.
Canonical v27 disposition,"No deployable estimator. The sole constructive lead is fully analytic propagation of a compressed, PSD, mutually realizable mixed-moment state, with full free-rollout MSE≤2.962e-7 under≤10% budget. Direct-output nonlinear late innovation is a narrow hedge; all ordinary sampling and linear gauge descendants are stopped.",M186; T86-T88,"Keep protected data sealed until the analytic candidate passes score, cost and tail gates."
V28 OUT-OF-BOX AGENT SYNTHESIS,,,
Pairwise sign-state closure,"T89 proves all bivariate sign, orthant and truncated-moment matrices can agree while the same dense map produces different next ReLU means.","T89,T90; Agent2 report",Close pairwise sign/orthant matrices as complete recursive states. Retain weighted absolute-kernel attribution only as a diagnostic interface.
Primary coherent-state program,"Agents1/2 converge on a heteroscedastic conditional-Gaussian mixture: K≈16–32 latent components, full shared covariance tail and H≈4–6 PSD covariance prototypes. A legal PSD recurrence exists.","T91,T92; M187-M188",This supersedes generic independent moment/Tucker states as the primary representation hypothesis. The decisive question is projection error under free rollout.
Tensor integration narrowed,Generic continuous-input TT is blocked by rank-128 separation and query economics. Kerdock-index QTT remains one cheap rank audit despite exact first-nonlinearity Walsh densification.,"T93,T94,M189",Do not build a broad tensor optimizer. Run the existing-array rank/common-pivot gate once and close if rank exceeds 12–16.
Polynomial chaos narrowed,Coordinate-sparse/ANOVA PCE is structurally closed. The only surviving Agent6 object is an environment-weighted compositional tensor contraction for the exact degree-10 adjoint-harmonic expectation.,"T95,T96,M190","Treat as a possible cost/expectation engine for the primary coherent state or direct harmonic source, not a second global PCE program."
Canonical priority order,1) M187 weighted-kernel attribution and H0/H2 latent oracle; 2) M188 legal persistent mixture rollout; 3) M190 contracted degree-10 rank/legal-orientation audit in parallel; 4) M189 one-shot QTT falsifier.,M187-M190,No protected evaluation. Kill paths at oracle rank/accuracy gates before implementation.
Canonical v28 disposition,"No deployable estimator. The best new path is a coherent conditional-covariance latent law, not pairwise matrices or independent cumulants. Its current status is theorem-backed representation plus unrun oracle and rollout gates. Contracted compositional chaos is the most plausible compute engine; Kerdock QTT is a low-probability bounded hedge.",M191; T89-T96,"The competition remains open only through a genuinely joint, weight-derived, nonperturbative state that passes <=0.3% local error and <=2.962e-7 full raw MSE under <=10% budget."
V29 LATE-AGENT CUTOFF CORRECTION,,,
Characteristic-function disposition,"Exact CFs recover local ReLU moments, but finite uni/bivariate or selected-direction CF states are not recursively closed under dense ReLU layers.",T97; Agent3 report,Close standalone Fourier propagation. Spectral encodings may only represent/compress a coherent latent distribution or a local contraction.
Primary mixture gate sharpened,"Agent4 provides a cheaper tied-covariance recurrence preserving global mean/covariance with one full transform per layer. The correct first ceiling is tied K through64, followed by low-rank or component covariance only if needed.","T98,M192",M192 supersedes the narrower v28 K16-32/H4-6 assumption. Conditional covariance prototypes are not presumed necessary before the tied/full oracle comparison.
Activation-fan disposition,Exact affine-map BDD/ZDD merging is generically ineffective. Only output-weighted low-normal-rank facet compression remains.,"T99,M193",Low-probability bounded oracle lane; not a co-lead.
Nonlinear late-innovation closure,No function solely of the finite baseline output transcript can be universally exact. Local Stein flux omits inherited boundaries.,"T100,T101","Close transcript-only nonlinear identities and marginal flux. Retain one weight-coupled cubic boundary bispectrum test, M194."
Full-weight learning correction,"Full weights contain the target information after an exact symmetry quotient, so universal information-impossibility rhetoric is false. Empirically, direct signed R2≈0.036 is far below the roughly0.84 needed.","T102,M195","Mathematically open, strategically deferred. One bounded exact-quotient falsifier only."
Automated nonlinear search disposition,Stable nonlinear wrappers reduce to closed linear classes at leading order; winning-scale correction requires cosine≈0.894 or a genuinely new phase/boundary primitive.,T103; Agent10 report,Stop broad symbolic/evolutionary search. Use theorem-pruned enumeration only around latent distribution transport or boundary phase.
Canonical v29 priority,1) M192 tied/full/low-rank mixture oracle ladder; 2) M188 legal rollout; 3) M190 compositional contraction engine in parallel; 4) M189 QTT and M193/M194 one-shot falsifiers; M195 deferred.,M192-M196,"No protected evaluation. The main uncertainty is now empirical mixture representability and legal projection stability, not whether a coherent recurrence can be written."
Canonical v29 disposition,"No deployable estimator. The primary path remains a coherent nonperturbative latent law, now concretely TC-LGM first rather than immediately heteroscedastic prototypes. The six late reports add important closures but no competing measured oracle.",M196; T97-T103,V28 was incomplete at its cutoff; v29 is current through the files created by 23:01 ET.
V30 LOCAL HYBRID AND MIXTURE RESULTS,,,
Hybrid metric correction,"For a structured residual estimator the relevant quantity is complete-basis block variance, not rowwise or pointwise variance. Rank128 changed from0.597 pointwise to0.949 blockwise.","T104,M198",Adopt S_r/S_f over complete Kerdock bases as a mandatory gate for every future anchor.
Sampled-moment hybrid,Edgeworth k3+k4 reduced Gaussian error dramatically but retained the direct MC variance constant and was2-2.7x worse under matched two-trajectory cost.,"M197,M199",Close same-row sampled-moment analytic-mean hybrids. Sampling moments does not manufacture information.
Smoothed analytic anchor,"Smoothing produced a real residual reduction, but Gaussian closure barely improved in the useful alpha regime. At alpha2 closure remained about5.3e-3 and residual ratio about0.805.","M198,M200",Close the smoothed-network anchor family. Preserve the residual result as evidence that a different truly analytic high-degree anchor could work.
Mixture ladder bracket,"Full covariance K32 is positive but short: mean sigma error about4.8e-3 versus3e-3. Location-latent r64 passes around1.96e-3, but current particles are uneconomic and marginals explain only5-11%.","M201,M202",Continue only compact joint-modulation middle rungs: tied/shared-low-rank covariance or deterministic compression of the passing latent state.
M190 scope correction,An exact degree10 low-band engine has at most1.58x zero-cost standalone gain because only degrees6-10 are newly removed.,"T105,M190",Demote standalone M190. Retain it only as an internal contraction/compression engine or proof lane.
M193/M194 scope protection,"Activation covariance rank does not answer boundary-normal rank, and static LORO does not test a cubic boundary bispectrum.","M193,M194",Both remain bounded one-shot diagnostics; neither is promoted.
M195 scope correction,"A29-feature weight/state LONO test is decisively negative, but it does not close the complete quotient function.","M203,M195","Close handcrafted feature expansion. Keep full QERNO deferred, not active."
Canonical v30 priority,1) M192 untested compact joint-modulation rungs; 2) M188 legal rollout only after a pass; 3) M189 cheap QTT falsifier; 4) M194 one exact boundary kernel; 5) M193 boundary-normal audit; 6) M190 engine/proof only; M195 deferred.,M204,M187 sign–magnitude attribution is folded into M192 rather than a separate program.
Canonical v30 disposition,"No deployable estimator. The local work closes two plausible hybrids honestly, identifies the correct blockwise gate, and brackets the analytic state between a passing but uneconomic latent representation and a compact but inaccurate covariance mixture.",M197-M204,"The main live mathematical problem is deterministic compact propagation of the joint copula state, not more moment sampling or smoothing."
V31 FINAL LOCAL WRITEUP,,,
Mixture evaluation closure,The accurate K1536 heteroscedastic mixture cannot currently be evaluated economically: exact caps nearK100; Taylor fails from component mean spread; low-rank direct evaluation requires r128 and degenerates to n3.,"T106,T107,M205-M207","Close the general heteroscedastic-mixture program, subject to independent reproduction."
Scope exception,"The final analysis does not isolate the exact tied/shared-covariance recurrence, which may reuse correlation structure across components.",M192,Permit one final exact tied/shared-covariance K<=64 test. Do not reopen broad mixture search.
Official baseline validation,"The shipped129-basis estimator reportedly scores1.4641716e-7 adjusted,2.2819432e-7 raw, multiplier0.6427 with0/100 failures on official Mini100.",M208,Retain as the only runnable package. Local propagation is validated to0.03% raw-MSE agreement.
Timing correction,"Observed wall time16.5s/MLP implies about39% guard headroom after the reported11% penalty, not21%.",M208,Timeout insurance becomes optional and should be judged only against its score cost.
Broken root package,Root estimator.py crashes under FlopScope0.9.1 because dot(out=) is unsupported.,M209,Quarantine it immediately. Do not describe it merely as an adjusted-score regression.
Tail concentration,Worst official-Mini network error8.52e-7 is5.8x the mean and roughly6% of total loss.,M210,Allow one no-fit grouped tail mechanism audit; avoid tuning to the single network.
Agreement qualification,The local author reports multiple corrected analytical errors and requests independent reruns of the ladder and Gate2 curves.,M205-M208,"Treat the conclusions as strong local evidence, not final theorem certificates, until regenerated independently."
Revised frontier,"After replication and one tied-covariance exception, M194 becomes the highest-upside class escape; M189 and M193 remain cheap bounded falsifiers. M190 is proof/internal engine and M195 deferred.",M211,There is no current winning candidate or broad primary analytic program.
Where this leaves us,The shipped baseline is robustly runnable but far from a breakthrough. The mixture program has reached an accuracy-versus-evaluation squeeze rather than a representational impossibility.,M207-M211,"Next research must introduce a genuinely different evaluation identity or phase-bearing observable, not another Taylor center, rank truncation, particle count or sampled moment."
