network_id,rotation_index,split,order,c2_rel17,c4_rel17,c8_rel17,c12_rel17,cos12_17,late_rel,jack_cv,probe_late_rel_weighted,c17_ratio
5000,0,development,natural,2.0658392142377666,1.4798428611507413,0.7484962409953292,0.4640845179296036,0.9336206920049503,0.4640845179296036,0.1884484516340484,0.5057810010977877,0.8208323633863418
5000,0,development,reverse,2.185803346831698,1.4356186120166878,0.8336113321634081,0.5130417257102754,0.8950203925760173,0.5130417257102754,0.1884484516340484,0.5277353479611472,0.8208323633863418
5000,0,development,endpoint_interleave,2.7914746439427374,1.4978861360000844,1.0174983034638838,0.5510380789550942,0.8418835550703732,0.5510380789550942,0.1884484516340484,0.5982848789309428,0.8208323633863418
5000,0,development,geometry_maximin,2.0658392142377666,1.4798428611507413,0.7484962409953292,0.4640845179296036,0.9336206920049503,0.4640845179296036,0.1884484516340484,0.5057810010977877,0.8208323633863418
5000,0,development,bit_reversal,2.7914746439427374,1.8925387125124173,1.0179256011144997,0.39564096618244615,0.9509089977309305,0.39564096618244615,0.1884484516340484,0.41484843212562394,0.8208323633863418
5000,1,development,natural,2.9820273510253315,3.00043555307048,1.426586426219061,0.7520249712463134,0.7697941361678042,0.7520249712463134,0.1717329716262829,0.6711252900629362,1.120474922438662
5000,1,development,reverse,3.385581001276395,2.3291792099647015,1.3054661986497185,1.1094544910928232,0.5559621383329829,1.1094544910928232,0.1717329716262829,0.7424778066368306,1.120474922438662
5000,1,development,endpoint_interleave,2.783132742959545,1.992610850918403,1.865817405859059,0.7929386061430672,0.8591403680979522,0.7929386061430672,0.1717329716262829,0.7254962326748443,1.120474922438662
5000,1,development,geometry_maximin,2.9820273510253315,3.00043555307048,1.426586426219061,0.7520249712463134,0.7697941361678042,0.7520249712463134,0.1717329716262829,0.6711252900629362,1.120474922438662
5000,1,development,bit_reversal,2.783132742959545,1.709525880660827,1.1866533458042268,0.8172639708109337,0.84553361233935,0.8172639708109337,0.1717329716262829,0.7489114267134207,1.120474922438662
5000,2,development,natural,2.0225561213881975,1.4594806415898318,0.7178684482576447,0.5700181107078363,0.8933071647698345,0.5700181107078363,0.25017903602967784,0.5481468184398748,1.1389341262192763
5000,2,development,reverse,3.06135432533653,2.022385997213539,0.7407242921654329,0.4113936740578061,0.9301327759303387,0.4113936740578061,0.25017903602967784,0.40664869330964143,1.1389341262192763
5000,2,development,endpoint_interleave,2.4420474849016736,1.597011328272755,1.3521925635573202,0.6187004892360147,0.8293133924340654,0.6187004892360147,0.25017903602967784,0.5641249144971054,1.1389341262192763
5000,2,development,geometry_maximin,2.0225561213881975,1.4594806415898318,0.7178684482576447,0.5700181107078363,0.8933071647698345,0.5700181107078363,0.25017903602967784,0.5481468184398748,1.1389341262192763
5000,2,development,bit_reversal,2.4420474849016736,2.475071812252356,0.9144675230988483,0.44419808540201117,0.916581963554498,0.44419808540201117,0.25017903602967784,0.4914892510786493,1.1389341262192763
5001,0,development,natural,2.422334942122004,1.2282315924248985,0.742099127678117,0.5508756981258535,0.9193208696651946,0.5508756981258535,0.30854552620750997,0.5324793226876396,1.4177588499359493
5001,0,development,reverse,2.0806061524827597,1.1645974837402164,1.2393839073009534,0.4426913556869417,0.9165664621283234,0.4426913556869417,0.30854552620750997,0.40165608076019926,1.4177588499359493
5001,0,development,endpoint_interleave,1.6541780533476313,1.4876942151369084,0.7827787978906788,0.6374545589234769,0.8194502504278702,0.6374545589234769,0.30854552620750997,0.6253846192708586,1.4177588499359493
5001,0,development,geometry_maximin,2.422334942122004,1.2282315924248985,0.742099127678117,0.5508756981258535,0.9193208696651946,0.5508756981258535,0.30854552620750997,0.5324793226876396,1.4177588499359493
5001,0,development,bit_reversal,1.6541780533476313,2.2885623832295243,0.9549055761073807,0.3554407498143663,0.9469498209555756,0.3554407498143663,0.30854552620750997,0.4543476187738967,1.4177588499359493
5001,1,development,natural,1.4735115914631463,0.8483056522628482,1.22826436217784,0.7042911634243473,0.8118946568545853,0.7042911634243473,0.1943160496261611,0.768750662506689,1.1962425719964687
5001,1,development,reverse,1.6906956959911004,1.611247080379971,1.0331587384423535,0.4715494018405639,0.9458911975621255,0.4715494018405639,0.1943160496261611,0.5472141753790644,1.1962425719964687
5001,1,development,endpoint_interleave,2.0022371351818937,1.254101602249331,0.7254716851020185,0.3540984633239135,0.937154658013744,0.3540984633239135,0.1943160496261611,0.41539319757159004,1.1962425719964687
5001,1,development,geometry_maximin,1.4735115914631463,0.8483056522628482,1.22826436217784,0.7042911634243473,0.8118946568545853,0.7042911634243473,0.1943160496261611,0.768750662506689,1.1962425719964687
5001,1,development,bit_reversal,2.0022371351818937,1.501977058045085,0.5607945301662489,0.3717049460986801,0.9313440424293298,0.3717049460986801,0.1943160496261611,0.5004808900540593,1.1962425719964687
5001,2,development,natural,2.8159395124887556,3.0132233035732225,1.3672032674938805,0.817310378191994,0.6680549428692657,0.817310378191994,0.3110465921024116,0.807093427533307,0.7140152814972538
5001,2,development,reverse,6.452303752918917,2.666541830474014,1.2479866111391105,1.5586374091820692,0.6328175743541687,1.5586374091820692,0.3110465921024116,1.4200260797868267,0.7140152814972538
5001,2,development,endpoint_interleave,3.782906351261344,4.144240013443143,1.2877358457125936,1.1692875310141662,0.6909524349285832,1.1692875310141662,0.3110465921024116,1.1685284255722195,0.7140152814972538
5001,2,development,geometry_maximin,2.8159395124887556,3.0132233035732225,1.3672032674938805,0.817310378191994,0.6680549428692657,0.817310378191994,0.3110465921024116,0.807093427533307,0.7140152814972538
5001,2,development,bit_reversal,3.782906351261344,1.906445048196241,1.738226320487601,1.1758427053214555,0.5981872443808507,1.1758427053214555,0.3110465921024116,0.8586417203679342,0.7140152814972538
5002,0,development,natural,2.0634429339082345,1.154586172096987,0.7961362384825473,0.2636696378060448,0.9705042434172809,0.2636696378060448,0.3065385239810895,0.36259430155249844,1.434748258181456
5002,0,development,reverse,1.0387580366732787,0.7870619882318642,0.6303591484544631,0.4726592359184198,0.9509567308662197,0.4726592359184198,0.3065385239810895,0.6048217385893565,1.434748258181456
5002,0,development,endpoint_interleave,1.8250734052910065,1.397066869468951,0.5766132483592452,0.47062984055358564,0.8885771123564488,0.47062984055358564,0.3065385239810895,0.5523377983049965,1.434748258181456
5002,0,development,geometry_maximin,2.0634429339082345,1.154586172096987,0.7961362384825473,0.2636696378060448,0.9705042434172809,0.2636696378060448,0.3065385239810895,0.36259430155249844,1.434748258181456
5002,0,development,bit_reversal,1.8250734052910065,0.5913956029605814,0.47265049954430793,0.4335931630546341,0.9180388996962985,0.4335931630546341,0.3065385239810895,0.4926611767812204,1.434748258181456
5002,1,development,natural,1.6675904384576241,1.0510824807392554,0.6206059085263116,0.3312559894970883,0.9538021301280571,0.3312559894970883,0.3436295501316028,0.45706711204937556,0.7686040081391902
5002,1,development,reverse,1.975066092627289,1.3445517361024175,0.6785835484139208,0.4520357143458245,0.8924047185734058,0.4520357143458245,0.3436295501316028,0.5098806843417742,0.7686040081391902
5002,1,development,endpoint_interleave,1.4873925660900245,1.2543775818285867,0.9933314605478881,0.5301903511642698,0.8705688057585729,0.5301903511642698,0.3436295501316028,0.5727855560928954,0.7686040081391902
5002,1,development,geometry_maximin,1.6675904384576241,1.0510824807392554,0.6206059085263116,0.3312559894970883,0.9538021301280571,0.3312559894970883,0.3436295501316028,0.45706711204937556,0.7686040081391902
5002,1,development,bit_reversal,1.4873925660900245,0.760262861755056,0.9029636756155014,0.6023433307857184,0.8106501771654672,0.6023433307857184,0.3436295501316028,0.6608167340938007,0.7686040081391902
5002,2,development,natural,1.3078058414181617,0.43611574470661674,0.7005964793861453,0.3100106533340731,0.9628545701187848,0.3100106533340731,0.3290626713980034,0.34656392306633244,0.8235137259109299
5002,2,development,reverse,1.2120544042433437,1.2948747945009982,0.5432773928979538,0.2848229251109371,0.9849444605127655,0.2848229251109371,0.3290626713980034,0.35043583010148527,0.8235137259109299
5002,2,development,endpoint_interleave,1.0427647403719535,0.9107707073829632,0.6628018318332172,0.20296150459033377,0.9817375855827613,0.20296150459033377,0.3290626713980034,0.32578293865786445,0.8235137259109299
5002,2,development,geometry_maximin,1.3078058414181617,0.43611574470661674,0.7005964793861453,0.3100106533340731,0.9628545701187848,0.3100106533340731,0.3290626713980034,0.34656392306633244,0.8235137259109299
5002,2,development,bit_reversal,1.0427647403719535,0.7238994919341326,0.4447196398633126,0.2585654241158349,0.9704974507192081,0.2585654241158349,0.3290626713980034,0.33701451245041586,0.8235137259109299
5003,0,development,natural,2.7599256831507675,1.7151405645341975,0.6255169139283326,0.4531925774591044,0.8942703354060961,0.4531925774591044,0.46803842994553546,0.46337440584922124,0.8535688997312724
5003,0,development,reverse,2.442421683059298,1.6464624627392304,0.6105651227907357,0.5434174985381257,0.8792219825744463,0.5434174985381257,0.46803842994553546,0.6372709536719279,0.8535688997312724
5003,0,development,endpoint_interleave,4.778082015559312,2.350218278633769,1.2804017874267668,0.3918808663312785,0.920479440786257,0.3918808663312785,0.46803842994553546,0.4774819441208962,0.8535688997312724
5003,0,development,geometry_maximin,2.7599256831507675,1.7151405645341975,0.6255169139283326,0.4531925774591044,0.8942703354060961,0.4531925774591044,0.46803842994553546,0.46337440584922124,0.8535688997312724
5003,0,development,bit_reversal,4.778082015559312,2.477771851077463,1.6829434901605873,0.3643257456994951,0.9378815528303056,0.3643257456994951,0.46803842994553546,0.3995797478361869,0.8535688997312724
5003,1,development,natural,3.127343575181644,2.2762235530659605,1.0978157288701091,0.7092995762980115,0.7057476484079873,0.7092995762980115,0.41299976204596306,0.6861654980518709,0.9927562676073483
5003,1,development,reverse,1.8099843480895406,0.967366210224277,1.1559465227816446,0.6765792686986194,0.7378932447000269,0.6765792686986194,0.41299976204596306,0.5309770368997913,0.9927562676073483
5003,1,development,endpoint_interleave,1.6431319890703864,1.6573691593776183,1.2293507243708786,1.1641624013047265,0.8964322286720245,1.1641624013047265,0.41299976204596306,1.014407542318103,0.9927562676073483
5003,1,development,geometry_maximin,3.127343575181644,2.2762235530659605,1.0978157288701091,0.7092995762980115,0.7057476484079873,0.7092995762980115,0.41299976204596306,0.6861654980518709,0.9927562676073483
5003,1,development,bit_reversal,1.6431319890703864,1.0348316881056274,0.493581632859142,0.5722006007171389,0.9556371933495507,0.5722006007171389,0.41299976204596306,0.6157525421219368,0.9927562676073483
5003,2,development,natural,6.526571310062634,3.490369071617899,1.120111785347121,0.7326812941596655,0.845505614132039,0.7326812941596655,0.40805812176026646,0.619780755031641,0.6194322847544863
5003,2,development,reverse,5.3709862668433255,2.685641309168113,0.9815833404190083,1.265607275871529,0.4660129873646366,1.265607275871529,0.40805812176026646,0.9295147059594637,0.6194322847544863
5003,2,development,endpoint_interleave,4.442813635697285,1.5793549946011816,0.9831193462516008,0.7306517891665457,0.8759403373251624,0.7306517891665457,0.40805812176026646,0.6656376449065887,0.6194322847544863
5003,2,development,geometry_maximin,6.526571310062634,3.490369071617899,1.120111785347121,0.7326812941596655,0.845505614132039,0.7326812941596655,0.40805812176026646,0.619780755031641,0.6194322847544863
5003,2,development,bit_reversal,4.442813635697285,3.0567487269578786,0.9092433657425715,0.8136261818143397,0.7507865010892082,0.8136261818143397,0.40805812176026646,0.6983634026273626,0.6194322847544863
5004,0,development,natural,2.1307451841740304,1.7819696784032126,1.2187027781338295,0.49920110669620965,0.8867399329283185,0.49920110669620965,0.27202301726651884,0.4935696055869108,0.7019164182977298
5004,0,development,reverse,2.009662558643485,1.2383330780744197,1.1386251885192558,0.969290144684679,0.7967714514742498,0.969290144684679,0.27202301726651884,0.7823211953715556,0.7019164182977298
5004,0,development,endpoint_interleave,3.3202162049309,1.5585156272292007,1.0463441138035152,0.9235800997886418,0.6669122335260765,0.9235800997886418,0.27202301726651884,0.7543535862490074,0.7019164182977298
5004,0,development,geometry_maximin,2.1307451841740304,1.7819696784032126,1.2187027781338295,0.49920110669620965,0.8867399329283185,0.49920110669620965,0.27202301726651884,0.4935696055869108,0.7019164182977298
5004,0,development,bit_reversal,3.3202162049309,2.946448454457372,2.2003814968635687,0.80426894415233,0.7681292218934733,0.80426894415233,0.27202301726651884,0.7260927919465984,0.7019164182977298
5004,1,development,natural,1.9891956839380276,1.807414516376251,1.249185804687834,0.3540953381774678,0.9393204072543118,0.3540953381774678,0.3296185106997838,0.40258430959254926,1.3752838459278838
5004,1,development,reverse,2.3834724060702195,1.0571639687635013,1.1816887355015797,0.6420321651213471,0.8416218185030897,0.6420321651213471,0.3296185106997838,0.618397846858261,1.3752838459278838
5004,1,development,endpoint_interleave,2.6218818451495354,0.9517351135568813,0.9178201653571804,0.5892459681086588,0.8318458867228561,0.5892459681086588,0.3296185106997838,0.5925254759701961,1.3752838459278838
5004,1,development,geometry_maximin,1.9891956839380276,1.807414516376251,1.249185804687834,0.3540953381774678,0.9393204072543118,0.3540953381774678,0.3296185106997838,0.40258430959254926,1.3752838459278838
5004,1,development,bit_reversal,2.6218818451495354,1.5781384543191481,1.4487830343828862,0.6396831514242466,0.8443830241430714,0.6396831514242466,0.3296185106997838,0.6997149257103645,1.3752838459278838
5004,2,development,natural,2.555340312976211,1.1784688046862144,1.1891960856956347,0.900536078397763,0.8152543518563873,0.900536078397763,0.23598741531457015,0.7481734611541889,1.0285530801767135
5004,2,development,reverse,2.0848246689055956,2.2797874773606868,1.642520070859825,0.3751944443730991,0.9269479090849345,0.3751944443730991,0.23598741531457015,0.45592089646522116,1.0285530801767135
5004,2,development,endpoint_interleave,2.339838061414184,2.0764030786593466,0.9321703854295617,0.5162638839240842,0.8765175386935911,0.5162638839240842,0.23598741531457015,0.44804971047047915,1.0285530801767135
5004,2,development,geometry_maximin,2.555340312976211,1.1784688046862144,1.1891960856956347,0.900536078397763,0.8152543518563873,0.900536078397763,0.23598741531457015,0.7481734611541889,1.0285530801767135
5004,2,development,bit_reversal,2.339838061414184,1.1921118159511974,0.9624729102376168,0.4791635321580035,0.9410858915996637,0.4791635321580035,0.23598741531457015,0.6220390246576275,1.0285530801767135
5005,0,development,natural,2.0308221060606937,1.0442041412227625,0.5908034528642622,0.43323369262478045,0.9470697691105219,0.43323369262478045,0.2617535194814918,0.4500814515994247,1.8701276188981741
5005,0,development,reverse,1.0923055013570224,1.0435134460012028,0.7527856000787427,0.5033200865967141,0.8664466600372542,0.5033200865967141,0.2617535194814918,0.5177098737661566,1.8701276188981741
5005,0,development,endpoint_interleave,1.7083747209112317,1.115010186917554,0.5064488670646371,0.3425054674150526,0.9440892546686249,0.3425054674150526,0.2617535194814918,0.38443876079265316,1.8701276188981741
5005,0,development,geometry_maximin,2.0308221060606937,1.0442041412227625,0.5908034528642622,0.43323369262478045,0.9470697691105219,0.43323369262478045,0.2617535194814918,0.4500814515994247,1.8701276188981741
5005,0,development,bit_reversal,1.7083747209112317,1.5974678437507603,0.6876180515095727,0.48176340732143685,0.913082654872764,0.48176340732143685,0.2617535194814918,0.5404967880615342,1.8701276188981741
5005,1,development,natural,2.914750993872921,2.253274224419158,1.7303902116186558,0.631976878186421,0.8828918050374639,0.631976878186421,0.2449880361195646,0.6203308276147115,0.9453555303670808
5005,1,development,reverse,3.331143701886819,1.9413336953213747,1.8418782125879296,0.6773973844177954,0.7992917255209983,0.6773973844177954,0.2449880361195646,0.7130761525427867,0.9453555303670808
5005,1,development,endpoint_interleave,4.372344952303288,2.0450044978812416,1.3556645511976515,0.8204747759554147,0.7391434601523362,0.8204747759554147,0.2449880361195646,0.6616333547475154,0.9453555303670808
5005,1,development,geometry_maximin,2.914750993872921,2.253274224419158,1.7303902116186558,0.631976878186421,0.8828918050374639,0.631976878186421,0.2449880361195646,0.6203308276147115,0.9453555303670808
5005,1,development,bit_reversal,4.372344952303288,3.072525726396598,1.2514284083402987,1.0001609155051825,0.48739064872853916,1.0001609155051825,0.2449880361195646,0.8651477556170355,0.9453555303670808
5005,2,development,natural,2.4939401455257055,1.4467895166857998,0.7776784961436572,0.33216012653701565,0.9556737426596708,0.33216012653701565,0.27233300981974295,0.5248137957227638,0.7758765864417567
5005,2,development,reverse,1.577855283633039,0.6528762251506212,0.627955469970692,0.4732606737794683,0.8909746087540555,0.4732606737794683,0.27233300981974295,0.6924761206343554,0.7758765864417567
5005,2,development,endpoint_interleave,3.3583704012587945,1.415826920690684,0.7420113263746606,0.5125564786031375,0.9736847417468074,0.5125564786031375,0.27233300981974295,0.5937770867526109,0.7758765864417567
5005,2,development,geometry_maximin,2.4939401455257055,1.4467895166857998,0.7776784961436572,0.33216012653701565,0.9556737426596708,0.33216012653701565,0.27233300981974295,0.5248137957227638,0.7758765864417567
5005,2,development,bit_reversal,3.3583704012587945,1.4808653054311405,0.6743327972695236,0.39504129171212465,0.9274266185296942,0.39504129171212465,0.27233300981974295,0.572149841384223,0.7758765864417567
5006,0,development,natural,3.722713295746802,2.391932737219212,0.9903669611209542,0.52255300764739,0.966761096365145,0.52255300764739,0.25572177421257125,0.4772083853417417,1.3153156925586478
5006,0,development,reverse,1.8175626813991845,1.1942893506060115,1.0360854411604934,0.8259333065782588,0.5717637806416851,0.8259333065782588,0.25572177421257125,0.7224888635114081,1.3153156925586478
5006,0,development,endpoint_interleave,3.6893060198640573,2.0024532525214482,0.8657610108745231,0.5493259370792489,0.8685621931468538,0.5493259370792489,0.25572177421257125,0.5304158853338725,1.3153156925586478
5006,0,development,geometry_maximin,3.722713295746802,2.391932737219212,0.9903669611209542,0.52255300764739,0.966761096365145,0.52255300764739,0.25572177421257125,0.4772083853417417,1.3153156925586478
5006,0,development,bit_reversal,3.6893060198640573,2.251410953860231,1.1243851251233867,0.6639856028834797,0.9157316916545489,0.6639856028834797,0.25572177421257125,0.5384641218568637,1.3153156925586478
5006,1,development,natural,3.0724722245669684,2.005149579699642,0.8563096025229108,0.6250456284389507,0.8613071148807391,0.6250456284389507,0.3149532344867504,0.5772930338885742,0.8628747749147059
5006,1,development,reverse,1.7788740840485113,1.7590769802122734,0.9174705226570873,0.9126558633807728,0.6045843443740707,0.9126558633807728,0.3149532344867504,0.6177268071330976,0.8628747749147059
5006,1,development,endpoint_interleave,4.036128222223329,1.5946464383837153,0.8669786560553623,1.1370115896903552,0.8135843123717129,1.1370115896903552,0.3149532344867504,0.8601678337167005,0.8628747749147059
5006,1,development,geometry_maximin,3.0724722245669684,2.005149579699642,0.8563096025229108,0.6250456284389507,0.8613071148807391,0.6250456284389507,0.3149532344867504,0.5772930338885742,0.8628747749147059
5006,1,development,bit_reversal,4.036128222223329,2.697079320832866,1.1522440859655136,0.8802204327128116,0.5983648631814252,0.8802204327128116,0.3149532344867504,0.7858137536079854,0.8628747749147059
5006,2,development,natural,1.1062405629715732,1.127872707188883,0.5628789525414033,0.45236297401630704,0.9702560625749158,0.45236297401630704,0.25863041512931223,0.4831923986865678,1.0651294332608365
5006,2,development,reverse,1.8879841199882408,1.04688152083334,0.524887324910991,0.32905672009870507,0.9723174589971171,0.32905672009870507,0.25863041512931223,0.4936357750039138,1.0651294332608365
5006,2,development,endpoint_interleave,1.8460265111783125,1.3682264769762271,0.8736000596364711,0.5448638626691232,0.83979484365887,0.5448638626691232,0.25863041512931223,0.6501992865343105,1.0651294332608365
5006,2,development,geometry_maximin,1.1062405629715732,1.127872707188883,0.5628789525414033,0.45236297401630704,0.9702560625749158,0.45236297401630704,0.25863041512931223,0.4831923986865678,1.0651294332608365
5006,2,development,bit_reversal,1.8460265111783125,1.1365594844167353,0.42647809618965166,0.43949076585575314,0.9415901311475915,0.43949076585575314,0.25863041512931223,0.4539194239160471,1.0651294332608365
5007,0,development,natural,2.5956066208024886,0.8666951782245329,2.016241158769611,1.1303572010879817,0.47203292245725154,1.1303572010879817,0.3383503958160839,1.133284588295593,2.2101153574433297
5007,0,development,reverse,5.648076645820597,3.2703114036326584,2.160043591788648,0.8359654546429939,0.8123338185359771,0.8359654546429939,0.3383503958160839,0.7674769895203628,2.2101153574433297
5007,0,development,endpoint_interleave,3.4658373372783764,3.6984813915086474,1.6343593791982072,0.62330722912741,0.9118162253258376,0.62330722912741,0.3383503958160839,0.787013805154951,2.2101153574433297
5007,0,development,geometry_maximin,2.5956066208024886,0.8666951782245329,2.016241158769611,1.1303572010879817,0.47203292245725154,1.1303572010879817,0.3383503958160839,1.133284588295593,2.2101153574433297
5007,0,development,bit_reversal,3.4658373372783764,1.7401113958041574,0.9108936542080271,0.7126249343832699,0.7273373111146312,0.7126249343832699,0.3383503958160839,0.8159825764406444,2.2101153574433297
5007,1,development,natural,1.3402558481375435,0.9062580914893258,0.8286881674652129,0.4024292387641441,0.957719207159475,0.4024292387641441,0.2397132920337369,0.46478464732891184,1.0692732464693584
5007,1,development,reverse,2.0827742200339676,0.882852940298775,0.778375749886441,0.2795997924737566,0.964205766462822,0.2795997924737566,0.2397132920337369,0.42152270795855873,1.0692732464693584
5007,1,development,endpoint_interleave,2.317207686866358,1.3056158639679734,0.48669894831513016,0.4015012465264001,0.9321285632460414,0.4015012465264001,0.2397132920337369,0.44095509903019314,1.0692732464693584
5007,1,development,geometry_maximin,1.3402558481375435,0.9062580914893258,0.8286881674652129,0.4024292387641441,0.957719207159475,0.4024292387641441,0.2397132920337369,0.46478464732891184,1.0692732464693584
5007,1,development,bit_reversal,2.317207686866358,1.3947029335343186,0.7001362740701931,0.25989297522763216,0.9691260290980886,0.25989297522763216,0.2397132920337369,0.3498943628694773,1.0692732464693584
5007,2,development,natural,2.4921999839369193,1.304391370056155,0.9835726756687931,0.4883524727650775,0.9406295904176791,0.4883524727650775,0.3056715651669291,0.7712761305388091,1.0242310186123496
5007,2,development,reverse,4.219989559364545,1.818416831080467,0.8714546632612743,0.5456768738969121,0.8533329580524566,0.5456768738969121,0.3056715651669291,0.8621437201203626,1.0242310186123496
5007,2,development,endpoint_interleave,2.2442065756318375,1.8962059383712686,0.7654311854321468,0.6264000788536895,0.8444238365804271,0.6264000788536895,0.3056715651669291,0.994487360509973,1.0242310186123496
5007,2,development,geometry_maximin,2.4921999839369193,1.304391370056155,0.9835726756687931,0.4883524727650775,0.9406295904176791,0.4883524727650775,0.3056715651669291,0.7712761305388091,1.0242310186123496
5007,2,development,bit_reversal,2.2442065756318375,1.7988948333810995,1.5086596014416804,0.6103274373249822,0.90767995327879,0.6103274373249822,0.3056715651669291,0.6292588351053588,1.0242310186123496
5008,0,development,natural,2.1223305118655484,2.0942171290279963,0.9880864628612208,0.6802111682141976,0.7343549526623402,0.6802111682141976,0.33197399164866054,0.6478866050887466,0.7332923984261672
5008,0,development,reverse,2.781639671788874,1.6864179486274018,0.9518488878516121,0.8046906990783023,0.9504523164867741,0.8046906990783023,0.33197399164866054,0.7645219150973859,0.7332923984261672
5008,0,development,endpoint_interleave,3.2406316901151166,2.105172799501293,0.9916052195694445,0.44990876071683844,0.953607586000731,0.44990876071683844,0.33197399164866054,0.5322356897873567,0.7332923984261672
5008,0,development,geometry_maximin,2.1223305118655484,2.0942171290279963,0.9880864628612208,0.6802111682141976,0.7343549526623402,0.6802111682141976,0.33197399164866054,0.6478866050887466,0.7332923984261672
5008,0,development,bit_reversal,3.2406316901151166,2.1371761125018076,1.5259899330091231,0.45947606550803693,0.8884214466278396,0.45947606550803693,0.33197399164866054,0.5620048299989041,0.7332923984261672
5008,1,development,natural,2.476119153479924,1.180761496134906,0.8122916368644623,0.6136163152703307,0.7944209415216582,0.6136163152703307,0.26639757249901813,0.5495520068484058,1.1561132986851756
5008,1,development,reverse,2.380409611052642,1.2394165887432442,0.9244248251957463,0.5281971258198489,0.8772823401110287,0.5281971258198489,0.26639757249901813,0.5586258061441576,1.1561132986851756
5008,1,development,endpoint_interleave,2.091431280406201,1.234149157675541,0.681314226946448,0.5142135722872202,0.925523281466723,0.5142135722872202,0.26639757249901813,0.574376648273424,1.1561132986851756
5008,1,development,geometry_maximin,2.476119153479924,1.180761496134906,0.8122916368644623,0.6136163152703307,0.7944209415216582,0.6136163152703307,0.26639757249901813,0.5495520068484058,1.1561132986851756
5008,1,development,bit_reversal,2.091431280406201,1.9205822976868734,0.6505902470698792,0.8212398754737622,0.8733256172677519,0.8212398754737622,0.26639757249901813,0.7730660581801061,1.1561132986851756
5008,2,development,natural,4.021625339976011,2.80068397073948,1.5113987202773747,1.1225295503150325,0.6375002376277988,1.1225295503150325,0.24840342294733295,0.9353590397768452,1.0131380658943372
5008,2,development,reverse,4.797220197576244,4.09760143574017,1.8514663164637353,0.9121065277660942,0.881105988026727,0.9121065277660942,0.24840342294733295,0.6896438506064799,1.0131380658943372
5008,2,development,endpoint_interleave,4.588978092956322,2.220742889050316,1.5074407737861473,1.3100666027318386,0.483885707800589,1.3100666027318386,0.24840342294733295,0.9881453530415372,1.0131380658943372
5008,2,development,geometry_maximin,4.021625339976011,2.80068397073948,1.5113987202773747,1.1225295503150325,0.6375002376277988,1.1225295503150325,0.24840342294733295,0.9353590397768452,1.0131380658943372
5008,2,development,bit_reversal,4.588978092956322,3.209755193789368,1.626557715643363,0.7460896902435066,0.7989965255919417,0.7460896902435066,0.24840342294733295,0.6497120091867556,1.0131380658943372
5009,0,calibration,natural,2.9901883299027725,1.17701184747445,0.6545666892183746,0.7331868097520401,0.9631945003769361,0.7331868097520401,0.35400203649394324,0.8618346818234949,0.42907712862139624
5009,0,calibration,reverse,4.815411543693027,2.4394696075365054,0.45769566785721083,0.20323197096022644,0.9829252672758708,0.20323197096022644,0.35400203649394324,0.320340408660679,0.42907712862139624
5009,0,calibration,endpoint_interleave,3.040960076080721,3.6592759623085915,1.556207890068001,0.7050234292083956,0.7274354796976916,0.7050234292083956,0.35400203649394324,0.9070086507770155,0.42907712862139624
5009,0,calibration,geometry_maximin,2.9901883299027725,1.17701184747445,0.6545666892183746,0.7331868097520401,0.9631945003769361,0.7331868097520401,0.35400203649394324,0.8618346818234949,0.42907712862139624
5009,0,calibration,bit_reversal,3.040960076080721,1.9086265012653945,0.8620443674641814,0.359452777817207,0.9349287654367895,0.359452777817207,0.35400203649394324,0.47509855747266566,0.42907712862139624
5009,1,calibration,natural,1.4057962251285963,0.6132329920848215,0.22323547190031134,0.1822353346032023,0.9844407569946069,0.1822353346032023,0.23527036517358335,0.30634308327169196,0.98696863844082
5009,1,calibration,reverse,0.703459249923341,0.3742666812419158,0.2855725552561287,0.1692744254881849,0.9858143901802643,0.1692744254881849,0.23527036517358335,0.2698634384619703,0.98696863844082
5009,1,calibration,endpoint_interleave,0.6268797537794061,0.5295961560301682,0.29835811099249243,0.22856784934252194,0.9735625335065725,0.22856784934252194,0.23527036517358335,0.28855885570589623,0.98696863844082
5009,1,calibration,geometry_maximin,1.4057962251285963,0.6132329920848215,0.22323547190031134,0.1822353346032023,0.9844407569946069,0.1822353346032023,0.23527036517358335,0.30634308327169196,0.98696863844082
5009,1,calibration,bit_reversal,0.6268797537794061,0.801572337432577,0.6105517629987207,0.4552224604498869,0.9313788757609697,0.4552224604498869,0.23527036517358335,0.4411678491214287,0.98696863844082
5009,2,calibration,natural,2.8888474160924966,1.7968021637002496,0.9787926428192824,0.6994475134819202,0.9228647815397724,0.6994475134819202,0.35220173985269065,0.6448615343441773,0.9108953242881465
5009,2,calibration,reverse,3.0885971809505195,1.9798357646567952,1.3365261636399852,0.8569228169167061,0.8630470034111098,0.8569228169167061,0.35220173985269065,0.6349788110783586,0.9108953242881465
5009,2,calibration,endpoint_interleave,2.790953644262819,1.7342069314433737,1.4539187324349634,0.882469505251371,0.5499218818517411,0.882469505251371,0.35220173985269065,0.7019517790088401,0.9108953242881465
5009,2,calibration,geometry_maximin,2.8888474160924966,1.7968021637002496,0.9787926428192824,0.6994475134819202,0.9228647815397724,0.6994475134819202,0.35220173985269065,0.6448615343441773,0.9108953242881465
5009,2,calibration,bit_reversal,2.790953644262819,1.7106531464755257,2.4586649447021243,0.749255606928764,0.9262540036154161,0.749255606928764,0.35220173985269065,0.6323135426958273,0.9108953242881465
5010,0,calibration,natural,1.4410913897366986,1.5722728469444458,1.1871946888519838,0.8156670569767678,0.8930711663587929,0.8156670569767678,0.34810718287452797,0.8783339631276799,0.4882117426627611
5010,0,calibration,reverse,3.1803736218838004,2.7673801771986604,1.0970155244185118,0.49148128344311837,0.8713561166892108,0.49148128344311837,0.34810718287452797,0.6990558511869631,0.4882117426627611
5010,0,calibration,endpoint_interleave,1.8539058458134918,1.675125948226542,1.2224061234848087,0.7900003713596465,0.6605552325908063,0.7900003713596465,0.34810718287452797,0.8689994337406699,0.4882117426627611
5010,0,calibration,geometry_maximin,1.4410913897366986,1.5722728469444458,1.1871946888519838,0.8156670569767678,0.8930711663587929,0.8156670569767678,0.34810718287452797,0.8783339631276799,0.4882117426627611
5010,0,calibration,bit_reversal,1.8539058458134918,1.2014558193941063,1.1090676137514772,0.5961462951384849,0.9223276031789991,0.5961462951384849,0.34810718287452797,0.7272829674302222,0.4882117426627611
5010,1,calibration,natural,3.476188669988755,2.1418847541335886,0.8688999406420834,0.5413919437723235,0.9208863985860902,0.5413919437723235,0.24067341682415216,0.6099659117140832,1.2877786765826802
5010,1,calibration,reverse,2.1471893372647175,1.562727290628326,1.1398530263636508,0.6537531575286389,0.8912929325950283,0.6537531575286389,0.24067341682415216,0.7490073399013262,1.2877786765826802
5010,1,calibration,endpoint_interleave,3.741971123990816,1.8343676891283682,1.3428768581268113,0.5410203471860792,0.855878263396857,0.5410203471860792,0.24067341682415216,0.6314081759253604,1.2877786765826802
5010,1,calibration,geometry_maximin,3.476188669988755,2.1418847541335886,0.8688999406420834,0.5413919437723235,0.9208863985860902,0.5413919437723235,0.24067341682415216,0.6099659117140832,1.2877786765826802
5010,1,calibration,bit_reversal,3.741971123990816,2.800596903066702,1.2035455139184577,0.684144704779964,0.9101716948243725,0.684144704779964,0.24067341682415216,0.6675659461290376,1.2877786765826802
5010,2,calibration,natural,1.8788922318142138,0.9173658815114059,0.5995402303028277,0.5673918368918576,0.9351725350583913,0.5673918368918576,0.3099340076956242,0.4666040538492811,0.6407784178934698
5010,2,calibration,reverse,1.3387609598366956,1.4198561359551998,0.5017076495917598,0.2746517999037973,0.9674749781357675,0.2746517999037973,0.3099340076956242,0.29483237484216046,0.6407784178934698
5010,2,calibration,endpoint_interleave,2.4065531426902327,1.1643201407281958,0.6810750672105551,0.6043561033561283,0.7970620703251542,0.6043561033561283,0.3099340076956242,0.5213683142576466,0.6407784178934698
5010,2,calibration,geometry_maximin,1.8788922318142138,0.9173658815114059,0.5995402303028277,0.5673918368918576,0.9351725350583913,0.5673918368918576,0.3099340076956242,0.4666040538492811,0.6407784178934698
5010,2,calibration,bit_reversal,2.4065531426902327,1.5119797145243628,1.283409030594032,0.741001471719585,0.6835746157664944,0.741001471719585,0.3099340076956242,0.6005312836211121,0.6407784178934698
5011,0,calibration,natural,2.08638529888057,1.9383008493265632,1.0467153782826017,1.3279697612831873,0.004310338732456378,1.3279697612831873,0.4045820991280046,1.1555063761659425,0.5292977970639294
5011,0,calibration,reverse,4.585489301166679,4.209917904416329,1.270846720477063,0.6713374377852648,0.7715041237650055,0.6713374377852648,0.4045820991280046,0.8642571853410037,0.5292977970639294
5011,0,calibration,endpoint_interleave,3.3101679898219474,3.108795384111713,2.8933723778444436,0.5655567408136698,0.9333250118862589,0.5655567408136698,0.4045820991280046,0.6952368194806995,0.5292977970639294
5011,0,calibration,geometry_maximin,2.08638529888057,1.9383008493265632,1.0467153782826017,1.3279697612831873,0.004310338732456378,1.3279697612831873,0.4045820991280046,1.1555063761659425,0.5292977970639294
5011,0,calibration,bit_reversal,3.3101679898219474,0.6575237007448027,0.8292803283060981,0.7707559161485737,0.671452139517809,0.7707559161485737,0.4045820991280046,0.8194090967507076,0.5292977970639294
5011,1,calibration,natural,4.017686576175608,3.061149619287199,1.5796233507472772,0.9394439621421812,0.7666245806532944,0.9394439621421812,0.29098470879212757,0.8384682177167924,1.7998625001596877
5011,1,calibration,reverse,2.6530301499593603,2.4687412122697343,1.5874392551618202,0.919376157823138,0.7482103636415025,0.919376157823138,0.29098470879212757,0.894100459060869,1.7998625001596877
5011,1,calibration,endpoint_interleave,3.4902698776889283,2.0431132792094835,1.0944800370847276,1.0906230214700197,0.5800276998796261,1.0906230214700197,0.29098470879212757,0.7371701526116206,1.7998625001596877
5011,1,calibration,geometry_maximin,4.017686576175608,3.061149619287199,1.5796233507472772,0.9394439621421812,0.7666245806532944,0.9394439621421812,0.29098470879212757,0.8384682177167924,1.7998625001596877
5011,1,calibration,bit_reversal,3.4902698776889283,2.7865491905540027,1.38820030922683,0.5311794416364469,0.8577389441745447,0.5311794416364469,0.29098470879212757,0.5424920747343933,1.7998625001596877
5011,2,calibration,natural,2.031386609077034,1.8528695096659389,0.8605394927872474,0.41374294793398864,0.9369431664203273,0.41374294793398864,0.28116898924582373,0.5320633411437113,1.1858936037453665
5011,2,calibration,reverse,2.3807055102958454,1.699481783245114,0.7060298174099803,0.44829871942252436,0.9331384428984487,0.44829871942252436,0.2811689892458238,0.5865697730773213,1.1858936037453665
5011,2,calibration,endpoint_interleave,4.118808044992322,1.2801933217920718,1.3049429388523517,0.5369673581624936,0.8564438145975558,0.5369673581624936,0.2811689892458238,0.6928183893600067,1.1858936037453665
5011,2,calibration,geometry_maximin,2.031386609077034,1.8528695096659389,0.8605394927872474,0.41374294793398864,0.9369431664203273,0.41374294793398864,0.28116898924582373,0.5320633411437113,1.1858936037453665
5011,2,calibration,bit_reversal,4.118808044992322,1.1421138528456403,0.7576982462230414,0.40606733221851854,0.9380553592446222,0.40606733221851854,0.28116898924582373,0.43248297462695917,1.1858936037453665
5012,0,calibration,natural,1.1295213077114348,1.2989787558536499,0.9132848798507855,0.9226135568222993,0.5110349239403089,0.9226135568222993,0.4654778689862908,0.7336768476958333,3.3465574647635363
5012,0,calibration,reverse,4.6581241094660975,1.3641355999585103,1.1187998419585845,0.45183686806233164,0.9525444707263999,0.45183686806233164,0.4654778689862908,0.48447021813295577,3.3465574647635363
5012,0,calibration,endpoint_interleave,2.8202233904160154,2.3727676432657314,0.7135845954731564,0.6869416793868419,0.9482313634791644,0.6869416793868419,0.4654778689862908,0.630734981834191,3.3465574647635363
5012,0,calibration,geometry_maximin,1.1295213077114348,1.2989787558536499,0.9132848798507855,0.9226135568222993,0.5110349239403089,0.9226135568222993,0.4654778689862908,0.7336768476958333,3.3465574647635363
5012,0,calibration,bit_reversal,2.8202233904160154,1.016112874335092,0.7897370399842056,0.42798683526873205,0.924464453997283,0.42798683526873205,0.4654778689862908,0.4471536254987479,3.3465574647635363
5012,1,calibration,natural,1.9548155334485666,0.94784354918186,0.6810184004135024,0.5891834142868607,0.882368751459155,0.5891834142868607,0.26797848140347713,0.6877269490305593,1.9201836480924126
5012,1,calibration,reverse,2.7855254613320843,1.2261230421508302,0.7836239207637505,0.6315020027638587,0.9179677231480083,0.6315020027638587,0.26797848140347713,0.6140429602799488,1.9201836480924126
5012,1,calibration,endpoint_interleave,2.716493604404237,1.7987974388884274,0.6798522920413572,0.4378850905141624,0.9111870255885673,0.4378850905141624,0.26797848140347713,0.5283991973570983,1.9201836480924126
5012,1,calibration,geometry_maximin,1.9548155334485666,0.94784354918186,0.6810184004135024,0.5891834142868607,0.882368751459155,0.5891834142868607,0.26797848140347713,0.6877269490305593,1.9201836480924126
5012,1,calibration,bit_reversal,2.716493604404237,2.036056933239703,1.277687335352839,0.7697722301790995,0.704805240564109,0.7697722301790995,0.26797848140347713,0.7730371222696553,1.9201836480924126
5012,2,calibration,natural,2.1828541966818915,2.3926593018470546,1.3897095533805581,0.9646020547475425,0.8245525489953767,0.9646020547475425,0.29406414631407457,0.7268757921857234,1.611042733108496
5012,2,calibration,reverse,2.922633181777424,2.347935135328469,1.7096634517022975,1.0442971557100795,0.6392712144632456,1.0442971557100795,0.29406414631407457,0.7607164095065054,1.611042733108496
5012,2,calibration,endpoint_interleave,2.588860045652436,1.781235193249613,1.8902570503931613,1.3706722236923794,0.5308059556590526,1.3706722236923794,0.29406414631407457,0.9187726526358907,1.611042733108496
5012,2,calibration,geometry_maximin,2.1828541966818915,2.3926593018470546,1.3897095533805581,0.9646020547475425,0.8245525489953767,0.9646020547475425,0.29406414631407457,0.7268757921857234,1.611042733108496
5012,2,calibration,bit_reversal,2.588860045652436,1.6056856059088052,0.976116375252186,1.0216972386930607,0.7377860959602622,1.0216972386930607,0.29406414631407457,0.7920577914317215,1.611042733108496
5013,0,validation,natural,1.5994286930462593,1.1003328517461637,1.3649235079706434,0.34260784852972476,0.9404660454609284,0.34260784852972476,0.4682299291104128,0.39581782768987445,1.3239096459217379
5013,0,validation,reverse,1.8035229151408518,1.3337596587754352,1.043029985643596,0.40583867536382134,0.9517203162443112,0.40583867536382134,0.4682299291104128,0.48115923126135196,1.3239096459217379
5013,0,validation,endpoint_interleave,1.9205619306873418,0.982188704803776,0.7197043121983872,0.4267277463943513,0.908574713546879,0.4267277463943513,0.4682299291104128,0.6021404268353537,1.3239096459217379
5013,0,validation,geometry_maximin,1.5994286930462593,1.1003328517461637,1.3649235079706434,0.34260784852972476,0.9404660454609284,0.34260784852972476,0.4682299291104128,0.39581782768987445,1.3239096459217379
5013,0,validation,bit_reversal,1.9205619306873418,1.2894020967690876,0.8861228762854327,0.41083333970536084,0.9413598179933692,0.41083333970536084,0.4682299291104128,0.5652549574581387,1.3239096459217379
5013,1,validation,natural,1.2780076429770597,2.107652162060702,0.508966181385917,0.448232006850518,0.9149139100686472,0.448232006850518,0.3816405670645072,0.5528272999961218,0.8328105892682278
5013,1,validation,reverse,1.4561715449085364,1.9303850087203063,0.44288875385822263,0.3499855488708495,0.9840233094801017,0.3499855488708495,0.3816405670645072,0.41877209587197495,0.8328105892682278
5013,1,validation,endpoint_interleave,1.65520151019892,1.0137370528807206,0.6809489968888447,0.32188778161896003,0.9578014936070152,0.32188778161896003,0.3816405670645072,0.4639903528232162,0.8328105892682278
5013,1,validation,geometry_maximin,1.2780076429770597,2.107652162060702,0.508966181385917,0.448232006850518,0.9149139100686472,0.448232006850518,0.3816405670645072,0.5528272999961218,0.8328105892682278
5013,1,validation,bit_reversal,1.65520151019892,1.943106522224934,0.6401901574880211,0.3903400567878863,0.9493486624115782,0.3903400567878863,0.3816405670645072,0.48185269840233885,0.8328105892682278
5013,2,validation,natural,7.04422430961548,4.016331818180976,2.8207284703056765,1.5439396420500298,0.8733301534072136,1.5439396420500298,0.39801135359522555,1.2087361265554528,0.9090367856134638
5013,2,validation,reverse,2.2683336146696003,2.570266902640588,2.6395411147098566,1.387730748298621,0.1373810745265146,1.387730748298621,0.39801135359522555,1.1659203715854267,0.9090367856134638
5013,2,validation,endpoint_interleave,8.60286236394077,4.239510455077587,2.2690429342629783,0.8099837659900727,0.7069717311615715,0.8099837659900727,0.39801135359522555,0.8033681491818526,0.9090367856134638
5013,2,validation,geometry_maximin,7.04422430961548,4.016331818180976,2.8207284703056765,1.5439396420500298,0.8733301534072136,1.5439396420500298,0.39801135359522555,1.2087361265554528,0.9090367856134638
5013,2,validation,bit_reversal,8.60286236394077,4.177416681295166,2.1818853574689863,1.7922421444091738,0.7555005766675095,1.7922421444091738,0.39801135359522555,1.2527980631719478,0.9090367856134638
5014,0,validation,natural,6.37586763258598,4.087178669097848,2.6786214256901535,1.4879270669922104,0.7390636925152753,1.4879270669922104,0.32478595722216,1.2612956801664021,1.3770907667616288
5014,0,validation,reverse,4.831688255783931,2.6325230666723862,2.569711635479401,1.4458736191126254,0.24479477061532326,1.4458736191126254,0.32478595722216,1.3618274165835917,1.3770907667616288
5014,0,validation,endpoint_interleave,2.8986137948614767,2.6688451753152003,1.7838279991211734,0.783881729588644,0.8363035748325028,0.783881729588644,0.32478595722216,0.8482155455685911,1.3770907667616288
5014,0,validation,geometry_maximin,6.37586763258598,4.087178669097848,2.6786214256901535,1.4879270669922104,0.7390636925152753,1.4879270669922104,0.32478595722216,1.2612956801664021,1.3770907667616288
5014,0,validation,bit_reversal,2.8986137948614767,2.4110456286702253,2.4132469039667463,1.0365319958249584,0.849036889051225,1.0365319958249584,0.32478595722216,1.1539248871193835,1.3770907667616288
5014,1,validation,natural,2.4887988222200113,1.0778457469070086,1.2760191236725849,1.1137321375711982,0.6493654497534305,1.1137321375711982,0.2247395136658732,0.8491679431910656,1.2302390891386448
5014,1,validation,reverse,3.8769989666887192,3.6882766863449725,1.2725464374223299,0.4602832375455852,0.8970014057458714,0.4602832375455852,0.2247395136658732,0.4940394378272932,1.2302390891386448
5014,1,validation,endpoint_interleave,1.8230898741900698,2.2945735839629298,2.0138897822671438,0.8873218575809785,0.8213590609444491,0.8873218575809785,0.2247395136658732,0.688624199624759,1.2302390891386448
5014,1,validation,geometry_maximin,2.4887988222200113,1.0778457469070086,1.2760191236725849,1.1137321375711982,0.6493654497534305,1.1137321375711982,0.2247395136658732,0.8491679431910656,1.2302390891386448
5014,1,validation,bit_reversal,1.8230898741900698,1.5400035899287507,1.307536165255173,0.6708621018139339,0.8530306540097551,0.6708621018139339,0.2247395136658732,0.5271489282162983,1.2302390891386448
5014,2,validation,natural,4.299247065830841,1.5248107561922293,0.7718493199291622,0.4160980135218551,0.9169107984879035,0.4160980135218551,0.3074890579184612,0.4084244480804951,1.7176805226147143
5014,2,validation,reverse,1.3748605466691457,1.4858890614839986,0.9923098851883414,0.5878522299525003,0.904413273867407,0.5878522299525003,0.3074890579184612,0.6793673723093989,1.7176805226147143
5014,2,validation,endpoint_interleave,3.255618638049662,2.4963096892019814,1.1246116403971542,0.42988113447336024,0.9044559405892242,0.42988113447336024,0.3074890579184612,0.535787822639448,1.7176805226147143
5014,2,validation,geometry_maximin,4.299247065830841,1.5248107561922293,0.7718493199291622,0.4160980135218551,0.9169107984879035,0.4160980135218551,0.3074890579184612,0.4084244480804951,1.7176805226147143
5014,2,validation,bit_reversal,3.255618638049662,1.7498430449060505,1.0899125879900777,0.5975198714351149,0.8424999953170317,0.5975198714351149,0.3074890579184612,0.5598329831413824,1.7176805226147143
5015,0,validation,natural,3.2241547761301614,1.354615557768203,1.348832543381054,0.9183355676072824,0.5344160831199495,0.9183355676072824,0.26680344862907873,0.8402743153551058,0.8699936759486783
5015,0,validation,reverse,2.7458439204726135,1.685584227920821,1.4151115686624427,0.516521023159025,0.9546501268165226,0.516521023159025,0.26680344862907873,0.4501240857602707,0.8699936759486783
5015,0,validation,endpoint_interleave,1.9725914313416233,2.0960356419544723,1.041251304041372,0.6375747041145711,0.8981404492599676,0.6375747041145711,0.26680344862907873,0.5565396634272992,0.8699936759486783
5015,0,validation,geometry_maximin,3.2241547761301614,1.354615557768203,1.348832543381054,0.9183355676072824,0.5344160831199495,0.9183355676072824,0.26680344862907873,0.8402743153551058,0.8699936759486783
5015,0,validation,bit_reversal,1.9725914313416233,1.5649319476521812,0.6388020795491159,0.5215771651740524,0.8968867729681134,0.5215771651740524,0.26680344862907873,0.4513017034752783,0.8699936759486783
5015,1,validation,natural,1.5452482000215912,1.0980753672592936,0.6318347927513406,0.5023553668455124,0.9015876503758461,0.5023553668455124,0.25675752470630914,0.4903631539098228,1.6439874443890405
5015,1,validation,reverse,1.981057341171049,1.500303501132254,0.6157677133066838,0.39667430279117766,0.9185597801565394,0.39667430279117766,0.25675752470630914,0.4968553489973068,1.6439874443890405
5015,1,validation,endpoint_interleave,1.765954957162605,0.9960972825114239,0.8323995133449129,0.38929790415892324,0.9349514954286015,0.38929790415892324,0.25675752470630914,0.48551753577692525,1.6439874443890405
5015,1,validation,geometry_maximin,1.5452482000215912,1.0980753672592936,0.6318347927513406,0.5023553668455124,0.9015876503758461,0.5023553668455124,0.25675752470630914,0.4903631539098228,1.6439874443890405
5015,1,validation,bit_reversal,1.765954957162605,1.4796464692524216,0.5042653286879836,0.34574659047300815,0.9596539065754578,0.34574659047300815,0.25675752470630914,0.3181191219778235,1.6439874443890405
5015,2,validation,natural,3.4741394879005885,2.104965331774235,0.9532833540562213,0.6772362094692759,0.898881715255986,0.6772362094692759,0.23883515167838107,0.629851534808147,1.5598055200087828
5015,2,validation,reverse,1.731274817373974,1.6496330421419982,0.7264593865381422,0.7648058573499313,0.9376794076757019,0.7648058573499313,0.23883515167838107,0.6841373646037163,1.5598055200087828
5015,2,validation,endpoint_interleave,2.843655374406843,1.847810620807576,1.5070291595518748,0.9974158510727787,0.3576012977933889,0.9974158510727787,0.23883515167838107,0.8860815816820433,1.5598055200087828
5015,2,validation,geometry_maximin,3.4741394879005885,2.104965331774235,0.9532833540562213,0.6772362094692759,0.898881715255986,0.6772362094692759,0.23883515167838107,0.629851534808147,1.5598055200087828
5015,2,validation,bit_reversal,2.843655374406843,1.0344978451323277,1.1536062462192915,0.7279030732744682,0.872334972538217,0.7279030732744682,0.23883515167838107,0.7973239954288543,1.5598055200087828
5016,0,validation,natural,1.9432568278979572,1.5403582031281824,0.5189662488696708,0.503765958896025,0.8883756209348543,0.503765958896025,0.3072104212489693,0.49336417930883036,1.3917870939083508
5016,0,validation,reverse,2.072162995654603,1.6265512479735866,0.5761273853144107,0.575929873172274,0.8571574695175949,0.575929873172274,0.3072104212489693,0.5190357418676587,1.3917870939083508
5016,0,validation,endpoint_interleave,3.81934904308812,1.5745525936154876,1.2502017529898342,0.5490517356308129,0.8691535753583143,0.5490517356308129,0.3072104212489693,0.5480343581962984,1.3917870939083508
5016,0,validation,geometry_maximin,1.9432568278979572,1.5403582031281824,0.5189662488696708,0.503765958896025,0.8883756209348543,0.503765958896025,0.3072104212489693,0.49336417930883036,1.3917870939083508
5016,0,validation,bit_reversal,3.81934904308812,3.050595970474927,1.15213593616433,0.6126728329910216,0.9111838294202254,0.6126728329910216,0.3072104212489693,0.6032484399112985,1.3917870939083508
5016,1,validation,natural,1.617498163019197,0.9738169303846648,0.5136592712783715,0.335789771179133,0.9709081009619319,0.335789771179133,0.24372560842335053,0.35569872513893974,1.7728252262723985
5016,1,validation,reverse,1.5658689623714894,0.9541671215055493,0.5189710439376883,0.35281157550398473,0.9517199126014431,0.35281157550398473,0.24372560842335053,0.42335072609410823,1.7728252262723985
5016,1,validation,endpoint_interleave,1.5658254105368827,1.0338435742860277,0.5236307977984972,0.26569329705196393,0.9698272086523112,0.26569329705196393,0.24372560842335053,0.3120704637120341,1.7728252262723985
5016,1,validation,geometry_maximin,1.617498163019197,0.9738169303846648,0.5136592712783715,0.335789771179133,0.9709081009619319,0.335789771179133,0.24372560842335053,0.35569872513893974,1.7728252262723985
5016,1,validation,bit_reversal,1.5658254105368827,0.9082845142695879,0.5324638216921141,0.4452390984895836,0.9306886391233591,0.4452390984895836,0.24372560842335053,0.44569438209472384,1.7728252262723985
5016,2,validation,natural,1.8591689182808933,1.566651847851664,1.0053275890072928,0.8075800274707361,0.8600534368139648,0.8075800274707361,0.2503284159185778,0.6791238874770315,0.7109575163308899
5016,2,validation,reverse,1.2177625578386233,2.187727117762809,1.341671343494289,0.616153324933787,0.7932787954363257,0.616153324933787,0.2503284159185778,0.57855006692508,0.7109575163308899
5016,2,validation,endpoint_interleave,2.5354981343833254,1.0239727462471238,0.7509400997349966,0.4504986066733673,0.9096898090390587,0.4504986066733673,0.2503284159185778,0.4311942196614315,0.7109575163308899
5016,2,validation,geometry_maximin,1.8591689182808933,1.566651847851664,1.0053275890072928,0.8075800274707361,0.8600534368139648,0.8075800274707361,0.2503284159185778,0.6791238874770315,0.7109575163308899
5016,2,validation,bit_reversal,2.5354981343833254,2.3002915617844213,1.38207200750743,0.7286944985305401,0.9361396882145193,0.7286944985305401,0.2503284159185778,0.6521456817965157,0.7109575163308899
5017,0,validation,natural,4.1278575500393675,2.617932123539064,1.742981923474365,1.025807365238955,0.701185182171262,1.025807365238955,0.29232423841037924,1.0208407280790248,1.2424933851193427
5017,0,validation,reverse,4.383409122627446,3.814769721422423,1.5775657902896258,0.9043131971159181,0.6854799576999934,0.9043131971159181,0.29232423841037924,0.7208298985166119,1.2424933851193427
5017,0,validation,endpoint_interleave,3.786603843894189,2.5172915369626625,1.6221788659208647,1.069538526933579,0.7432243366067742,1.069538526933579,0.29232423841037924,1.1814132160269526,1.2424933851193427
5017,0,validation,geometry_maximin,4.1278575500393675,2.617932123539064,1.742981923474365,1.025807365238955,0.701185182171262,1.025807365238955,0.29232423841037924,1.0208407280790248,1.2424933851193427
5017,0,validation,bit_reversal,3.786603843894189,2.7085112754801046,2.188449747750965,1.7241103635242685,0.6127081565468047,1.7241103635242685,0.29232423841037924,1.738564761472585,1.2424933851193427
5017,1,validation,natural,1.8326419693774485,1.1765302000689861,2.1983294826963387,0.9210772369815494,0.6701383892791085,0.9210772369815494,0.39942270426825704,0.9482296324803908,1.5876052279612745
5017,1,validation,reverse,3.9576684562435225,2.0105081623150722,1.6896171454304552,0.5651031424110066,0.8823443881886869,0.5651031424110066,0.39942270426825704,0.6164240746883956,1.5876052279612745
5017,1,validation,endpoint_interleave,2.649383983041739,1.9004702265926756,0.8095227969008577,0.3946014874039168,0.9192418983184004,0.3946014874039168,0.39942270426825704,0.542214842570733,1.5876052279612745
5017,1,validation,geometry_maximin,1.8326419693774485,1.1765302000689861,2.1983294826963387,0.9210772369815494,0.6701383892791085,0.9210772369815494,0.39942270426825704,0.9482296324803908,1.5876052279612745
5017,1,validation,bit_reversal,2.649383983041739,3.1384007922209545,1.918581156050546,0.8788333314815616,0.7835827182235482,0.8788333314815616,0.39942270426825704,1.2387066749985218,1.5876052279612745
5017,2,validation,natural,1.9318218739874684,2.478561629235796,1.0484136034535732,0.7463294656435461,0.8384542818249994,0.7463294656435461,0.4136039045876512,0.8341353690176974,2.3095914448150365
5017,2,validation,reverse,3.6070661438670615,2.808804917436035,1.0024988458192048,0.8269370011294882,0.8478834460900267,0.8269370011294882,0.4136039045876512,0.8960712132190211,2.3095914448150365
5017,2,validation,endpoint_interleave,4.8605007880919215,2.421162906753907,2.050765699774967,0.9199609981631673,0.5357803224869258,0.9199609981631673,0.4136039045876512,0.9575397492619039,2.3095914448150365
5017,2,validation,geometry_maximin,1.9318218739874684,2.478561629235796,1.0484136034535732,0.7463294656435461,0.8384542818249994,0.7463294656435461,0.4136039045876512,0.8341353690176974,2.3095914448150365
5017,2,validation,bit_reversal,4.8605007880919215,2.042149236790184,0.7367033145753031,0.5350507151136359,0.8511521261670911,0.5350507151136359,0.4136039045876512,0.6168903627465924,2.3095914448150365
