order,proj2_on17,norm2_rel17,proj4_on17,norm4_rel17,proj8_on17,norm8_rel17,proj12_on17,norm12_rel17,proj17_on17,norm17_rel17,incnorm0,incproj0,incnorm1,incproj1,incnorm2,incproj2,incnorm3,incproj3,cos12_17,cos8_12,cos4_8,min_succ_cos,late_rel,mid_rel,early_rel,inc_cos_late,curvature,block_scatter_cv,last5_mean_shift,c17_l1_over_total,c17_max_share,c17_top5_share,c17_negative_share,late_l1_over_total,late_max_share,late_top5_share,late_negative_share,mid_l1_over_total,mid_max_share,mid_top5_share,mid_negative_share,probe_flip_weighted,probe_late_rel_weighted,paired_cos,paired_norm_ratio,jack_max,jack_cv,jack_last5,network_id,rotation_index,split,c17_ratio,reduced_ratio,reference_noise_fraction,aitken_gamma,aitken_r,rule_A_flag,rule_B_flag,rule_C_flag,rule_D_paired_flag
natural,1.5615661606032702,2.528007907481451,1.0795436290221094,1.8300333744888262,1.004842530167272,1.2529691469141049,1.1470610108933168,1.2286156687787189,1.0,1.0,1.5169550293286875,-0.48202253158116076,1.3018293338804088,-0.07470109885483733,0.6346915561863484,0.14221848072604468,0.46408451792959515,-0.14706101089331686,0.933620692004954,0.8693530920948623,0.7030590651121487,0.7030590651121487,0.46408451792959515,0.6346915561863484,1.3018293338804088,-0.09838921270700184,0.822294959104257,0.17558936607541065,1.6880901992035426,5.4402530726416,0.04392657505874959,0.18524924189957478,0.04568300702759162,5.522810114873531,0.05761579362077717,0.2174730639214323,0.04178463187992893,5.800491672957215,0.054971595851924564,0.18714949834075903,0.06756437428027286,0.19836537396997872,0.5057810010977877,0.4282726975460309,0.2802798908096584,0.30890020625457065,0.1884484516340636,0.8913293041496662,5000,0,development,0.8208323633863418,1.0390074010947514,0.2600765497765908,-0.06711361036310101,-0.0719418903616154,False,False,False,False
natural,2.1276105359320763,3.4853562506761104,2.160797881543053,3.510585317467057,0.9734870967954917,1.7268824583808091,0.8986907278452515,1.1674429378211602,1.0,1.0,2.253594777754137,0.0331873456109764,2.072623771747891,-1.1873107847475612,1.0289886565796351,-0.07479636895024028,0.7520249712463,0.1013092721547486,0.7697941361678109,0.8150219519992268,0.908107411796578,0.7697941361678109,0.7520249712463,1.0289886565796351,2.072623771747891,0.26542792698532996,1.1016213478426955,0.16567917106329744,2.472881305199671,5.626968934499465,0.05022110135357867,0.18143019283484865,0.09763473391029144,5.012437641239797,0.051749106074534076,0.19527200143187168,0.03926200597654373,4.04207714884462,0.0406250612555385,0.16475302060361657,0.06464929405369704,0.23820584576080167,0.6711252900629362,0.39700270604721244,0.35405885547595944,0.3692348258388084,0.17173297162627357,1.0270060411111657,5000,1,development,1.120474922438662,1.057100176465017,0.2988132379925429,0.2406717963121862,0.19398506279224448,False,False,False,False
natural,0.26591844956177085,1.9033050631173942,0.4879308733024253,1.451187613570471,0.9377242609238288,1.1793148989356064,1.1111886055562206,1.243904279937714,1.0,1.0,1.48806547142453,0.22201242374065444,1.359451122230959,0.4497933876214033,0.5477073191062495,0.17346434463239174,0.5700181107078286,-0.11118860555622058,0.8933071647698334,0.8991749748712582,0.48165678866562567,0.48165678866562567,0.5700181107078286,0.5477073191062495,1.359451122230959,-0.17547687387111977,0.8570138848765009,0.2185824143648655,2.2190090920563277,5.41898611114973,0.05086818102064877,0.23203511182930514,0.07090675320583663,5.980101340773767,0.03075526553763977,0.14342769979023473,0.06846334037089313,5.552831474695867,0.05439216917676324,0.1805405362979961,0.09128184773745356,0.20918113828006657,0.5481468184398748,0.10097384896141214,0.17597422919908717,0.3902643453354124,0.25017903602968855,1.2606098438053954,5000,2,development,1.1389341262192763,1.1393687608862224,0.21200585000837707,-0.15442335323731257,-0.18262490316936553,False,False,False,False
natural,-0.5444429074926567,1.9439189172494682,0.6741238534809583,1.362644690149514,1.005271381304409,1.2495014517436511,1.1995545966110481,1.3048268958018008,1.0,1.0,1.8593157862491712,1.2185667609736148,1.0987366968109762,0.3311475278234507,0.5601971606602137,0.19428321530663917,0.5508756981258717,-0.19955459661104813,0.919320869665195,0.9046972598215515,0.6492416500309452,0.4112254404990482,0.5508756981258717,0.5601971606602137,1.0987366968109762,-0.10786453921181967,0.8269574788912609,0.2790526450859978,1.896460290248477,4.352510503879137,0.07553814610651684,0.23586334527090777,0.04766250897477625,4.39086219259083,0.06897390135479382,0.20738567255885035,0.057744907487473254,4.794263714412496,0.04756783570943742,0.1785382651935717,0.03992381189668955,0.22696143613115313,0.5324793226876396,0.05216445511630331,0.19619847711086913,0.40538141383305143,0.3085455262074858,0.9378483338860953,5001,0,development,1.4177588499359493,1.4248728144754534,0.0740508286402089,-0.09589785691617929,-0.10606971529685719,False,False,False,False
natural,0.7987665533493049,1.6639619938192116,0.8260120679347372,1.171173179137295,0.48211147642845337,1.213612910384957,0.9790212803980651,1.205847670178035,1.0,1.0,1.129584621433849,0.02724551458543236,0.7911506121955703,-0.34390059150628377,0.8387394311320514,0.49690980396961176,0.7042911634243785,0.020978719601934807,0.8118946568545591,0.7596665270587531,0.7804489501636898,0.7349324856603174,0.7042911634243785,0.8387394311320514,0.7911506121955703,0.2616511693982874,0.9436028873581433,0.15469071057955633,2.234817448206754,4.538109643922523,0.06491757361138704,0.1885932515452168,0.0260942386591863,3.887207398575609,0.0830806591707636,0.2753241616372921,0.06449755038858951,3.992900779686752,0.0536666163287141,0.22702070948209388,0.03158953553850007,0.1923281055494737,0.768750662506689,0.3185743279870668,0.31494592455186804,0.24300468407889306,0.1943160496261402,1.0180386094837064,5001,1,development,1.1962425719964687,0.9501175660798215,0.07466464198704631,0.28157316614391326,0.21970900576135677,False,True,False,False
natural,1.6134715218801943,3.1869198894472635,0.38446559747509185,2.97463373747846,0.6133216853842824,1.447718254845948,0.6721490493742047,1.0061283978940208,1.0,1.0,4.487564318734737,-1.2290059244051026,2.1269854130022887,0.22885608790919054,1.392992668002609,0.058827363989922325,0.8173103781920181,0.3278509506257952,0.6680549428692347,0.4008518409126961,0.7454277371148998,-0.059775258124895994,0.8173103781920181,1.392992668002609,2.1269854130022887,-0.3246268210200409,1.829646107905346,0.29279820359811715,2.432697596016183,5.470493756133616,0.05874332317845566,0.19985994061171514,0.05271571488705048,4.862946611852851,0.05625526087089607,0.2194362180331094,0.016217670918105085,4.629979378110515,0.06546535970785983,0.24524197807752976,0.06651641607368645,0.2602939379598966,0.807093427533307,0.0718355168066318,0.39135100524325,0.6998485402516326,0.31104659210246416,1.1550748100493269,5001,2,development,0.7140152814972538,0.7616718374695317,0.05836867583306868,-0.159994394185111,-0.19046824578021776,False,False,False,False
natural,-0.03344875767760582,1.786308827202152,0.4876495295113273,1.1438392753442839,0.4923269744922492,0.7864393550742438,1.045500731125116,1.0772757957695938,1.0,1.0,1.0607403007841516,0.5210982871889331,0.6577836781398972,0.004677444980921876,0.7893341145456708,0.5531737566328668,0.2636696378060612,-0.0455007311251162,0.970504243417278,0.6822150435823405,0.8305034744996133,0.6822150435823405,0.2636696378060612,0.7893341145456708,0.6577836781398972,-0.1411112367636727,0.8667797496178954,0.2677130987499812,1.1715704696261449,3.219571136431607,0.06812513782428035,0.25226038031637116,0.035008501352426995,5.118505721119729,0.04539514774444129,0.19379680674802233,0.02952603643314016,3.434225163503396,0.05467282237398432,0.21642349468835922,0.0415054890057604,0.15428681940655853,0.36259430155249844,-0.4474329633431683,0.28024004439210914,0.21954041453322148,0.3065385239810678,0.837979465529297,5002,0,development,1.434748258181456,0.8510971627687384,0.21244812560731166,-0.04501501419093336,-0.04713688158437012,True,True,True,True
natural,1.588287189294702,2.2265291933915834,1.356812222107423,1.6788087519225883,0.8253658383803669,1.017783557765865,1.0428239266345753,1.0933336104990319,1.0,1.0,1.1727084543076427,-0.23147496718727884,0.9296015663828819,-0.5314463837270559,0.569546074393475,0.21745808825420848,0.3312559894970924,-0.042823926634575495,0.9538021301280564,0.8568109655254823,0.8749886522956603,0.8561702247307164,0.3312559894970924,0.569546074393475,0.9296015663828819,-0.12975757403094343,0.6950358474004225,0.25401797060273895,1.3017677376483505,3.8543129730548586,0.059006635809479346,0.22334494710799088,0.06765401234910201,4.889986980831754,0.07136685863385793,0.2373316795620998,0.047738494872578946,5.113871063120318,0.06950475035916631,0.22091181366534807,0.05440144397867058,0.23849744403896916,0.45706711204937556,-0.03432294413543829,0.20658981614716793,0.3700676839488767,0.3436295501316255,1.4297793747775212,5002,1,development,0.7686040081391902,1.4393488087194934,0.17085446730255968,-0.07017295542561483,-0.07546882598767117,True,False,True,False
natural,0.33828494779223367,1.1776782304313398,0.9926293493521432,1.0841843208077186,0.5832424301495042,0.8107529137951102,0.7804454186437395,0.8105537875231345,1.0,1.0,1.1242213003186168,0.6543444015599095,0.7228645111075193,-0.40938691920263903,0.5178326371981684,0.1972029884942354,0.3100106533340743,0.21955458135626038,0.9628545701187835,0.7959773329328447,0.7452983413806664,0.5084929147452626,0.3100106533340743,0.5178326371981684,0.7228645111075193,0.3942419364331967,0.4875233981340853,0.2853697224438243,1.1672608653275267,3.5291862370712206,0.05276572715593181,0.20038020579551202,0.04406380234052245,3.839250641951025,0.05867800378677352,0.2424819623202458,0.0722164489113194,3.6528805935812785,0.0640473037925691,0.26575914668855627,0.051440454066276106,0.20709149798714518,0.34656392306633244,-0.6100124327845182,0.21838819223481098,0.24968319768042763,0.32906267139797124,0.9752299061460779,5002,2,development,0.8235137259109299,2.942282701231545,0.3428486181137282,0.30893591794830316,0.23602065900410618,True,True,False,True
natural,1.9791736252496135,3.252005077950269,0.966054717825703,1.9682013595570413,0.6698146303976222,0.8549272895432695,0.7358373200950975,0.8228354346127212,1.0,1.0,1.7052491215898893,-1.0131189074239102,1.727962980401719,-0.29624008742808094,0.5483680101689735,0.06602268969747543,0.4531925774591976,0.2641626799049026,0.8942703354060457,0.786998774552066,0.48103969020654613,0.48103969020654613,0.4531925774591976,0.5483680101689735,1.727962980401719,-0.2310101424349295,0.7879787840234173,0.39191460625799535,1.6023771888021143,3.6609193625069696,0.10093295239832839,0.2429730889074381,0.05574942316203712,3.624669892439868,0.08628337697647041,0.24889781761857155,0.07866435471599871,4.051371471703805,0.05164340472720762,0.2028505234238224,0.06428426392097758,0.2331326334220569,0.46337440584922124,0.48789839375323063,0.21816786672906124,0.5019533118946305,0.4680384299455585,0.8772457056124331,5003,0,development,0.8535688997312724,1.310010289411747,0.07170372675880043,-0.16031002835060099,-0.19091573528704264,True,False,True,False
natural,3.217388358003162,3.9006479658175177,2.4788453331424063,3.0230587704867666,1.5772203709338548,1.8329321090597275,0.5223807589893941,0.7401806582959687,1.0,1.0,1.2242587358552308,-0.7385430248607557,1.5657427005084612,-0.9016249622085509,1.6097168176662022,-1.054839611944461,0.7092995762981008,0.4776192410106059,0.7057476484079037,0.48511772013218446,0.9065929212121304,0.48511772013218446,0.7092995762981008,1.6097168176662022,1.5657427005084612,-0.8272648332219735,2.232350525673267,0.32768901278471213,2.3111108417517157,3.6094557216984025,0.05817980997373479,0.248645406202946,0.062404042395623416,3.4753872544730413,0.08219800241445388,0.25458430150336087,0.04644381259260165,2.865760102335956,0.06558919684440892,0.24987306284208413,0.017846879854690363,0.20065410166248196,0.6861654980518709,0.586859841133451,0.20625644090500314,0.4509965023419419,0.41299976204600036,0.7893666678419343,5003,1,development,0.9927562676073483,1.008331319635664,0.12885549131960752,-0.26714310083347775,-0.364522870886935,True,True,True,False
natural,1.5375554669921716,6.683654988051887,1.8165801650620168,3.849134524309186,1.2710448639348866,1.672345699771199,1.13906884195573,1.3472043507660563,1.0,1.0,3.4688891345367385,0.27902469806984503,2.5518612442665725,-0.54553530112713,0.6745126298385679,-0.1319760219791566,0.732681294159699,-0.13906884195573008,0.84550561413198,0.9224918500448492,0.8622368185694591,0.84550561413198,0.732681294159699,0.6745126298385679,2.5518612442665725,0.2659447216813294,0.8537727575725855,0.344430478973828,2.098005433092429,4.047601931008786,0.06584657108796173,0.2720390842046665,0.04007436357121458,3.4474303249635776,0.05942940606302317,0.24513909010623675,0.048454793961913566,4.090966818164064,0.06427716213362748,0.24088695587385706,0.05303533084870221,0.1730459909246469,0.619780755031641,0.3079309678688666,0.4373972596633475,0.6534351054214599,0.40805812176028994,1.1986142571837244,5003,2,development,0.6194322847544863,0.8778113382820291,0.0770413057935575,0.4062309982970255,0.2888792799966574,True,True,True,False
natural,1.6011624885544653,2.596613182010423,1.273464019802737,2.1730954821070663,0.5604981036686845,1.2673723481157486,0.9534045580428638,1.0751794552596787,1.0,1.0,1.7484306393676317,-0.3276984687517284,1.5563266546485577,-0.7129659161340525,1.416799853750492,0.3929064543741794,0.49920110669626083,0.0465954419571362,0.8867399329283094,0.27700444074191893,0.7091961122083027,0.27700444074191893,0.49920110669626083,1.416799853750492,1.5563266546485577,-0.5452579850559371,1.7400605390610167,0.25821759063932176,1.810176583404309,4.813712334230865,0.058635334370671074,0.2094446300611205,0.05274121310356716,4.863896530079964,0.055606045712961814,0.2112620325281926,0.032715409097050646,3.5820017049613493,0.0771290005882634,0.23457534635511787,0.032395364163410205,0.24430249782055855,0.4935696055869108,0.5331076265553852,0.31028819956666703,0.5162397150187049,0.27202301726657613,0.8059578801100266,5004,0,development,0.7019164182977298,0.7584345096305803,0.059433879939990275,-0.16115718085348096,-0.19211844838518186,True,True,False,False
natural,0.4380121327879892,1.957785415865024,0.6032101937724126,1.8636436412448432,0.9761269843827272,1.5851558735338858,0.9647817637622754,1.0271061464345286,1.0,1.0,2.5404706856869037,0.16519806098442338,1.4678149698246654,0.3729167906103145,1.1742616134446595,-0.011345220620451813,0.35409533817749766,0.03521823623772475,0.9393204072542994,0.6721775272893521,0.6484751390010184,0.11677036425445864,0.35409533817749766,1.1742616134446595,1.4678149698246654,0.0675700495484961,1.2033630025989088,0.28346562026352806,1.5222018738518683,4.691040164033632,0.04734388267176285,0.1919596736929197,0.022442037065813023,4.931625011970634,0.06274445144737344,0.23021185990545734,0.10197523779558654,4.949694621303976,0.04650107987594441,0.20776220891579303,0.05537563342511734,0.28377435785540034,0.40258430959254926,0.04751536204011639,0.22793903740011517,0.5496291840147892,0.329618510699891,0.9647449127713572,5004,1,development,1.3752838459278838,1.1508761381892636,0.16380366630149454,0.0207993599852936,0.020375561349875115,True,False,False,False
natural,0.2952724193559023,2.473925818175044,1.3680293961855545,1.7677238234491335,1.472268576083854,1.8326823190071844,1.2268725898030506,1.5048954807899375,1.0,1.0,3.2346702577497948,1.0727569768296519,0.889509425967425,0.10423917989829957,0.8175576103012626,-0.24539598628080317,0.900536078397682,-0.22687258980305064,0.8152543518564163,0.8983036289439652,0.8785360997371339,-0.13924932580673574,0.900536078397682,0.8175576103012626,0.889509425967425,-0.044264325100722306,1.2427968535045986,0.20436682418296168,3.2896711346079943,4.6575344080597345,0.046442627455226454,0.1898184811701532,0.045754316235994956,3.389765301470982,0.0550218864933352,0.2457985398238862,0.042718020767221386,5.140367406319513,0.06048169943084711,0.20672518354835634,0.0292699016898195,0.23154631104237877,0.7481734611541889,-0.09297723027992391,0.37529369311614763,0.3175394244664832,0.2359874153145719,1.0171037225415442,5004,2,development,1.0285530801767135,1.154664730152254,0.18921018817631416,-0.046490235172666296,-0.04875695759768646,False,False,False,True
natural,0.7721320532853672,2.1606717781827345,1.2262153985053839,1.594613773161837,1.1573926845612514,1.2898969296183267,1.172459646789485,1.237986561318118,1.0,1.0,1.6970030768201096,0.45408334522001653,0.9193559200575481,-0.06882271394413225,0.38616090561565236,0.01506696222823356,0.43323369262476374,-0.17245964678948505,0.9470697691105269,0.9541524687943684,0.8171112941393629,0.6285815420593818,0.43323369262476374,0.38616090561565236,0.9193559200575481,0.03657260898534514,0.5697145206031653,0.20481609816717541,1.8008540743510049,4.650359210643942,0.06706635600993417,0.187996995129249,0.07542234302008734,4.929722481676654,0.04332812616380699,0.1933709693795867,0.1022878997321331,5.328286818025137,0.0558285201184748,0.21756888785548206,0.07145915758737405,0.1849604489427917,0.4500814515994247,-0.09295095730920605,0.2570927626150541,0.27201664208978815,0.2617535194815581,0.7623248871309372,5005,0,development,1.8701276188981741,1.2210535405922083,0.14497436621502832,0.04278634599810136,0.04103078848539053,True,False,False,True
natural,1.5713465219091958,3.261666199981455,1.9349775242788199,2.8190778242165373,1.5323977363011492,2.2492322594760914,1.1529233026403871,1.305848911567843,1.0,1.0,2.451314117492628,0.3636310023696241,2.8918286930200074,-0.40257978797767074,1.3571441657413876,-0.379474433660762,0.6319768781863352,-0.1529233026403873,0.8828918050374996,0.837960996954397,0.36616839085409,0.36616839085409,0.6319768781863352,1.3571441657413876,2.8918286930200074,0.43898187305219005,1.219926160827138,0.19038376694044767,2.3333230274113173,5.909068731149249,0.04803841160315958,0.18162256274868452,0.09533087851212194,5.669646250686973,0.047281585964726834,0.17697220472773287,0.11257565905186574,4.043680250363006,0.08065714056133433,0.22116193905628279,0.09565101827476898,0.22801985268523478,0.6203308276147115,0.24512113256115983,0.3672323311011213,0.49242150723739825,0.24498803611959707,0.9468106943452971,5005,1,development,0.9453555303670808,0.9003443727816716,0.19714644198579961,0.2569434354965308,0.20441925089097612,False,False,False,False
natural,3.058454015761109,3.366993537413807,2.1248494371627977,2.3114711289387295,1.4196050114453354,1.5633278179111458,1.0602582958805584,1.1094354156156137,1.0,1.0,1.45425371917243,-0.9336045785983114,1.0378950585274407,-0.7052444257174624,0.6079724566862759,-0.35934671556477693,0.33216012653699484,-0.06025829588055844,0.9556737426596689,0.9528335060464828,0.9283941797936932,0.9283941797936932,0.33216012653699484,0.6079724566862759,1.0378950585274407,0.30905314581980625,0.595934452885786,0.2066403285244887,1.4434796072300715,3.9816951247440078,0.05773482902730029,0.2082615242322618,0.09171203953471725,6.1617072347160855,0.060557477769344684,0.2090096920343905,0.08740943803471868,5.520932559182894,0.04865597543142688,0.17835935282439985,0.042693747747521264,0.16249617533987865,0.5248137957227638,0.8723547521491203,0.29092760024847586,0.2961773416289299,0.2723330098197393,1.4274272142104425,5005,2,development,0.7758765864417567,1.2089906569860298,0.11411152830765119,0.20314983676919968,0.16884832675098466,False,False,False,False
natural,4.098366670039915,4.588608462530914,2.866048142600267,3.233177771880422,1.7291978637057899,1.8545140724975802,1.3752078112698545,1.4224898130886612,1.0,1.0,1.7559387521223007,-1.2323185274396473,1.5703834426634182,-1.1368502788944765,0.6460746939749761,-0.3539900524359355,0.5225530076473636,-0.3752078112698546,0.9667610963651522,0.9562613429365391,0.9528524813926862,0.9528524813926862,0.5225530076473636,0.6460746939749761,1.5703834426634182,0.4300139890122095,0.6325516534737294,0.18558446550593732,1.5837392754911246,4.040686042252154,0.057056363226497264,0.25523906689442594,0.07958774763677763,3.3679940210581782,0.08545613540459861,0.28627348258229834,0.06142274697482086,4.154411105277382,0.054444421169605725,0.20604797021440457,0.05292242116265037,0.12490517852942294,0.4772083853417417,0.8541259475260037,0.4749580121432822,0.3104912442083531,0.2557217742125473,0.9838719028618088,5006,0,development,1.3153156925586478,1.040183250324581,0.2042669490791983,0.5,0.34780050261103984,True,True,True,False
natural,1.059508294420424,3.249477213272484,1.862689260211691,2.597306943238199,1.124894081319456,1.4082096072715602,1.055408305984519,1.2253565397873751,1.0,1.0,2.7116546248283946,0.8031809657912672,1.5765084858523195,-0.7377951788922353,0.6056210304598567,-0.06948577533493693,0.6250456284389575,-0.05540830598451914,0.8613071148807465,0.9034105420612305,0.8535323136099316,0.5895832192976844,0.6250456284389575,0.6056210304598567,1.5765084858523195,-0.031955255847979404,0.8841106293664898,0.23861391142718377,2.17416802940444,4.87303370669463,0.04668689393761839,0.20209767126817524,0.07320576029325644,4.4452935739458965,0.0474788406480446,0.2013261416143759,0.04048219463648345,4.379123508488628,0.08170468322091791,0.2508683061883517,0.05143557610808892,0.20613637082031877,0.5772930338885742,0.548091358125639,0.3656287510811424,0.45849867493612284,0.31495323448679596,0.7428787012812238,5006,1,development,0.8628747749147059,1.1446906897791878,0.06554765138845929,-0.031927218390296525,-0.032980183925022874,False,False,False,False
natural,0.34318463023768986,0.9540112387383298,0.38742165414955615,1.023200934284505,1.3196344347717222,1.3986070158402302,1.312168076330487,1.3523935865426924,1.0,1.0,0.9357390973253034,0.04423702391186632,1.2234740214337563,0.9322127806221657,0.29327552414678665,-0.007466358441234832,0.4523629740162566,-0.31216807633048743,0.9702560625749198,0.9778280971870504,0.5262383337800743,0.5262383337800743,0.4523629740162566,0.29327552414678665,1.2234740214337563,0.09870549645938308,0.514249814229174,0.21768355533172284,1.7201691215565706,3.0696780423348637,0.07857541849637785,0.2914642945256985,0.04718764396844648,3.2678554479854274,0.05950075766587428,0.26693853410056106,0.06661164734586576,4.6749412882094115,0.08095262176250755,0.23925422936247637,0.03711009803671435,0.22431273372271143,0.4831923986865678,-0.04341079207485656,0.1002291729101814,0.19582122525710152,0.25863041512930546,1.0849129712004288,5006,2,development,1.0651294332608365,1.7791732699356082,0.08918549808131811,0.17959073164107958,0.1522483407369842,True,True,True,False
natural,0.6582535801019396,2.6558766707353847,1.0759175530859701,1.3794910793946837,0.44019209515190794,1.9863566146641491,0.5567671075699177,1.1795090576977665,1.0,1.0,2.6027794922785636,0.4176639729840307,1.996642259059566,-0.6357254579340623,1.1265104086644702,0.11657501241800974,1.1303572010878855,0.4432328924300824,0.47203292245728706,0.868108762035827,0.33976612533082323,0.29781106427829085,1.1303572010878855,1.1265104086644702,1.996642259059566,0.5962557006848159,1.0140206089843817,0.23224412045234788,3.555244297714511,4.6777816707441415,0.030515238838745483,0.14270273205246706,0.05882589086957998,3.892482547345906,0.06350386047916945,0.22802051159585457,0.06870091558439367,3.807669092214287,0.06078668693385129,0.23917450761819414,0.09046572833209886,0.2978373934118249,1.133284588295593,-0.027422640294609228,0.22313927122247404,0.5636407627834054,0.3383503958160794,1.1307418445896695,5007,0,development,2.2101153574433297,1.7295337056440916,0.2352114202226949,0.5,0.5982917865426747,True,True,True,False
natural,0.48395995110565715,1.3282340308387184,1.046272310863808,1.3834190797142514,1.337045164896379,1.5364941941606913,1.186710246365368,1.239100393407668,1.0,1.0,1.0854932959988386,0.5623123597581507,0.7172644867767397,0.2907728540325712,0.5828639495000287,-0.15033491853101089,0.4024292387641603,-0.18671024636536834,0.9577192071594609,0.9340061987090553,0.8844954837531277,0.6802047468234727,0.4024292387641603,0.5828639495000287,0.7172644867767397,0.39444752571802577,0.5627035389806901,0.18712795835631066,1.6767232918868273,3.6991270614790372,0.06358696735704848,0.22303340490081605,0.08162232727857549,4.715357481407495,0.05060792881162251,0.18920841051232998,0.07779497125365886,5.113294017146984,0.04790329097728149,0.2136557470179684,0.05247935072649819,0.23518515214133126,0.46478464732891184,0.6187287914110076,0.3050250951105319,0.2699852814050233,0.23971329203380407,1.0057223441782404,5007,1,development,1.0692732464693584,0.8449187302106355,0.14699147829379658,0.37426836257461515,0.2723400849259487,True,False,False,False
natural,1.65494078767525,2.919065318776976,1.432845509698719,1.8886841624990716,1.425893251549058,1.6790478585854984,1.2150403535236687,1.291730949038211,1.0,1.0,1.8179384666131693,-0.22209527797653053,0.802387808056782,-0.006952258149661301,0.7773555355704098,-0.21085289802538923,0.4883524727651329,-0.2150403535236688,0.9406295904176917,0.8952759853947009,0.905417428980132,0.7965593467973516,0.4883524727651329,0.7773555355704098,0.802387808056782,0.16416981909300774,0.8474221641856702,0.22001433190630423,2.2181310956123763,3.9835382397121806,0.044173832741683405,0.18739757818140323,0.08217498093470829,6.163483637239519,0.046731087316619395,0.19376200281083303,0.06827854272357177,4.9455081764688,0.057159437245142504,0.2146573927666592,0.07244135569401197,0.17192234469766013,0.7712761305388091,0.34528229699633445,0.3343867305689866,0.4696417086786941,0.30567156516690336,1.1088048509419288,5007,2,development,1.0242310186123496,1.2285796208442048,0.21364261958499656,0.11499528858748395,0.10313522376687717,False,False,False,False
natural,0.8074300968282063,2.2625532027450537,-0.297631512467131,1.6704736928727941,0.6452647611452039,1.1255418163622308,0.5718251953514871,0.7786768418710721,1.0,1.0,1.479351580166586,-1.1050616092953374,1.8519129013174078,0.9428962736123349,0.6888172436999577,-0.07343956579371677,0.6802111682142041,0.4281748046485129,0.7343549526623342,0.7979573199042629,0.16693685598020103,0.16693685598020103,0.6802111682142041,0.6888172436999577,1.8519129013174078,0.04178760694924464,0.947627563483617,0.2979542793970833,2.262729582881938,4.062269582767697,0.06714756230961128,0.2593066095653712,0.09588703183543668,3.965978169297495,0.05981483971832707,0.2278155133494274,0.04845929400369484,5.28326070492401,0.040600962384013464,0.18630561895637343,0.09254978063927839,0.20512423787577713,0.6478866050887466,0.26993268749729743,0.28043733714706154,0.48279444131579763,0.33197399164863933,0.9541496352881612,5008,0,development,0.7332923984261672,0.7692833747932522,0.16022934369291372,0.04304164873873299,0.041265513022207524,True,True,True,False
natural,1.1458979493244823,2.7245113251516067,1.169530773094698,1.653257166004192,1.0082720227382895,1.2947438931296493,0.7004954471117174,0.881768607169367,1.0,1.0,1.7631048974111825,0.02363282377021586,0.9610730885299852,-0.16125875035640846,0.8887021430355031,-0.3077765756265723,0.6136163152703574,0.2995045528882826,0.7944209415216443,0.7287982144661863,0.8142692968317702,0.7287982144661863,0.6136163152703574,0.8887021430355031,0.9610730885299852,-0.46440328215875043,1.2933735962527577,0.21268181835718783,2.321237419457467,4.36434363767609,0.06127765266616514,0.2522730887745846,0.05518497026433435,4.144206450761942,0.054067075983811295,0.21217671404733313,0.06729878857996566,4.535889395396413,0.05025031239937957,0.20319725420018095,0.07273410324264287,0.2282836940322854,0.5495520068484058,-0.02497489140689965,0.36664668180578636,0.4043577392795327,0.2663975724990353,1.182344683709883,5008,1,development,1.1561132986851756,1.2033662977997093,0.19662959018784185,-0.2427991001463994,-0.3206534754427034,False,False,False,False
natural,-0.5147963434650896,3.760834706313081,0.4012978173902691,2.7652172317448773,0.8129507113436697,1.7059388952549788,0.9268501057911388,1.4538819769544749,1.0,1.0,2.5084773898435397,0.9160941608553588,1.705221889857833,0.41165289395340054,0.6720432566185428,0.11389939444746904,1.1225295503151687,0.0731498942088612,0.6375002376277211,0.921759503766205,0.8107270824279272,0.6375002376277211,1.1225295503151687,0.6720432566185428,1.705221889857833,0.3795202514007032,1.067287856455804,0.21025242526812268,2.9440150386610777,5.102487376483627,0.06726715492934877,0.24728684108808938,0.0642594382143531,4.599710190980766,0.05227689749744107,0.2083458871967693,0.06185653936503595,4.902064310262378,0.04275853220549809,0.1900530915811363,0.05157669029721962,0.22173583557054832,0.9353590397768452,-0.19792457603374708,0.44815214573402956,0.5549561890817005,0.24840342294734236,1.2617473398952148,5008,2,development,1.0131380658943372,1.0119807353148726,0.15389337692025798,0.5,0.6339215414256364,False,False,False,True
natural,-1.5336832347156768,2.207681992238855,0.5494082465449958,1.2182665480859647,1.318561037697452,1.4372124498588021,1.5847711860864686,1.6453283168314254,1.0,1.0,2.4239378661366673,2.0830914812606727,1.4759575884945662,0.7691527911524562,0.6428499432022173,0.2662101483890166,0.7331868097520537,-0.5847711860864685,0.9631945003769353,0.9217773983453083,0.39159748043217346,0.08971003657258986,0.7331868097520537,0.6428499432022173,1.4759575884945662,-0.5541365872987504,1.2137464085651253,0.26609046166922495,2.903622211542114,3.1054261045387905,0.08512176431503796,0.29337521446492576,0.06648113509473817,3.5170145148787113,0.0705706317281825,0.27435194416877373,0.07563874357855739,3.8481562584005524,0.0636760413916847,0.24141106647840468,0.06797913869163139,0.27754231106951116,0.8618346818234949,-0.8481162190455688,0.3865048318513226,0.42975513106666435,0.35400203649392886,1.1017465850358341,5009,0,calibration,0.42907712862139624,0.9505655987652226,0.1828635145462284,-0.38725751411631415,-0.6320069573073891,True,True,True,True
natural,1.4188388489698427,1.952931315875043,1.2608425748363914,1.3775847894972002,1.0004011776635005,1.0250055762002241,1.01667648680963,1.032745220660548,1.0,1.0,0.8920191195788995,-0.15799627413345138,0.46334569134476405,-0.260441397172891,0.194695578267415,0.016275309146129725,0.18223533460321004,-0.016676486809630103,0.9844407569946045,0.9821237707260738,0.9679974950216781,0.9136398234491733,0.18223533460321004,0.194695578267415,0.46334569134476405,-0.2999120803586348,0.30397054928907363,0.18714858386741487,0.9473022452742121,2.8488544387666708,0.08414154269715117,0.3052568991793059,0.03934351821123183,5.141836887769238,0.09595747294290613,0.253800112883739,0.042173624379222424,5.250865088089086,0.051845483373298425,0.2033491074192131,0.06954785030557166,0.14144161515194373,0.30634308327169196,0.6379154641565334,0.08642180985308576,0.13980267678036754,0.23527036517360866,0.8641732652772898,5009,1,calibration,0.98696863844082,1.3455655803586237,0.2551466129267315,-0.2191880649470644,-0.28071812828040904,True,True,True,False
natural,0.6794081053478976,2.950297545021442,0.07020550188743058,1.5391260569728273,0.9290740463299499,1.3476583878331305,1.3905140868728085,1.5067365389680951,1.0,1.0,2.509310167589339,-0.6092026034604671,1.5985257895724743,0.8588685444425194,0.953211425998533,0.46144004054285864,0.6994475134818454,-0.3905140868728087,0.9228647815397888,0.7824975632995554,0.3928730997967659,0.3928730997967659,0.6994475134818454,0.953211425998533,1.5985257895724743,-0.32982579708191834,1.3555967895739105,0.2796737146043917,2.2847860880221913,4.687688761867852,0.06754047808165156,0.23809049580270747,0.07301994214663168,4.496117124126089,0.05770967092886148,0.23074034665689608,0.028595986993045493,4.638419941160511,0.06196800364279666,0.2650107784264137,0.08016689981160419,0.22670429315377924,0.6448615343441773,0.24317381291823464,0.27243253730549377,0.6304140184831197,0.3522017398526836,0.8565874322880674,5009,2,calibration,0.9108953242881465,1.0825275819928313,0.16475501161622022,-0.1948597170688732,-0.24201958490945594,True,False,True,False
natural,1.4647884443808998,2.001579696723325,1.838487665979669,2.2691446047350103,1.2738304768702853,1.7196197786077125,1.4051854335739318,1.5734305243591171,1.0,1.0,0.8655198352369075,0.3736992215987688,1.4147857518301459,-0.5646571891093837,0.6533277497819391,0.13135495670364664,0.8156670569767686,-0.4051854335739318,0.8930711663587979,0.9250719751989693,0.7822126517137235,0.7822126517137235,0.8156670569767686,0.6533277497819391,1.4147857518301459,0.29769428546076826,0.8802661891191111,0.28263103303430864,2.8618228210403083,3.36923828899192,0.059612390981712796,0.2246355583952998,0.062499147917174036,3.499341482730328,0.05612163376374986,0.23374628239926815,0.07288283611073502,4.7545727686667405,0.05171745851243104,0.22373824086674537,0.022079941375365512,0.20272746447935328,0.8783339631276799,0.6347979329278055,0.16270173507159702,0.35513315065293316,0.3481071828745502,1.025354214339746,5010,0,calibration,0.4882117426627611,0.8452494681463727,0.06634687819160051,0.5,0.3716655565015148,True,False,True,False
natural,1.771222794618872,3.824438946904007,-0.032459191265910875,1.8768995491123674,1.2019976747714927,1.4693476295250396,1.1939922407926227,1.2965684395228803,1.0,1.0,3.237288776868871,-1.8036819858847826,1.8611327218780578,1.2344568660374036,0.6754605705039177,-0.008005433978870099,0.5413919437723019,-0.19399224079262278,0.9208863985860983,0.8880919246597246,0.4021149044528624,0.4021149044528624,0.5413919437723019,0.6754605705039177,1.8611327218780578,0.007704482673873041,0.8623904749741794,0.22067482593368332,1.6951616625189465,4.224215079421266,0.04476616320688628,0.20541182365098967,0.07535005194264086,4.259608010595169,0.07286030205134467,0.25341333803623434,0.10471385728050542,5.163511170163713,0.05764706340601425,0.20701100117320825,0.0522824382074504,0.2832047805849381,0.6099659117140832,0.510864300504825,0.3608946994471673,0.36774422230520304,0.24067341682420093,0.9221397213564778,5010,1,calibration,1.2877786765826802,1.1403862225938655,0.16887790247983417,0.006213631097359348,0.00617526030787604,False,False,False,False
natural,-0.1766620088828693,1.4754362070269242,0.759980529504113,1.1668424141971065,1.1638265815044495,1.2988847719333863,1.2890740829658873,1.3784344969940592,1.0,1.0,1.2903481362391875,0.9366425383869822,0.8573334032312333,0.4038460520003367,0.40198991381957816,0.12524750146143787,0.567391836891834,-0.28907408296588755,0.9351725350584021,0.9566394826498247,0.7632659358733538,0.5440965455823901,0.567391836891834,0.40198991381957816,0.8573334032312333,-0.27200488153712205,0.7794936093495429,0.21999352281840806,2.025627986900476,4.016027269167149,0.11228323278842191,0.27993937221597504,0.07252317743150526,4.1234128866355,0.05163631782973833,0.20658235350908843,0.0666831631795026,5.123121653154878,0.06093726441964212,0.21823607576518728,0.039540822638192995,0.2190221400904959,0.4666040538492811,0.11894800219323819,0.15582235932732763,0.2840706143779426,0.30993400769558416,0.8948269063339382,5010,2,calibration,0.6407784178934698,1.2183051389729367,0.07468054162165476,-0.2774166740603009,-0.38392343706454674,True,True,False,False
natural,2.4609557742830166,2.876615226955183,1.9014655275161725,2.561238223502798,0.1690996597515922,0.6586443673457891,0.0037849427092278114,0.8781079502549602,1.0,1.0,1.4602856116085021,-0.5594902467668439,2.3045988463945077,-1.7323658677645806,1.0219881373461148,-0.16531471704236442,1.3279697612831822,0.9962150572907721,0.004310338732417633,0.13869042188384292,0.49870555007993883,0.004310338732417633,1.3279697612831822,1.0219881373461148,2.3045988463945077,-0.6308536092889943,2.126102959967893,0.37730110352761553,3.95095589827888,4.107370684471216,0.043062265491022156,0.18493360461896527,0.13805276285445986,3.1143429929918405,0.06454287799731777,0.24929227533154086,0.0946954795204506,4.663289782742512,0.043873225644484495,0.1818847414388488,0.1277256003537342,0.31300396683861587,1.1555063761659425,0.5848395696096589,0.3024989472410584,0.7172939833205458,0.4045820991279532,0.9833739909387293,5011,0,calibration,0.5292977970639294,0.8669142725206297,0.18073186131934482,-0.4504679800750512,-0.8197301772089148,True,False,True,False
natural,0.4322489344285101,4.0007878340696585,1.5154757632866456,3.3766238342812236,1.0678593661703648,1.9054995834601638,1.1134345183222398,1.452385621882139,1.0,1.0,3.0723321963206285,1.0832268288581355,1.8295765037749119,-0.447616397116281,1.0610772802609283,0.04557515215187506,0.9394439621422278,-0.11343451832223986,0.7666245806532744,0.833682743610336,0.9080575798331127,0.6650551402669121,0.9394439621422278,1.0610772802609283,1.8295765037749119,0.24416077439377987,1.2335598790317002,0.2334126160076282,2.8800027477471843,5.290038971989144,0.05652253292296188,0.21739303625734016,0.06920876353445428,4.785118009225279,0.06769793361999905,0.22258824717401623,0.041040672596418554,4.907341724673095,0.0547313134632288,0.20847761428636002,0.08902306390085131,0.190269006388032,0.8384682177167924,0.4251495812223844,0.6802388611294873,0.5034869890287367,0.29098470879211824,0.7091480712205712,5011,1,calibration,1.7998625001596877,1.5033342614368779,0.7520282730136841,0.2757903536941318,0.21617215782794041,False,False,False,False
natural,-0.5156979250586102,1.4474583605134788,-0.15602830575854107,1.4563889618961188,0.6028140322542782,0.9727056508292545,1.0853604532398464,1.1584058586889245,1.0,1.0,1.2820119720398178,0.3596696193000692,1.3469387631474738,0.7588423380128192,0.8725803828216115,0.48254642098556827,0.41374294793401795,-0.08536045323984645,0.9369431664203164,0.6774406517183601,0.44223762900535174,0.44223762900535174,0.41374294793401795,0.8725803828216115,1.3469387631474738,-0.2659816847317049,1.0604863432660867,0.20016747636076224,1.5057509581600346,3.9762403026761066,0.06216785388481917,0.22025338291076937,0.1226969836543464,5.518785401478139,0.0442187300370657,0.1778231942895673,0.07067421077842752,4.245757047684894,0.07850324524032681,0.215541053427588,0.09669990523734437,0.23238675722731983,0.5320633411437113,-0.6466296483868607,0.4538839278244568,0.3864141447804226,0.2811689892458048,1.0591730400842014,5011,2,calibration,1.1858936037453665,0.7058603667051438,0.286085532977736,-0.11199355022889253,-0.12611794684347166,False,False,False,True
natural,0.4947785486150818,1.1248890975577472,0.5534104279481974,1.339465066381139,0.4444319448079508,0.8502665237323381,0.43246583617790324,0.8462549542472194,1.0,1.0,0.7914433506292946,0.058631879333115686,1.0554839510017753,-0.10897848314024666,0.5679961480541527,-0.011966108630047581,0.9226135568222251,0.5675341638220968,0.5110349239403867,0.7758272513771681,0.6159762113260324,0.5110349239403867,0.9226135568222251,0.5679961480541527,1.0554839510017753,-0.324159905819481,1.2302770123468336,0.390092022898792,2.950534970960193,4.3150281061317814,0.07536202987776183,0.23437522087750223,0.038187655094879334,3.5029856520861067,0.05191359066716034,0.23483591314505772,0.030913889746500136,5.066096644438344,0.0628351634451832,0.21086759254832463,0.032832147517148975,0.23070201390917547,0.7336768476958333,0.5114026804628318,0.11850403039968979,0.4582349146317554,0.46547786898625865,1.8670054674287555,5012,0,calibration,3.3465574647635363,2.077141002443204,0.08577725607153568,-0.3449250475415326,-0.5265428730667293,True,False,True,False
natural,0.2069934302263907,1.7986913660393786,0.8222319935160544,1.2421237381025372,1.204229093991735,1.368299766018101,1.0914259287584722,1.236927222268009,1.0,1.0,1.5000563224655332,0.6152385632896638,0.9562470955794938,0.38199710047568075,0.5042422066212142,-0.11280316523326303,0.5891834142868484,-0.09142592875847204,0.8823687514591618,0.9299842699984817,0.7356762250373114,0.565749744804316,0.5891834142868484,0.5042422066212142,0.9562470955794938,-0.23159767508744553,0.8596560565226994,0.22382145404796377,2.310485305713448,3.7648456778264836,0.08031522549386791,0.2256835708132533,0.042150293960863935,4.501518575463825,0.06266194345233222,0.23965646065869692,0.025597310171705332,5.337535588438481,0.06360740894528975,0.2352807301309233,0.0798269137968503,0.23518427197994313,0.6877269490305593,0.019088429624580936,0.19514989996142632,0.3005991316821825,0.2679784814034573,0.9363244767076959,5012,1,calibration,1.9201836480924126,1.2865767936690802,0.09754673842600739,-0.21297708979916052,-0.2706110419896305,False,False,False,False
natural,1.7232934078983249,2.685412307220049,1.51745234708095,2.785627977472461,1.7078322044035077,2.084935742790274,1.3240646099833635,1.6057977282303677,1.0,1.0,2.7061741615705888,-0.20584106081737505,3.079688865057867,0.19037985732255772,0.8811531279621371,-0.3837675944201441,0.9646020547474915,-0.3240646099833635,0.8245525489953947,0.9183303412393297,0.22574570327786142,0.22574570327786142,0.9646020547474915,0.8811531279621371,3.079688865057867,0.13200863845740368,1.2175726980856898,0.2556219735730491,2.7187632550557685,5.515906303974138,0.06179125181819398,0.21581906203331705,0.05695924634248231,4.067877322922064,0.054893391215920836,0.2241656248640487,0.05675093046491693,3.9682003999920803,0.038306548419890035,0.16548526086090515,0.022591229042305743,0.19134834290416958,0.7268757921857234,0.400554117865433,0.3833348411370495,0.5221754300511721,0.29406414631404526,1.0094182992986624,5012,2,calibration,1.611042733108496,1.521399139829692,0.05423357533724099,0.16892130206602515,0.1445104146596208,False,True,False,False
natural,0.3401119349657513,1.4961270046593964,0.9650211748752086,1.4631386586315973,-0.07650393082842458,0.8426199148809334,0.9249985811584862,0.9835534048495476,1.0,1.0,1.076897157803773,0.6249092399094571,1.500147792725082,-1.041525105703633,1.2055822580922166,1.001502511986911,0.3426078485297229,0.07500141884151373,0.940466045460929,0.13511546432903007,0.24347245303401016,0.13511546432903007,0.3426078485297229,1.2055822580922166,1.500147792725082,0.3537261386981028,1.1307525172162949,0.3787827897670075,1.1740631356264883,3.2309748390988102,0.04922071392391333,0.21826991683911284,0.029990443932092995,3.772076835155447,0.06883162626235653,0.24510907447020777,0.06008353293881493,2.8002127424180574,0.07268141009297947,0.2652764917362036,0.027131398532271908,0.21759631346031955,0.39581782768987445,0.7982621871542294,0.3183204619165194,0.4278290833934833,0.468229929110343,1.3248118840896863,5013,0,validation,1.3239096459217379,0.7578484313703711,0.07748945915792385,0.11175778686339051,0.10052350267650788,True,True,True,False
natural,0.2204679662500823,1.0364552416810235,-0.8017080537115238,1.3560167878078075,0.8980662260099059,1.0272190739148128,0.6587662692144174,0.7200308815558241,1.0,1.0,1.2878605903996794,-1.0221760199616061,1.992541922745088,1.6997742797214297,0.6563399959220598,-0.2392999567954885,0.4482320068504949,0.34123373078558245,0.914913910068652,0.7725769286955305,-0.3863315497465302,-0.3863315497465302,0.4482320068504949,0.6563399959220598,1.992541922745088,-0.633339445978103,1.0021684841531335,0.3144438748244009,1.5446858445990865,3.1008010192068243,0.05434488398410423,0.233744827756984,0.03687586995358139,3.1157261564098926,0.10019705471066853,0.3283588683308079,0.04043510407648322,4.042565727708845,0.05932194440035453,0.23744414495678318,0.035968760364817075,0.2781009595285687,0.5528272999961218,-0.30215729365365407,0.14236320264401528,0.38618158102055034,0.3816405670644982,1.1180553048907462,5013,1,validation,0.8328105892682278,1.9550153276216218,0.22715961062408946,-0.3019315724376762,-0.4325243207059664,True,False,True,True
natural,6.188748600903088,7.810159622311501,3.382374348120223,4.679280924455637,2.9149466783731293,3.5758079450580698,2.04220283688347,2.338408709370696,1.0,1.0,3.4763070510939986,-2.8063742527828643,2.2970425199518116,-0.46742766974709354,1.4764319487215383,-0.8727438414896596,1.543939642050097,-1.04220283688347,0.8733301534072121,0.9612103760925101,0.8787144153459981,0.8733301534072121,1.543939642050097,1.4764319487215383,2.2970425199518116,0.7442148972277551,1.081985550645093,0.3428861237709782,4.2007549809820155,3.9640708341689534,0.060671684480553024,0.24766374738395483,0.07557668089188586,2.9679702423050065,0.07035622609196945,0.27142833139150785,0.029319381846055207,3.1371314459683584,0.08070005510868378,0.28543856308750226,0.047445048011797365,0.14296500687367175,1.2087361265554528,0.6761729929302013,0.8366381341967057,0.7569228360079456,0.3980113535952706,1.5373486537440675,5013,2,validation,0.9090367856134638,1.087429198404634,0.1898989961082587,0.5,0.7782430358738335,True,True,True,False
natural,2.911316449942328,6.743465056492838,2.310801330822927,4.508506641314138,2.132943753740749,3.231238191413239,1.5267335072760324,2.065767162881643,1.0,1.0,2.8650244498681476,-0.6005151191194014,2.0692792921711995,-0.17785757708217742,1.606841081667206,-0.606210246464717,1.4879270669921991,-0.5267335072760322,0.7390636925152371,0.9083432093353883,0.9090303614236527,0.7390636925152371,1.4879270669921991,1.606841081667206,2.0692792921711995,0.4975500860425866,1.5545795877589825,0.2833272736258285,4.368499438519774,4.667207293844036,0.040283608929089144,0.18698123320049495,0.05428744956578119,3.391128651121351,0.06443746565772851,0.2730500855528665,0.07754548825095563,4.301962567330712,0.07561438039567378,0.250502397758232,0.07543835830185472,0.21083176078515475,1.2612956801664021,0.2669404038847823,0.8186638073426229,0.7137072755164982,0.32478595722218623,1.4981504357202533,5014,0,validation,1.3770907667616288,1.235247114465447,0.3284590441035443,0.5,0.4607289723006909,False,False,False,False
natural,1.5591373268327013,2.8831223059643176,1.0450583878306408,1.5006226140461885,1.199724697202511,1.740021321243857,0.9500510145350797,1.4630452157500438,1.0,1.0,2.437543419261371,-0.5140789390020605,1.762738285008177,0.15466630937187045,0.45303071535123635,-0.24967368266743162,1.1137321375712081,0.049948985464920444,0.649365449753395,0.9747575209010683,0.41597093212995173,0.41597093212995173,1.1137321375712081,0.45303071535123635,1.762738285008177,0.1809403819207892,1.1238538172925225,0.22339563085218592,3.5891298968763587,5.135701849002096,0.052204788485312494,0.22230601913806036,0.0528554708690122,3.4985472732180996,0.08100220148851094,0.25088990425343727,0.05596086647232137,5.896598256582327,0.057170656816167835,0.2422956681657602,0.0733461977512236,0.21094958261875413,0.8491679431910656,0.4832602672256645,0.4818787099151944,0.413536066403485,0.22473951366584993,0.9920505866058287,5014,1,validation,1.2302390891386448,1.2175239975405507,0.2557571087308659,0.5,0.4448244048383184,False,False,False,False
natural,2.837798910593461,4.81239266417878,1.0754241298350193,1.8643755259789914,0.9512281672982439,1.22401295224831,0.9486835085675213,1.0346519095772668,1.0,1.0,3.551361210656682,-1.762374780758442,1.0352998438961982,-0.12419596253677528,0.8393421083873587,-0.0025446587307227223,0.41609801352186543,0.051316491432478725,0.9169107984878989,0.7360142385744111,0.855000919940065,0.7360142385744111,0.41609801352186543,0.8393421083873587,1.0352998438961982,-0.4035540472254326,1.0768073601451758,0.22777730037151206,1.4989215206924988,4.178783970636255,0.09328030854117605,0.2173729970140485,0.06866639999380367,3.921392701405495,0.07754089742542862,0.2488593630416161,0.1182320707850622,4.395896459312524,0.10022106975988888,0.2619790392793303,0.08361709633016208,0.1739261287521022,0.4084244480804951,0.45760841143672926,0.39346133021281715,0.41659899552271035,0.3074890579184157,0.7805030302176701,5014,2,validation,1.7176805226147143,1.2218731572344725,0.23724039254465487,-0.16670771508395604,-0.20005911263267273,True,False,False,False
natural,-1.1891751651701048,2.6489287816214877,0.4480554084465033,1.315710502443677,0.04525874872730109,0.9538693451088543,0.47750040211833467,0.8934993111184841,1.0,1.0,2.4202046476933097,1.6372305736166082,1.4328961209584394,-0.40279665971920225,0.6696174696336887,0.43224165339103365,0.9183355676072535,0.5224995978816653,0.5344160831199732,0.7390868152036468,0.23416816995979867,0.23416816995979867,0.9183355676072535,0.6696174696336887,1.4328961209584394,0.4290068976582252,0.8741317467398885,0.1886603412903576,2.9636844379590954,4.749320666334084,0.05920247742156323,0.2521731817929988,0.05287207289806122,4.385126265177373,0.05420740390846956,0.23031415154919885,0.057758483944731334,5.061520933478929,0.05243234343852035,0.20592239282892766,0.0696113549439525,0.2560932962755486,0.8402743153551058,-0.2239784273645939,0.3638162557389333,0.41684237746514957,0.2668034486290934,1.0280388655535744,5015,0,validation,0.8699936759486783,1.1144240099443596,0.17098343766941707,0.5,0.5883542630450097,False,False,False,True
natural,1.916601211080779,2.284949544701544,0.9225866382968075,1.4321113046043024,1.1157297038035134,1.2769787049666166,1.0431117374177188,1.1569720780701434,1.0,1.0,1.4322358378593478,-0.9940145727839715,1.0106495728167049,0.19314306550670587,0.5303229651413148,-0.07261796638579457,0.5023553668455311,-0.04311173741771883,0.9015876503758447,0.9096941680552851,0.7273185364489929,0.7273185364489929,0.5023553668455311,0.5303229651413148,1.0106495728167049,-0.25221999955729557,0.8173074810488268,0.1836442568773199,1.7048079316148914,4.76240131619502,0.050604264849440285,0.2184929390305883,0.07984958528208318,4.982042886330489,0.07186948081344839,0.20523816462299,0.07683999802798457,5.444700001219718,0.0825840224907112,0.2425747477094377,0.08414138119236764,0.22388957933140136,0.4903631539098228,0.6789092967192087,0.26255869365883866,0.2404082894789418,0.2567575247062939,0.9872648608476496,5015,1,validation,1.6439874443890405,0.7968851574614899,0.3015631616527202,-0.1928445308165174,-0.23891869432737495,True,False,False,False
natural,-0.1336972330220056,3.2866777626269625,-0.10776674925160806,1.7931384635515986,0.45381930163073,0.9035417845247562,1.2721432317846821,1.4152509837430818,1.0,1.0,2.7483884013937825,0.0259304837703975,1.6970339907023577,0.561586050882338,1.3225146086632946,0.8183239301539522,0.6772362094693373,-0.2721432317846822,0.8988817152559715,0.41848990135157,0.3554580725586455,0.3554580725586455,0.6772362094693373,1.3225146086632946,1.6970339907023577,-0.7251368767561717,1.8726020383326847,0.2007221923602385,1.8695350777563036,5.08714076868383,0.04677723693342224,0.1831296778887237,0.066709328162153,4.138387730070687,0.06980878068848535,0.24104334479495818,0.08709825637740173,4.195801837430416,0.07366494523872073,0.22942581846416704,0.09073498516499329,0.24993961157859296,0.629851534808147,-0.007026739204144261,0.24772358711611864,0.36752648225973705,0.23883515167838215,0.9082243696666298,5015,2,validation,1.5598055200087828,1.150775675414899,0.16156015041779884,-0.27078075992942635,-0.3713296976410281,False,False,False,False
natural,0.6106814197201448,1.9994023953702127,0.5106769846552811,1.547274171973037,0.9414484056164697,1.073416405081834,0.9734102791575652,1.0957192613336388,1.0,1.0,1.247283176561201,-0.10000443506486378,1.342537837129164,0.43077142096118864,0.6794388160481128,0.031961873541095503,0.5037659588959984,0.026589720842434786,0.8883756209348671,0.8039643844409032,0.5249877607803215,0.5249877607803215,0.5037659588959984,0.6794388160481128,1.342537837129164,-0.6516502484301603,1.077733048915483,0.2621707453740258,1.7520265825389079,4.2531540235051235,0.06804116145970208,0.2618369401788763,0.05584079946646378,4.578000938002236,0.06973302684909258,0.2144364163459055,0.054077287615417816,4.680767790747042,0.06370168387829674,0.22861179576690044,0.055452564154906465,0.21500156977519314,0.49336417930883036,0.2540370855592038,0.23584652033355194,0.36354997806332595,0.30721042124895986,1.3284318665076094,5016,0,validation,1.3917870939083508,0.8461801548942793,0.21094065396996117,-0.32576494916409043,-0.4831622870395279,True,True,False,False
natural,0.6622749237328801,1.7148907122135453,0.9512805685090618,1.3604707093215906,0.8764752528936164,1.0083632047816182,1.1712228676069119,1.2063169175810968,1.0,1.0,1.1432179662617723,0.28900564477618174,0.6672725496143552,-0.07480531561544548,0.5549315637537345,0.2947476147132954,0.335789771179134,-0.17122286760691174,0.9709081009619301,0.8895255950864766,0.8829050962073085,0.7468272360989119,0.335789771179134,0.5549315637537345,0.6672725496143552,-0.42089104683556516,0.7599748514175833,0.2124912016611356,1.2350252838943905,3.6944899078992135,0.0896319807211342,0.3041919817718681,0.040903520803389375,4.202995572668542,0.09188691275101815,0.27244197250625474,0.06098066371942058,4.558831631664361,0.05179457671338942,0.21756310445215313,0.06896412473604285,0.18083702796519244,0.35569872513893974,0.026661131355566563,0.17437077981051144,0.22824236260669384,0.24372560842333205,1.0321537323228474,5016,1,validation,1.7728252262723985,1.2602839450097574,0.21913827015418516,-0.2029851011353611,-0.25468168967044,True,True,True,False
natural,1.9527800963036304,2.522314266563358,1.6020033469333501,2.1583337800821423,1.3926230132687907,1.6721033424273866,1.2780863376077483,1.4860545669608336,1.0,1.0,1.692605930403246,-0.3507767493702802,0.9365063885506089,-0.20938033366455938,0.596789046539584,-0.11453667566104227,0.8075800274707479,-0.27808633760774837,0.8600534368139616,0.9352989664906238,0.9112452497193154,0.7490416049001658,0.8075800274707479,0.596789046539584,0.9365063885506089,0.0024285408334575372,1.0029963970320646,0.19226419021824723,2.670682792910047,4.643301001333032,0.057645281772605195,0.23051817747993217,0.04915901754571116,4.022932188637107,0.05977000074281084,0.2350374700451005,0.04914590269001148,5.625950887995637,0.039592147684280696,0.18173929033466069,0.033606193861952974,0.2417520359127929,0.6791238874770315,0.49404424910042694,0.3727010940038117,0.3394926309001915,0.2503284159186032,1.2662514741421427,5016,2,validation,0.7109575163308899,1.0199666977238495,0.2513462213168559,0.003297157689962159,0.0032863221675557093,False,False,False,False
natural,2.3378629682606196,4.55136615643412,1.7336207013431975,3.053000164779319,1.5344378195073303,2.259836636700213,1.0088014457615584,1.4387090192605072,1.0,1.0,3.936731004414567,-0.6042422669174223,1.8408437564056876,-0.19918288183586721,1.5493286928860204,-0.5256363737457719,1.0258073652389192,-0.00880144576155839,0.7011851821712217,0.7345374485579703,0.8000083556862447,0.5231218566474539,1.0258073652389192,1.5493286928860204,1.8408437564056876,-0.13046964943186687,1.9665742581450532,0.23058658421073994,2.9254810247060523,4.991990084913522,0.0518482972240422,0.18591211931909243,0.035173396178356874,4.609489755720929,0.06602769327961326,0.24578920218200467,0.04994107524132203,3.727339400561811,0.057545418125614436,0.239333358030702,0.04778274800583646,0.2530346465854754,1.0208407280790248,0.29047228738315295,0.6211867447180566,0.8065348966845123,0.2923242384103322,1.2189828362064872,5017,0,validation,1.2424933851193427,1.249118016866741,0.6116265623741649,-0.07951489836951546,-0.08638368858840646,False,True,False,False
natural,0.1859927800454254,1.652441269157414,0.6561674797115846,1.3025199695581087,1.2905700942895997,2.5325466832954704,0.8145835934027691,1.2155453357613433,1.0,1.0,1.6136940319324984,0.4701746996661591,1.9427181788984698,0.634402614578015,1.429380665361384,-0.47598650088683037,0.9210772369815783,0.18541640659723072,0.6701383892790503,0.9498710369466666,0.6572599419612006,0.4235190292654671,0.9210772369815783,1.429380665361384,1.9427181788984698,0.7371959563755032,0.974870356251258,0.3551642077308955,3.133957359849081,3.763043772101587,0.0508141722800555,0.21795966173706202,0.018377314237424062,3.323696429349268,0.0618494407176976,0.25699578313955096,0.04297737624212109,3.298343279434614,0.07564170364710267,0.2537456264643606,0.03142993620202331,0.22587856254190025,0.9482296324803908,0.16360825490336378,0.26832756068657043,0.6594294800798713,0.3994227042682655,0.7470515545050038,5017,1,validation,1.5876052279612745,1.5775593408241344,0.3260479879192189,0.5,0.4750409957732767,True,True,True,False
natural,1.067812117748408,2.206254742388734,0.25644129506261143,2.378266246668862,1.0296315013468977,1.4691610145249907,1.1305459540672178,1.3483692296333911,1.0,1.0,2.429039380894232,-0.8113708226857964,2.6663090134404333,0.7731902062842864,0.7470492803348213,0.10091445272031994,0.7463294656434979,-0.13054595406721764,0.8384542818250179,0.8628218602639541,0.10094009097738504,0.10094009097738504,0.7463294656434979,0.7470492803348213,2.6663090134404333,-0.014276173013101929,1.0634893103208245,0.3982666522140267,3.1371107858635114,3.835580595528437,0.054123786666070206,0.2315652008810828,0.02734834806665267,4.423524540373653,0.052706713189218865,0.22885574619801768,0.025021369580632724,4.38581708370702,0.06001073103923285,0.24717145155011666,0.044124599664584624,0.2838237255714967,0.8341353690176974,0.36680774590326454,0.2697021739499726,0.6123990884780379,0.41360390458765356,1.1025343745392628,5017,2,validation,2.3095914448150365,1.4313024093409275,0.37309767171438757,-0.014061861163456313,-0.014262417295318356,True,False,True,False
