k,subset,split,selector,mean_within_case_reward_spearman,pooled_ratio,wins,median,p90,worst,oracle_identity_accuracy_full8,mean_regret_to_oracle8
1,[2],development,p2_consensus,1.0,0.902835984786879,11,0.8787162872248595,1.9928629360263965,2.492277028277549,0.2222222222222222,0.37833999895627857
1,[2],development,p2_common,1.0,0.902835984786879,11,0.8787162872248595,1.9928629360263965,2.492277028277549,0.2222222222222222,0.37833999895627857
1,[2],development,first_layer,1.0,0.902835984786879,11,0.8787162872248595,1.9928629360263965,2.492277028277549,0.2222222222222222,0.37833999895627857
1,[2],development,p1_p2,1.0,0.902835984786879,11,0.8787162872248595,1.9928629360263965,2.492277028277549,0.2222222222222222,0.37833999895627857
1,[2],development,c1_c2,1.0,0.902835984786879,11,0.8787162872248595,1.9928629360263965,2.492277028277549,0.2222222222222222,0.37833999895627857
1,[2],development,c2_p2,1.0,0.902835984786879,11,0.8787162872248595,1.9928629360263965,2.492277028277549,0.2222222222222222,0.37833999895627857
1,[2],development,nested_rel,1.0,0.902835984786879,11,0.8787162872248595,1.9928629360263965,2.492277028277549,0.2222222222222222,0.37833999895627857
1,[2],development,p2_norm_high,1.0,0.902835984786879,11,0.8787162872248595,1.9928629360263965,2.492277028277549,0.2222222222222222,0.37833999895627857
1,[2],development,p2_norm_low,1.0,0.902835984786879,11,0.8787162872248595,1.9928629360263965,2.492277028277549,0.2222222222222222,0.37833999895627857
1,[2],development,c2_norm_high,1.0,0.902835984786879,11,0.8787162872248595,1.9928629360263965,2.492277028277549,0.2222222222222222,0.37833999895627857
1,[2],development,c2_norm_low,1.0,0.902835984786879,11,0.8787162872248595,1.9928629360263965,2.492277028277549,0.2222222222222222,0.37833999895627857
1,[2],development,phase_combo,1.0,0.902835984786879,11,0.8787162872248595,1.9928629360263965,2.492277028277549,0.2222222222222222,0.37833999895627857
1,[2],development,c17_p2_self_consistency,1.0,0.902835984786879,11,0.8787162872248595,1.9928629360263965,2.492277028277549,0.2222222222222222,0.37833999895627857
1,[2],development,oracle_true_error_p2_direction,1.0,0.902835984786879,11,0.8787162872248595,1.9928629360263965,2.492277028277549,0.2222222222222222,0.37833999895627857
1,[2],calibration,p2_consensus,1.0,1.0907276284689615,5,0.727930707063453,2.587180712649321,3.1119371489521694,0.1111111111111111,0.7266828575375116
1,[2],calibration,p2_common,1.0,1.0907276284689615,5,0.727930707063453,2.587180712649321,3.1119371489521694,0.1111111111111111,0.7266828575375116
1,[2],calibration,first_layer,1.0,1.0907276284689615,5,0.727930707063453,2.587180712649321,3.1119371489521694,0.1111111111111111,0.7266828575375116
1,[2],calibration,p1_p2,1.0,1.0907276284689615,5,0.727930707063453,2.587180712649321,3.1119371489521694,0.1111111111111111,0.7266828575375116
1,[2],calibration,c1_c2,1.0,1.0907276284689615,5,0.727930707063453,2.587180712649321,3.1119371489521694,0.1111111111111111,0.7266828575375116
1,[2],calibration,c2_p2,1.0,1.0907276284689615,5,0.727930707063453,2.587180712649321,3.1119371489521694,0.1111111111111111,0.7266828575375116
1,[2],calibration,nested_rel,1.0,1.0907276284689615,5,0.727930707063453,2.587180712649321,3.1119371489521694,0.1111111111111111,0.7266828575375116
1,[2],calibration,p2_norm_high,1.0,1.0907276284689615,5,0.727930707063453,2.587180712649321,3.1119371489521694,0.1111111111111111,0.7266828575375116
1,[2],calibration,p2_norm_low,1.0,1.0907276284689615,5,0.727930707063453,2.587180712649321,3.1119371489521694,0.1111111111111111,0.7266828575375116
1,[2],calibration,c2_norm_high,1.0,1.0907276284689615,5,0.727930707063453,2.587180712649321,3.1119371489521694,0.1111111111111111,0.7266828575375116
1,[2],calibration,c2_norm_low,1.0,1.0907276284689615,5,0.727930707063453,2.587180712649321,3.1119371489521694,0.1111111111111111,0.7266828575375116
1,[2],calibration,phase_combo,1.0,1.0907276284689615,5,0.727930707063453,2.587180712649321,3.1119371489521694,0.1111111111111111,0.7266828575375116
1,[2],calibration,c17_p2_self_consistency,1.0,1.0907276284689615,5,0.727930707063453,2.587180712649321,3.1119371489521694,0.1111111111111111,0.7266828575375116
1,[2],calibration,oracle_true_error_p2_direction,1.0,1.0907276284689615,5,0.727930707063453,2.587180712649321,3.1119371489521694,0.1111111111111111,0.7266828575375116
1,[2],test,p2_consensus,1.0,1.1794753415857746,4,1.3030545373967488,1.9276216495029879,2.306821617147198,0.2222222222222222,0.6952914076580539
1,[2],test,p2_common,1.0,1.1794753415857746,4,1.3030545373967488,1.9276216495029879,2.306821617147198,0.2222222222222222,0.6952914076580539
1,[2],test,first_layer,1.0,1.1794753415857746,4,1.3030545373967488,1.9276216495029879,2.306821617147198,0.2222222222222222,0.6952914076580539
1,[2],test,p1_p2,1.0,1.1794753415857746,4,1.3030545373967488,1.9276216495029879,2.306821617147198,0.2222222222222222,0.6952914076580539
1,[2],test,c1_c2,1.0,1.1794753415857746,4,1.3030545373967488,1.9276216495029879,2.306821617147198,0.2222222222222222,0.6952914076580539
1,[2],test,c2_p2,1.0,1.1794753415857746,4,1.3030545373967488,1.9276216495029879,2.306821617147198,0.2222222222222222,0.6952914076580539
1,[2],test,nested_rel,1.0,1.1794753415857746,4,1.3030545373967488,1.9276216495029879,2.306821617147198,0.2222222222222222,0.6952914076580539
1,[2],test,p2_norm_high,1.0,1.1794753415857746,4,1.3030545373967488,1.9276216495029879,2.306821617147198,0.2222222222222222,0.6952914076580539
1,[2],test,p2_norm_low,1.0,1.1794753415857746,4,1.3030545373967488,1.9276216495029879,2.306821617147198,0.2222222222222222,0.6952914076580539
1,[2],test,c2_norm_high,1.0,1.1794753415857746,4,1.3030545373967488,1.9276216495029879,2.306821617147198,0.2222222222222222,0.6952914076580539
1,[2],test,c2_norm_low,1.0,1.1794753415857746,4,1.3030545373967488,1.9276216495029879,2.306821617147198,0.2222222222222222,0.6952914076580539
1,[2],test,phase_combo,1.0,1.1794753415857746,4,1.3030545373967488,1.9276216495029879,2.306821617147198,0.2222222222222222,0.6952914076580539
1,[2],test,c17_p2_self_consistency,1.0,1.1794753415857746,4,1.3030545373967488,1.9276216495029879,2.306821617147198,0.2222222222222222,0.6952914076580539
1,[2],test,oracle_true_error_p2_direction,1.0,1.1794753415857746,4,1.3030545373967488,1.9276216495029879,2.306821617147198,0.2222222222222222,0.6952914076580539
2,"[2, 7]",development,p2_consensus,0.11111111111111109,0.9688081583106101,10,0.9041216566353827,1.6435622104968277,2.492277028277549,0.2222222222222222,0.3576206413111986
2,"[2, 7]",development,p2_common,-0.1111111111111111,0.9470725566029317,12,0.9041216566353827,1.6650042442342214,2.492277028277549,0.2777777777777778,0.347211278976838
2,"[2, 7]",development,first_layer,-0.22222222222222218,1.0120189295401962,8,1.1198890230427645,1.6808661168535872,2.0676719575977205,0.1111111111111111,0.40724335799494304
2,"[2, 7]",development,p1_p2,0.5555555555555555,0.8955882374910636,11,0.8866604992707501,1.3836310208717029,1.4099577675769377,0.3333333333333333,0.21691905678376608
2,"[2, 7]",development,c1_c2,0.33333333333333326,0.8724474253561966,12,0.8588144210447648,1.3866276865580995,1.6715466750316372,0.2777777777777778,0.1996752416240452
2,"[2, 7]",development,c2_p2,0.4444444444444444,0.9248872961974528,9,0.9894218669841607,1.6320290592869826,2.0676719575977205,0.2777777777777778,0.30432269178601873
2,"[2, 7]",development,nested_rel,0.11111111111111109,0.9515091949802471,10,0.935121071063793,1.6808661168535872,2.0676719575977205,0.16666666666666666,0.3327346651116441
2,"[2, 7]",development,p2_norm_high,0.4444444444444444,0.9248872961974528,9,0.9894218669841607,1.6320290592869826,2.0676719575977205,0.2777777777777778,0.30432269178601873
2,"[2, 7]",development,p2_norm_low,-0.4444444444444444,1.0478337672756637,10,0.9705378910495873,1.780068614807826,2.492277028277549,0.1111111111111111,0.4595003295741853
2,"[2, 7]",development,c2_norm_high,0.5555555555555555,0.8619552071199591,11,0.8787162872248595,1.6808661168535872,2.0676719575977205,0.2777777777777778,0.26587736717805655
2,"[2, 7]",development,c2_norm_low,-0.5555555555555555,1.1107658563531573,8,1.1579365926691105,1.7188056348119545,2.492277028277549,0.1111111111111111,0.4979456541821474
2,"[2, 7]",development,phase_combo,0.33333333333333326,0.907459674032232,11,0.8866604992707501,1.4029655476420124,1.6715466750316372,0.2777777777777778,0.2472007095386262
2,"[2, 7]",development,c17_p2_self_consistency,0.11111111111111109,0.9888225603138531,9,1.017980572597109,1.5457596053859048,1.6715466750316372,0.2222222222222222,0.32652100866840605
2,"[2, 7]",development,oracle_true_error_p2_direction,0.33333333333333326,0.8771886525948722,12,0.8588144210447648,1.5567856349718558,2.0676719575977205,0.2777777777777778,0.24223827515562324
2,"[2, 7]",calibration,p2_consensus,0.1111111111111111,0.8245956416496815,5,0.8275228027010639,1.205416016558664,1.4543047157256002,0.1111111111111111,0.3227112629343424
2,"[2, 7]",calibration,p2_common,0.1111111111111111,0.9906458364015911,5,0.8275228027010639,1.7858312023709142,3.1119371489521694,0.2222222222222222,0.5412699769000937
2,"[2, 7]",calibration,first_layer,-0.33333333333333326,1.0001255601967631,4,1.1184512150681147,1.847111623447885,2.4559916035736085,0.0,0.5840293136671515
2,"[2, 7]",calibration,p1_p2,-0.33333333333333326,1.1542443760102736,4,1.14319384176693,1.9783007325235973,3.1119371489521694,0.1111111111111111,0.6517596929317517
2,"[2, 7]",calibration,c1_c2,0.1111111111111111,1.0288744596618453,5,0.8275228027010639,2.587180712649321,3.1119371489521694,0.0,0.6454043202219442
2,"[2, 7]",calibration,c2_p2,-0.1111111111111111,1.0692380737957292,4,1.0196561427143,2.587180712649321,3.1119371489521694,0.0,0.696976087815703
2,"[2, 7]",calibration,nested_rel,-0.1111111111111111,1.1055284932551823,5,0.8275228027010639,2.587180712649321,3.1119371489521694,0.0,0.7204304852999612
2,"[2, 7]",calibration,p2_norm_high,0.1111111111111111,0.9703621888419846,5,0.8275228027010639,1.5444476176949637,3.1119371489521694,0.1111111111111111,0.5106842021609109
2,"[2, 7]",calibration,p2_norm_low,-0.1111111111111111,1.0272912462031967,4,1.1184512150681147,1.847111623447885,2.4559916035736085,0.1111111111111111,0.5712337461321071
2,"[2, 7]",calibration,c2_norm_high,0.1111111111111111,1.1009141521663754,5,0.8275228027010639,2.587180712649321,3.1119371489521694,0.1111111111111111,0.7174907621674843
2,"[2, 7]",calibration,c2_norm_low,-0.1111111111111111,0.8967392828788059,4,1.0196561427143,1.215975949385187,1.4543047157256002,0.1111111111111111,0.3644271861255337
2,"[2, 7]",calibration,phase_combo,-0.1111111111111111,1.1055284932551823,5,0.8275228027010639,2.587180712649321,3.1119371489521694,0.0,0.7204304852999612
2,"[2, 7]",calibration,c17_p2_self_consistency,-0.1111111111111111,1.0778413840344945,3,1.14319384176693,1.847111623447885,2.4559916035736085,0.1111111111111111,0.6136134183558387
2,"[2, 7]",calibration,oracle_true_error_p2_direction,0.5555555555555555,0.9181384631045441,4,1.0196561427143,1.4163133269547887,2.4559916035736085,0.1111111111111111,0.45227098054777914
2,"[2, 7]",test,p2_consensus,-0.1111111111111111,1.199663181735927,2,1.2270648886274655,1.45436178123884,1.616501121372153,0.1111111111111111,0.5582622509937641
2,"[2, 7]",test,p2_common,-0.1111111111111111,1.2331102809568564,3,1.3030545373967488,1.754565220527162,2.306821617147198,0.1111111111111111,0.6501366730421473
2,"[2, 7]",test,first_layer,-0.1111111111111111,1.3912941102260117,1,1.3544112802836175,1.7833088490762843,1.8328216575919352,0.0,0.7521462607099035
2,"[2, 7]",test,p1_p2,-0.33333333333333326,1.459249242930769,1,1.286603954313031,1.878108840987337,2.306821617147198,0.1111111111111111,0.7855509210658373
2,"[2, 7]",test,c1_c2,-0.33333333333333326,1.2516084443959143,1,1.286603954313031,1.878108840987337,2.306821617147198,0.1111111111111111,0.7593678685122085
2,"[2, 7]",test,c2_p2,0.1111111111111111,1.247660723145293,3,1.2258785719775944,1.754565220527162,2.306821617147198,0.2222222222222222,0.6062002903739812
2,"[2, 7]",test,nested_rel,-0.1111111111111111,1.1937701379329269,3,1.2270648886274655,1.878108840987337,2.306821617147198,0.2222222222222222,0.6671349348977075
2,"[2, 7]",test,p2_norm_high,0.1111111111111111,1.247660723145293,3,1.2258785719775944,1.754565220527162,2.306821617147198,0.2222222222222222,0.6062002903739812
2,"[2, 7]",test,p2_norm_low,-0.1111111111111111,1.1622057870187918,2,1.3030545373967488,1.7833088490762843,1.8328216575919352,0.1111111111111111,0.6711307532330224
2,"[2, 7]",test,c2_norm_high,-0.1111111111111111,1.257526885185438,2,1.286603954313031,1.9276216495029879,2.306821617147198,0.2222222222222222,0.7572110523404518
2,"[2, 7]",test,c2_norm_low,0.1111111111111111,1.1523396249786468,3,1.2258785719775944,1.45436178123884,1.616501121372153,0.1111111111111111,0.5201199912665518
2,"[2, 7]",test,phase_combo,-0.1111111111111111,1.253323518093532,3,1.2270648886274655,1.754565220527162,2.306821617147198,0.2222222222222222,0.6198233841100443
2,"[2, 7]",test,c17_p2_self_consistency,-0.1111111111111111,1.0347499445920196,3,1.286603954313031,1.754565220527162,2.306821617147198,0.2222222222222222,0.5928985505204517
2,"[2, 7]",test,oracle_true_error_p2_direction,0.33333333333333326,1.0172851476976934,4,1.2258785719775944,1.7463616259461119,2.306821617147198,0.3333333333333333,0.5240453947608432
4,"[2, 7, 1, 4]",development,p2_consensus,0.2555555555555555,1.0069785801702928,10,0.9779338053334655,1.669267068706057,1.956360983783425,0.1111111111111111,0.3614995247690864
4,"[2, 7, 1, 4]",development,p2_common,0.22222222222222218,1.0323609532774771,8,1.0704546129230248,1.9869940042247807,2.492277028277549,0.16666666666666666,0.47589088926359374
4,"[2, 7, 1, 4]",development,first_layer,-0.07777777777777777,1.0320773160683474,8,1.0805307335460554,1.6156264566779595,2.0676719575977205,0.16666666666666666,0.3879918420759767
4,"[2, 7, 1, 4]",development,p1_p2,0.14444444444444443,0.9521081742758849,11,0.9573750945358253,1.4972202490264765,2.0481088515923345,0.2777777777777778,0.30901224577292796
4,"[2, 7, 1, 4]",development,c1_c2,0.1888888888888889,0.8918573357010359,13,0.9456125416636622,1.4720318372043246,1.956360983783425,0.3888888888888889,0.23152055256156634
4,"[2, 7, 1, 4]",development,c2_p2,0.022222222222222237,0.920404406479896,9,1.0128173368447697,1.4972202490264765,2.0676719575977205,0.2777777777777778,0.29310914700547697
4,"[2, 7, 1, 4]",development,nested_rel,0.07777777777777779,0.9261813573659127,11,0.9573750945358253,1.6425933774325334,1.956360983783425,0.2777777777777778,0.2988078949577502
4,"[2, 7, 1, 4]",development,p2_norm_high,0.06666666666666668,0.9254104458560749,9,1.0128173368447697,1.4972202490264765,2.0676719575977205,0.2777777777777778,0.29690866800944016
4,"[2, 7, 1, 4]",development,p2_norm_low,-0.06666666666666668,1.1270074664244452,6,1.2905406963041655,1.7152475293391338,1.9608019267815433,0.1111111111111111,0.5113234173007898
4,"[2, 7, 1, 4]",development,c2_norm_high,-0.03333333333333331,0.9950086348786008,8,1.1635423936505287,1.7034695497522117,2.0676719575977205,0.16666666666666666,0.3999969364293384
4,"[2, 7, 1, 4]",development,c2_norm_low,0.03333333333333331,1.0800683407046001,9,1.0888085237210023,1.7220229359969363,2.0481088515923345,0.1111111111111111,0.44272754898155725
4,"[2, 7, 1, 4]",development,phase_combo,0.20000000000000004,0.917350206615641,12,0.9573750945358253,1.4720318372043246,1.956360983783425,0.3888888888888889,0.27463966206833534
4,"[2, 7, 1, 4]",development,c17_p2_self_consistency,0.055555555555555566,1.0190600544223376,7,1.1557517468115655,1.5457596053859048,1.6433943461477893,0.2222222222222222,0.35467781061621606
4,"[2, 7, 1, 4]",development,oracle_true_error_p2_direction,0.06666666666666667,0.9716891955913365,8,1.0694650812566349,1.7055673832657299,2.0676719575977205,0.2222222222222222,0.34847686071949624
4,"[2, 7, 1, 4]",calibration,p2_consensus,0.11111111111111109,0.8604580045538914,5,0.8275228027010639,1.4660624567976668,1.5687921901007724,0.1111111111111111,0.36845278027657924
4,"[2, 7, 1, 4]",calibration,p2_common,0.08888888888888886,1.0515653580433413,4,1.1336429177752232,1.7863337874910545,3.1119371489521694,0.1111111111111111,0.6240132106622498
4,"[2, 7, 1, 4]",calibration,first_layer,-0.24444444444444446,1.0939653573319383,4,1.2236743743426723,1.847111623447885,2.4559916035736085,0.0,0.6738212964429591
4,"[2, 7, 1, 4]",calibration,p1_p2,-0.1111111111111111,1.1461402229225264,5,0.9374969728974012,1.9783007325235973,3.1119371489521694,0.0,0.6750268724409956
4,"[2, 7, 1, 4]",calibration,c1_c2,-0.022222222222222237,1.1249340420189873,5,0.823782886532134,2.587180712649321,3.1119371489521694,0.0,0.7321953304257907
4,"[2, 7, 1, 4]",calibration,c2_p2,0.1333333333333333,1.0421216511669573,4,1.2236743743426723,1.6551446784153423,2.4559916035736085,0.0,0.6178529825633814
4,"[2, 7, 1, 4]",calibration,nested_rel,-0.02222222222222223,1.0149049022316854,5,0.9374969728974012,1.7863337874910545,3.1119371489521694,0.1111111111111111,0.6070183279979061
4,"[2, 7, 1, 4]",calibration,p2_norm_high,0.19999999999999998,0.9379397469551923,5,0.8275228027010639,1.4432906082026673,1.4549329471257755,0.1111111111111111,0.4263677592837055
4,"[2, 7, 1, 4]",calibration,p2_norm_low,-0.19999999999999998,0.8471497222739564,6,0.7442261725559242,1.502422098263771,1.694891628416454,0.1111111111111111,0.3539603277812142
4,"[2, 7, 1, 4]",calibration,c2_norm_high,0.08888888888888886,0.9259000712870107,4,1.2236743743426723,1.6551446784153423,2.4559916035736085,0.2222222222222222,0.5461665486201093
4,"[2, 7, 1, 4]",calibration,c2_norm_low,-0.08888888888888886,1.0061672390024583,3,1.1184512150681147,1.4772022106006346,1.5687921901007724,0.0,0.4919347614482061
4,"[2, 7, 1, 4]",calibration,phase_combo,-0.13333333333333333,1.1265121410228252,5,0.9374969728974012,1.7863337874910545,3.1119371489521694,0.0,0.6757650388087013
4,"[2, 7, 1, 4]",calibration,c17_p2_self_consistency,-0.26666666666666666,1.0704924216429845,3,1.14319384176693,1.539039776238402,2.4559916035736085,0.1111111111111111,0.6097852224540264
4,"[2, 7, 1, 4]",calibration,oracle_true_error_p2_direction,0.0888888888888889,0.8947253331070906,5,0.7635633037329935,1.6435023394922341,2.4559916035736085,0.1111111111111111,0.48230618623456817
4,"[2, 7, 1, 4]",test,p2_consensus,0.1111111111111111,1.08346312937417,3,1.2122136042999712,1.4076627531771921,1.4138269462055117,0.2222222222222222,0.46162058967156594
4,"[2, 7, 1, 4]",test,p2_common,-0.1111111111111111,1.187650010879122,3,1.2122136042999712,1.754565220527162,2.306821617147198,0.0,0.6927434869242458
4,"[2, 7, 1, 4]",test,first_layer,0.02222222222222222,1.138310834277365,3,1.1804466937721803,1.4076627531771921,1.4138269462055117,0.0,0.49078251017065494
4,"[2, 7, 1, 4]",test,p1_p2,-0.24444444444444446,1.3835937623759138,1,1.286603954313031,1.754565220527162,2.306821617147198,0.0,0.7813086942609335
4,"[2, 7, 1, 4]",test,c1_c2,-0.2444444444444444,1.1377490870435973,3,1.2270648886274655,2.3151881026176953,2.348654044499684,0.1111111111111111,0.7488931256408777
4,"[2, 7, 1, 4]",test,c2_p2,-0.02222222222222223,1.2001146934292584,3,1.374729304126413,1.754565220527162,2.306821617147198,0.2222222222222222,0.6385348023931869
4,"[2, 7, 1, 4]",test,nested_rel,0.11111111111111109,0.932749750688567,5,0.8339249583257116,1.4230836675755612,1.616501121372153,0.2222222222222222,0.3682881946968401
4,"[2, 7, 1, 4]",test,p2_norm_high,0.08888888888888888,1.2001146934292584,3,1.374729304126413,1.754565220527162,2.306821617147198,0.2222222222222222,0.6385348023931869
4,"[2, 7, 1, 4]",test,p2_norm_low,-0.08888888888888888,1.2299650273812526,1,1.2008536092595286,1.7833088490762843,1.8328216575919352,0.0,0.6701854598209575
4,"[2, 7, 1, 4]",test,c2_norm_high,0.022222222222222206,1.0830977627225724,3,1.2122136042999712,1.878108840987337,2.306821617147198,0.2222222222222222,0.600944971813562
4,"[2, 7, 1, 4]",test,c2_norm_low,-0.022222222222222206,1.1310839045252952,2,1.2008536092595286,1.4239244636949842,1.4951354987944714,0.0,0.5819787098199006
4,"[2, 7, 1, 4]",test,phase_combo,-0.044444444444444425,1.3079487500379727,2,1.374729304126413,1.754565220527162,2.306821617147198,0.0,0.7194620763555515
4,"[2, 7, 1, 4]",test,c17_p2_self_consistency,0.06666666666666668,0.9452059598327164,3,1.2008536092595286,1.5862616873655295,2.306821617147198,0.3333333333333333,0.49566078250534557
4,"[2, 7, 1, 4]",test,oracle_true_error_p2_direction,0.46666666666666656,0.9509398898050392,4,1.0778513598784139,1.347824227176786,1.5269029862969346,0.1111111111111111,0.40858018998278106
8,"[2, 7, 1, 4, 3, 5, 0, 6]",development,p2_consensus,0.17195767195767198,0.9860897086055371,10,0.9434981065895764,1.679020172999752,1.956360983783425,0.05555555555555555,0.35904585235879555
8,"[2, 7, 1, 4, 3, 5, 0, 6]",development,p2_common,0.08333333333333334,1.0005369571232945,6,1.1065502108112457,1.8638969805460628,4.4069030533005815,0.1111111111111111,0.5475103175386994
8,"[2, 7, 1, 4, 3, 5, 0, 6]",development,first_layer,-0.022486772486772496,1.0254711723504035,8,1.0318782641280366,1.6174192146576476,1.633622088937383,0.16666666666666666,0.36446973790573767
8,"[2, 7, 1, 4, 3, 5, 0, 6]",development,p1_p2,0.22883597883597886,1.1034586558077595,10,0.9021117570854684,2.0215877927725194,2.3211644291891385,0.2777777777777778,0.3680316805638537
8,"[2, 7, 1, 4, 3, 5, 0, 6]",development,c1_c2,0.15873015873015875,0.9368502554346846,12,0.9515468541596386,1.71871822823612,2.3211644291891385,0.2777777777777778,0.3411317827886156
8,"[2, 7, 1, 4, 3, 5, 0, 6]",development,c2_p2,0.14550264550264552,0.8822035356112803,8,1.01993179857211,1.549926803462204,2.3211644291891385,0.2777777777777778,0.29480305769049814
8,"[2, 7, 1, 4, 3, 5, 0, 6]",development,nested_rel,0.05820105820105822,0.9875219545740264,9,0.9785057974911031,1.6534489025744794,4.4069030533005815,0.05555555555555555,0.4918234446698187
8,"[2, 7, 1, 4, 3, 5, 0, 6]",development,p2_norm_high,0.1653439153439154,0.8570348415166125,8,1.01993179857211,1.549926803462204,2.3211644291891385,0.2222222222222222,0.28869435481990585
8,"[2, 7, 1, 4, 3, 5, 0, 6]",development,p2_norm_low,-0.1653439153439154,1.0692127039335237,8,1.129845152584909,1.8330172880132611,2.670790437332422,0.1111111111111111,0.45803715209000956
8,"[2, 7, 1, 4, 3, 5, 0, 6]",development,c2_norm_high,0.01455026455026456,1.0328566474844683,8,1.0147029763266708,1.8121296240526792,2.670790437332422,0.05555555555555555,0.41082383110574994
8,"[2, 7, 1, 4, 3, 5, 0, 6]",development,c2_norm_low,-0.01455026455026456,1.0261115582704292,9,1.0732251293182147,1.7431709177588655,2.0481088515923345,0.1111111111111111,0.4138162928669491
8,"[2, 7, 1, 4, 3, 5, 0, 6]",development,phase_combo,0.2195767195767196,1.1138562152291058,8,1.03796982916381,2.037805988946563,2.3211644291891385,0.2777777777777778,0.43561643000229566
8,"[2, 7, 1, 4, 3, 5, 0, 6]",development,c17_p2_self_consistency,-0.05820105820105824,1.1943415534457624,6,1.3745271609310212,1.8595959183668098,2.3211644291891385,0.1111111111111111,0.500528738206063
8,"[2, 7, 1, 4, 3, 5, 0, 6]",development,oracle_true_error_p2_direction,0.21825396825396828,0.8997630667195535,10,0.9568953326682612,1.426564532104996,1.792814212639186,0.05555555555555555,0.2377667937853904
8,"[2, 7, 1, 4, 3, 5, 0, 6]",calibration,p2_consensus,-0.01851851851851852,0.9226552633286417,6,0.9554967609710486,1.6465014461677334,1.957338470435577,0.2222222222222222,0.42371387310739755
8,"[2, 7, 1, 4, 3, 5, 0, 6]",calibration,p2_common,-0.042328042328042326,0.9885339013697609,6,0.8275228027010639,1.6756312560908517,3.1119371489521694,0.1111111111111111,0.5390744071106227
8,"[2, 7, 1, 4, 3, 5, 0, 6]",calibration,first_layer,-0.06349206349206349,1.0725799528458495,5,0.966901204876914,1.847111623447885,2.4559916035736085,0.0,0.6487941617468318
8,"[2, 7, 1, 4, 3, 5, 0, 6]",calibration,p1_p2,-0.1507936507936508,1.1066479279649477,5,0.8275228027010639,1.9783007325235973,3.1119371489521694,0.1111111111111111,0.6403781580469707
8,"[2, 7, 1, 4, 3, 5, 0, 6]",calibration,c1_c2,0.10052910052910054,0.9869742377993218,5,0.823782886532134,1.7371262529729927,3.1119371489521694,0.2222222222222222,0.5387233097859321
8,"[2, 7, 1, 4, 3, 5, 0, 6]",calibration,c2_p2,0.1111111111111111,0.9145994564704373,6,0.824061640871271,1.561881333771903,2.0478865749719546,0.1111111111111111,0.42845378522378463
8,"[2, 7, 1, 4, 3, 5, 0, 6]",calibration,nested_rel,0.04761904761904764,0.9106633586757462,5,0.999479383593159,1.7746914485679464,3.1119371489521694,0.3333333333333333,0.5182335919338531
8,"[2, 7, 1, 4, 3, 5, 0, 6]",calibration,p2_norm_high,0.047619047619047616,0.8440377382943846,6,0.824061640871271,1.267015504168516,1.4403800234718902,0.1111111111111111,0.336874651820531
8,"[2, 7, 1, 4, 3, 5, 0, 6]",calibration,p2_norm_low,-0.047619047619047616,0.8971399447560928,7,0.72828093255599,1.502422098263771,1.694891628416454,0.1111111111111111,0.35519931612982003
8,"[2, 7, 1, 4, 3, 5, 0, 6]",calibration,c2_norm_high,0.1534391534391535,0.6811228955676767,6,0.6121229414584047,1.3917364797044203,1.4403800234718902,0.4444444444444444,0.21923347808494265
8,"[2, 7, 1, 4, 3, 5, 0, 6]",calibration,c2_norm_low,-0.1534391534391535,0.9167134021681458,5,0.8165945223104357,1.6465014461677334,1.957338470435577,0.0,0.436212424516955
8,"[2, 7, 1, 4, 3, 5, 0, 6]",calibration,phase_combo,-0.04497354497354497,1.1022423942747075,5,0.999479383593159,1.7746914485679464,3.1119371489521694,0.0,0.6534649306288705
8,"[2, 7, 1, 4, 3, 5, 0, 6]",calibration,c17_p2_self_consistency,6.1679056923619804e-18,0.7945665236193828,6,0.7828485654977507,1.2548546182266485,1.3795755937625527,0.5555555555555556,0.26916978125749147
8,"[2, 7, 1, 4, 3, 5, 0, 6]",calibration,oracle_true_error_p2_direction,0.18253968253968256,0.8093933755258176,7,0.7635633037329935,2.1295075806922856,2.4559916035736085,0.4444444444444444,0.4089440016070694
8,"[2, 7, 1, 4, 3, 5, 0, 6]",test,p2_consensus,0.018518518518518545,1.080770079220191,2,1.2122136042999712,1.2660298185520815,1.3030545373967488,0.1111111111111111,0.46545627110917664
8,"[2, 7, 1, 4, 3, 5, 0, 6]",test,p2_common,-0.07936507936507939,1.2574307601409929,2,1.2266590105596067,1.754565220527162,2.306821617147198,0.0,0.6820493588225512
8,"[2, 7, 1, 4, 3, 5, 0, 6]",test,first_layer,-0.06613756613756613,1.318231833353472,2,1.4061217049201122,1.6785125737978617,1.6811903124350758,0.0,0.6508049266451287
8,"[2, 7, 1, 4, 3, 5, 0, 6]",test,p1_p2,-0.05555555555555555,1.2651616661844558,3,1.2270648886274655,1.754565220527162,2.306821617147198,0.2222222222222222,0.6264357670488049
8,"[2, 7, 1, 4, 3, 5, 0, 6]",test,c1_c2,-0.04497354497354497,0.9636908527953911,5,0.9766270724368744,1.656912223922354,2.306821617147198,0.3333333333333333,0.47619899125586534
8,"[2, 7, 1, 4, 3, 5, 0, 6]",test,c2_p2,0.126984126984127,1.207416804921826,3,1.2122136042999712,1.5924258803938491,2.306821617147198,0.1111111111111111,0.5675987943925183
8,"[2, 7, 1, 4, 3, 5, 0, 6]",test,nested_rel,0.1507936507936508,0.9656874867208675,4,1.2122136042999712,1.447094187356047,1.616501121372153,0.2222222222222222,0.42185601304841774
8,"[2, 7, 1, 4, 3, 5, 0, 6]",test,p2_norm_high,0.18518518518518523,0.968193373088343,6,0.8514080297648228,1.2640925976887878,1.4138269462055117,0.4444444444444444,0.27188490196207327
8,"[2, 7, 1, 4, 3, 5, 0, 6]",test,p2_norm_low,-0.18518518518518523,1.161069146978217,2,1.162160624182792,1.4914616954544768,1.8328216575919352,0.0,0.560684570976604
8,"[2, 7, 1, 4, 3, 5, 0, 6]",test,c2_norm_high,0.20370370370370375,0.7021704189332385,7,0.721311253379352,1.1047238087627254,1.2122136042999712,0.5555555555555556,0.13530229592761428
8,"[2, 7, 1, 4, 3, 5, 0, 6]",test,c2_norm_low,-0.20370370370370375,1.1687640821651504,2,1.2145545070098094,1.3697552166359006,1.4061217049201122,0.1111111111111111,0.537063702656671
8,"[2, 7, 1, 4, 3, 5, 0, 6]",test,phase_combo,0.08201058201058202,1.1515391781952289,4,1.2122136042999712,1.5188481247673449,1.616501121372153,0.2222222222222222,0.4413938514470936
8,"[2, 7, 1, 4, 3, 5, 0, 6]",test,c17_p2_self_consistency,0.3306878306878307,0.9451960346150633,5,0.8912111625609752,1.4476411342004347,2.306821617147198,0.2222222222222222,0.4524129037818536
8,"[2, 7, 1, 4, 3, 5, 0, 6]",test,oracle_true_error_p2_direction,0.4444444444444444,0.9152112410092766,5,0.9766270724368744,1.3160179386797357,1.6765754054883009,0.3333333333333333,0.37631824390010454
