name,orientation,split,n_cases,n_bases,pooled_raw_ratio_nc,pooled_raw_ratio_observed,adjusted_ratio_projected,cost_ratio_projected,wins,win_rate,median,p90,worst,observed_worst,mean_error_correction_ip,mean_correction_norm,mean_correction_cosine,grouped_adjusted_ci95,projected_effective_compute
fixed_r3,2,development,18,6,0.902835984786879,0.9073945793298116,0.8953998356873747,0.9917635658914729,11,0.6111111111111112,0.8787162872248595,1.9928629360263965,2.492277028277549,2.3571111769238313,1.702570072416008e-05,0.00441153620959662,0.36692323737347415,"[0.7403558806187569, 1.07134073282426]",174173517441.86047
fixed_r3,2,calibration,9,3,1.0907276284689615,1.0853353213310564,1.0817439222267269,0.9917635658914729,5,0.5555555555555556,0.727930707063453,2.587180712649321,3.1119371489521694,2.87202910160049,1.2949410668877225e-05,0.005443045892107418,0.2699006741735248,"[0.7521563003128148, 1.5634145277666296]",174173517441.86047
fixed_r3,2,test,9,3,1.1794753415857746,1.1625952120804364,1.1697606706521708,0.9917635658914729,4,0.4444444444444444,1.3030545373967488,1.9276216495029879,2.306821617147198,2.209120232712089,1.131308036883598e-05,0.00464387149977944,0.2623630258792622,"[0.923928886116623, 1.592998055045837]",174173517441.86047
development_best_single,2,development,18,6,0.902835984786879,0.9073945793298116,0.8953998356873747,0.9917635658914729,11,0.6111111111111112,0.8787162872248595,1.9928629360263965,2.492277028277549,2.3571111769238313,1.702570072416008e-05,0.00441153620959662,0.36692323737347415,"[0.7403558806187569, 1.07134073282426]",174173517441.86047
development_best_single,2,calibration,9,3,1.0907276284689615,1.0853353213310564,1.0817439222267269,0.9917635658914729,5,0.5555555555555556,0.727930707063453,2.587180712649321,3.1119371489521694,2.87202910160049,1.2949410668877225e-05,0.005443045892107418,0.2699006741735248,"[0.7521563003128148, 1.5634145277666296]",174173517441.86047
development_best_single,2,test,9,3,1.1794753415857746,1.1625952120804364,1.1697606706521708,0.9917635658914729,4,0.4444444444444444,1.3030545373967488,1.9276216495029879,2.306821617147198,2.209120232712089,1.131308036883598e-05,0.00464387149977944,0.2623630258792622,"[0.923928886116623, 1.592998055045837]",174173517441.86047
zero_correction,,development,18,6,1.1204761815821738,1.1148238620201503,0.9728165297457632,0.8682170542635659,6,0.3333333333333333,1.2212431758815978,1.5202239117181304,1.8451203651558106,1.8168361297763103,0.0,0.0,0.0,"[0.8962798228684125, 1.0777188072972084]",152476279069.76743
zero_correction,,calibration,9,3,0.9606832786699387,0.9630200292347311,0.8340816062870785,0.8682170542635659,6,0.6666666666666666,0.9631047141345018,1.3050679647839463,1.375567838021949,1.357557584820459,0.0,0.0,0.0,"[0.7155438467986039, 0.9713476512674983]",152476279069.76743
zero_correction,,test,9,3,1.1432487421092297,1.1297758198853989,0.9925880551646025,0.8682170542635659,2,0.2222222222222222,1.0751163840004039,1.39214112912798,1.4679591966277077,1.4306398552120676,0.0,0.0,0.0,"[0.8676763021635882, 1.0857824828345886]",152476279069.76743
