network_id,rotation_index,action,beta,baseline_mse,candidate_mse,ratio,baseline_unbiased_mse,candidate_unbiased_mse,corrected_ratio,inner,norm_sq,cosine,reference_noise_mse,absolute_ratio,severe,literal_rotation_id,rotation_seed,companion_seed,reduced_ratio,c17_ratio,p2_ratio,p4_ratio,oracle_ratio,runtime_seconds,peak_rss_kb,reference_noise_fraction_record,vectors_file,vectors_sha256,weight_sha256,feature_cos_c17_p2,feature_cos_c17_p4,feature_cos_p2_p4,feature_norm_p2_c17,feature_norm_p4_c17,feature_min_nested_cos,feature_max_loo_angle_sin,feature_cos_p32_p128,feature_norm_p32_p128,geometry_c17_cos_ideal,geometry_p2_cos_ideal,geometry_p4_cos_ideal,geometry_oracle_cos_ideal
6000,0,absolute,0.5,1.132336772829624e-06,7.355220377910182e-07,0.6495612042634669,1.0724823988378234e-06,6.756676637992087e-07,0.6300034989211796,-2.630043307790912e-07,1.2919392651957658e-07,0.6876287800362375,5.985437399182738e-08,0.6495612042634669,False,3,3.0,601011.0,0.8910955895007143,0.6495612042634669,0.8393407896977545,0.7371624672906704,0.04084777524206261,21.783103149999988,1414156.0,0.05285916295225124,network_6000_rotation_0.npz,37bc30baba075ea17ffb380a725d9a1ae2404a31fd51465d1a631702114f957d,c319441874280e0bc3773331a9317aed991a05d92dc282c69f881f0695ce721d,0.23812297890394368,0.6179773698862047,0.7405720881960848,0.26344579347513436,0.5074453266085344,0.7790247938084023,0.3806728582693783,0.9174198831157708,0.8008130607430262,0.6390938354225661,0.446002850390997,0.7021949084821684,0.9769938044617996
6000,1,zero,0.5,5.197173710166373e-07,6.285875057747601e-07,1.209479499492499,4.5986299702482e-07,5.687331317829473e-07,1.2367447162795997,3.5575686313474466e-08,3.7718762131173863e-08,-0.2540919785026248,5.985437399182738e-08,0.8575988404222754,False,11,11.0,601011.0,1.2094794994924993,0.8575988404222754,0.998292404633364,0.8227599064413159,0.08691581766096548,20.530825735999997,1417972.0,0.11516716071033792,network_6000_rotation_1.npz,07dfe6b7d748e52ea9e0b6ce0c84a515ad627cdcb97b8a68b61fe97e9be67eb0,c319441874280e0bc3773331a9317aed991a05d92dc282c69f881f0695ce721d,0.4370694394928021,0.6882061732257342,0.753229358474352,0.23692340043841426,0.3908716839382831,0.9189682756628517,0.2275208928031059,0.9273497551965324,0.7425394739563322,0.5408893558491327,0.7028645079591754,0.8173109569827528,0.9636162178333263
6000,2,absolute,0.5,1.556171887820884e-06,1.5851149893946391e-06,1.0185989104418822,1.496317513829082e-06,1.5252606154028398e-06,1.0193428876600477,-5.774421762468982e-09,4.049194509869338e-08,0.0230035783791947,5.985437399182738e-08,1.0185989104418822,False,97,97.0,601011.0,1.0167158204889033,1.0185989104418822,1.0869859510192028,1.099771809540079,0.023634153581184765,17.97715545899996,1417972.0,0.038462572457623426,network_6000_rotation_2.npz,73782d68f13695c477b7a09a5ed60078fca7255708610615c59c60367bbb895b,c319441874280e0bc3773331a9317aed991a05d92dc282c69f881f0695ce721d,0.2673982904916655,0.47263280648898304,0.7996772715712767,0.41568297727241377,0.5842820023460477,0.8305714741878717,0.6560565942379464,0.954373581018261,0.6915104997240284,0.07992541531760589,-0.4515369348467179,-0.3596585563889787,0.9883445635790401
6001,0,zero,0.5,1.491036349867389e-07,2.68351776107153e-07,1.799766827488947,1.1362427628436425e-07,2.328724174047773e-07,2.0494952753052007,2.7523798065835623e-08,6.420054498874282e-08,-0.2813162955772196,3.54793587023702e-08,2.297434595353974,True,3,3.0,601111.0,1.7997668274889467,2.297434595353974,2.3308110179752806,2.184804298094637,0.24687418101767822,21.822797348999984,1414096.0,0.2379509976770566,network_6001_rotation_0.npz,6130ca85d61292ce190a1f4f24a1f5fbd7f3d5eeafefaace5aa5c9258790bcc0,a1d16905c87c3b1e383e38240c228292d2a92f7c461172109354de7b2eed6dba,-0.05730195653773924,0.4802003216112538,0.6754819394334327,0.30640739228846486,0.32013889127234013,0.7752442709426607,0.2301105194144415,0.9595068041493988,0.9269561230355587,0.07993735619259067,-0.6932311266590424,-0.44818591640065897,0.9359389587960976
6001,1,absolute,0.5,1.9085887939817083e-07,2.2737388007750258e-07,1.191319370597131,1.5537952069580888e-07,1.918945213751345e-07,1.2350052343822846,-3.853753727012987e-08,1.135900752195915e-07,0.2617324553578572,3.54793587023702e-08,1.191319370597131,True,11,11.0,601111.0,1.2347383158755698,1.191319370597131,1.3014834508853521,1.4364949608487088,0.10507073121563235,20.535247134999963,1418284.0,0.18589315212499483,network_6001_rotation_1.npz,a1fd1813208ea77b46773fe6adfdb3a7d3b8e99b11e41e3b0388eaae2c935888,a1d16905c87c3b1e383e38240c228292d2a92f7c461172109354de7b2eed6dba,0.5979706895775795,0.465665285837364,0.857531084779314,0.3125082275114215,0.46498839097333367,0.6980919686069827,0.3563748854028086,0.8923554852731087,0.7347091806536987,0.29497314213691384,-0.08380434256151183,-0.21465013817035172,0.9591561223815355
6001,2,zero,0.5,4.442695350158722e-07,3.952983087308905e-07,0.889771360795126,4.087901763135202e-07,3.598189500285372e-07,0.8802044933500928,-4.134022636705719e-08,3.3709226449132563e-08,0.3378120914837024,3.54793587023702e-08,0.6283372660075759,False,97,97.0,601111.0,0.889771360795126,0.6283372660075759,0.8513317873630672,0.7401687318151913,0.09785833530380987,19.23331459899987,1418284.0,0.07985998567536855,network_6001_rotation_2.npz,8251025f401eb17fb161155fbe1648e1c30f9865123ecc33992ffce28ce05329,a1d16905c87c3b1e383e38240c228292d2a92f7c461172109354de7b2eed6dba,0.6661311125569755,0.660384861554405,0.7704509604655141,0.12208392071035774,0.23520567217830235,0.9110364178128648,0.17823920651762876,0.97242441581323,0.8011627810532822,0.6010214651104588,0.258118396296314,0.5165109193808609,0.9466779306197506
6002,0,absolute,0.5,3.741007035130992e-07,3.614827345080719e-07,0.9662711968019982,3.1603384785417014e-07,3.0341587884914855e-07,0.9600739949511864,-1.3388387166778764e-07,2.55149774330548e-07,0.433347610424299,5.80668556589144e-08,0.9662711968019982,False,3,3.0,601211.0,1.2633812371610142,0.9662711968019982,1.1002725108759541,1.2226645314879288,0.12567190722407173,19.269427933000088,1414468.0,0.15521717845922514,network_6002_rotation_0.npz,c05e8f5890bbd6afee4b5405e17a8b15bc766076936523fbd407e9c4418f7430,3d0dbc3ab4d7758960454a940dbf1fa2b7505f34cfb4d0d54cb9d9a20966eb5a,0.5830466610662342,0.5450504317243917,0.6381490815721765,0.3358388428271315,0.5282087703975861,0.7885484336243261,0.33613836286586746,0.9535368640277665,0.8403881938602253,0.4851874729960124,0.4880159230288086,0.18901458459905585,0.9490074333336385
6002,1,absolute,0.5,4.440613202102732e-07,3.6625433495762203e-07,0.8247832411618112,3.85994464551356e-07,3.081874792987054e-07,0.7984246086453954,-9.101411511990785e-08,1.042212449871646e-07,0.4230669989066756,5.80668556589144e-08,0.8247832411618112,False,11,11.0,601211.0,1.1027248775634673,0.8247832411618112,1.1969063060159428,1.184672154475256,0.19930091480455245,16.413551906000066,1418444.0,0.13076314692623625,network_6002_rotation_1.npz,ea6af6abbc571467a001cf9625460a885f63b6bcaae61fd767dcaa9ad0b8762f,3d0dbc3ab4d7758960454a940dbf1fa2b7505f34cfb4d0d54cb9d9a20966eb5a,-0.01975051040605122,0.16724006187267265,0.9218647732087798,0.4446927014715889,0.6232579999192268,0.7856086387126585,0.43608979962339944,0.9476623109608145,0.734771038132094,0.5070890790518704,-0.12349296984806118,-0.0010231333199747044,0.9092162142808483
6002,2,zero,0.5,2.634482402203398e-07,3.265192222627545e-07,1.239405592497654,2.053813845614292e-07,2.6845236660384e-07,1.3070920092251417,-3.366206930582012e-08,1.30395120654055e-07,0.1816195053779176,5.80668556589144e-08,1.0736156221185322,False,97,97.0,601211.0,1.239405592497654,1.0736156221185322,1.203169727955984,1.1126333219822067,0.2324011215066983,19.840013075000115,1418444.0,0.22041086936222884,network_6002_rotation_2.npz,57333e71a760a68697e159d6e888952ad5511e324df949915315a21d4a94acd2,3d0dbc3ab4d7758960454a940dbf1fa2b7505f34cfb4d0d54cb9d9a20966eb5a,0.23221084794435803,0.21530392245465468,0.7455105113172672,0.3204176224172623,0.3701420013538997,0.5849891371706467,0.6451400242903083,0.9396537260930282,0.7681181368308189,0.3974730160245549,0.1710964980327454,0.3521727552892623,0.926603063738069
6003,0,zero,0.5,2.332439577428062e-07,1.8041505132201854e-07,0.7735036442871497,1.910724470388873e-07,1.3824354061809908e-07,0.7235137392151763,-4.663811295241031e-08,4.044731948403301e-08,0.4801654375185939,4.2171510703924975e-08,0.370219196897096,False,3,3.0,601311.0,0.7735036442871497,0.370219196897096,0.7198600374519062,0.608329140151511,0.1101010016012267,17.184549033000167,1414072.0,0.18080430083606588,network_6003_rotation_0.npz,b80a614acf7ab880b40b69ed32ee77b193ec23ee923150dfc31e9d0a55490f12,e35dc4c0db2f3b5134be4ca3f5b634b70871e3907c9c040a0743520e47690335,0.6498338885997333,0.6761462454536351,0.6759297757493572,0.1592072844516614,0.31218796122889114,0.8804625013677552,0.2574198961201273,0.9319138275362437,0.8258178751027705,0.7222823940769036,0.3531962024176749,0.5776245817843427,0.9278987695150577
6003,1,absolute,0.5,2.4804058810111144e-07,6.153169803935398e-07,2.4807108590740463,2.0586907739719042e-07,5.731454696896319e-07,2.784028941771777,3.5965399373196724e-08,2.9534559354603493e-07,-0.1328795850282766,4.2171510703924975e-08,2.4807108590740463,True,11,11.0,601311.0,1.5745741976311496,2.4807108590740463,1.2050984691185962,0.9865906904397233,0.12927043231789492,15.848096966999947,1418280.0,0.17001858859782312,network_6003_rotation_1.npz,dd61ae2230002dd0b6a3e7041290ccdb742fe35e6c5ec57be32c94ddb5afdf21,e35dc4c0db2f3b5134be4ca3f5b634b70871e3907c9c040a0743520e47690335,-0.3043715825948267,-0.3120657930959364,0.9421899220376805,0.3407522231343931,0.567016268862139,0.9496233528158984,0.26607203384268624,0.9514755108115796,0.8483900556020707,-0.3742534543678456,0.8103823816640039,0.8318839796449627,0.9609095986156897
6003,2,zero,0.5,4.249354167023474e-07,4.913489113507669e-07,1.1562907962904392,3.827639059984325e-07,4.491774006468522e-07,1.173510337854823,1.4562489155464072e-08,3.728851633749133e-08,-0.1156875432460372,4.2171510703924975e-08,2.79587841673876,True,97,97.0,601311.0,1.1562907962904392,2.7958784167387596,1.0703444341640298,1.1359289694649601,0.08229868001843667,13.384205469000108,1418280.0,0.09924216491812132,network_6003_rotation_2.npz,328cb264817d48083798eea2899c6a75d284b1cdcace943dc3d0c5fb416df48d,e35dc4c0db2f3b5134be4ca3f5b634b70871e3907c9c040a0743520e47690335,-0.7197814233313308,0.35230847784654434,0.12172208865114925,0.09610333288954473,0.11824105291295747,0.985854754920806,0.13861910134038122,0.9883329559950879,0.9414378877706633,-0.3951076946321362,0.4912237728090693,0.13745082517770849,0.9642302493798073
6004,0,absolute,0.5,1.663623263234451e-07,3.4168821444775217e-07,2.053879757508529,1.1888333971077775e-07,2.942092278350888e-07,2.474772567382849,3.0834904965659045e-08,1.1365607819298897e-07,-0.2242429451959781,4.7478986612667216e-08,2.053879757508529,True,3,3.0,601411.0,1.5521135409041615,2.053879757508529,1.6428841915851105,1.8346837685787527,0.17502044090809687,18.60051581699986,1413868.0,0.2853950630646843,network_6004_rotation_0.npz,515c8dfa10262a0736b1d8c27b92a09d6c2260c218b1cc6986f32b70d41a5fa3,976e9eaacedcebcd263e0358d6838e3f70b92f3f3011e60c46ea7770510ccab7,0.64886890398012,0.6157087630323638,0.9401452286630526,0.5897624958647824,0.9186962111317037,0.8840374181114439,0.37331923477857387,0.8578093944617515,0.7012321474275337,-0.1163214938496644,0.02998614174202967,-0.000375039134922535,0.9425476053857188
6004,1,absolute,0.5,1.715387988821514e-07,1.3053880084565413e-07,0.7609870285691774,1.2405981226948662e-07,8.305981423298997e-08,0.6695142666552228,-3.946725103423649e-08,3.7934504031975715e-08,0.4892586250297026,4.7478986612667216e-08,0.7609870285691774,False,11,11.0,601411.0,0.9385413333181198,0.7609870285691774,0.9892921477231826,0.8751741718406402,0.1442769228998652,12.338999452000053,1417992.0,0.27678278571418513,network_6004_rotation_1.npz,cb02402a919921ea5975af1a17f103eba2f155714a1f98e567f2f9b1b8aee872,976e9eaacedcebcd263e0358d6838e3f70b92f3f3011e60c46ea7770510ccab7,-0.35223522308078525,0.6744604751477062,-0.2189780748133056,0.41332770978442135,0.45845858897967123,0.7601412602752092,0.711771907970775,0.9123451452918229,0.737670124687604,0.4378912346919953,-0.08890605099234522,0.27892391785349474,0.9222790146961406
6004,2,absolute,0.5,3.171769667766205e-07,3.146839287235e-07,0.9921399145768478,2.696979801639482e-07,2.6720494211082774e-07,0.9907561856725624,-1.4780380879683357e-08,2.706772370624616e-08,0.1595177214277237,4.7478986612667216e-08,0.9921399145768478,False,97,97.0,601411.0,1.006472213251534,0.9921399145768478,1.0586387581060088,1.022548853887968,0.11546663336655554,15.071452510999961,1417992.0,0.14969241649285786,network_6004_rotation_2.npz,40a235e991e7332be5f0634e4d5cef3766c29754057baacb00281133bb1701e0,976e9eaacedcebcd263e0358d6838e3f70b92f3f3011e60c46ea7770510ccab7,-0.27637412285381685,-0.21719013478368399,0.8954280145437912,0.5383726833806306,0.6619179958850544,0.640925188822714,0.3932865808143501,0.8829245804218067,0.5657201563287099,0.19908641658893556,-0.037804703709636074,0.08496898542329948,0.9417302037720646
6005,0,zero,0.5,2.509084855619767e-07,3.6657291211222e-07,1.4609825223375044,2.233994625133592e-07,3.3906388906360026e-07,1.5177471120519117,3.690799441925503e-08,4.1848437711733326e-08,-0.3601829468480677,2.7509023048611465e-08,0.8781198408189377,False,3,3.0,601511.0,1.4609825223375044,0.8781198408189377,1.4427069472838157,1.3880760126563119,0.15190067765391801,18.837370354000086,1414036.0,0.10963767521452153,network_6005_rotation_0.npz,65cee00570e712821c0dcac6fa3b43109425498d28a1cdbccda1ff847d25999f,d33ba58369637a007183cdce40d1276a60edfd766fd9cdc06ccaf02d65f57102,0.25416454555008267,0.3984966107565896,0.8705317774694094,0.20935191975573794,0.3660030954290259,0.8660691320022862,0.3133697018386664,0.8865505687296522,0.7501071169464362,0.690450632033566,0.11567062186515935,0.24095511673618292,0.9497776852755092
6005,1,absolute,0.5,3.824210965041102e-07,7.942443163623024e-07,2.0768841562948817,3.5491207345550493e-07,7.667352933137002e-07,2.1603528047062204,1.2641314300515065e-07,1.589969338478909e-07,-0.5126570492146817,2.7509023048611465e-08,2.0768841562948817,True,11,11.0,601511.0,1.3585727741115958,2.0768841562948817,1.2499265714061727,0.9585544487121356,0.09041799334208528,9.88163388099997,1461416.0,0.07193385328394351,network_6005_rotation_1.npz,59247ce3780d117095fbdb2c6c600ae7d90b7bb5f116e7c24725716ce7d0c101,d33ba58369637a007183cdce40d1276a60edfd766fd9cdc06ccaf02d65f57102,0.15959568373749786,-0.26894548922571915,0.6835351752652059,0.32753844146710304,0.5677954584784539,0.5488787451629505,0.3827069630750928,0.8465474375414583,0.5246293865721874,-0.4651557357617871,0.3718901344306596,0.7644129718829009,0.9678099024237845
6005,2,absolute,0.5,1.5758713800816782e-07,1.9136296856750245e-07,1.21433113759312,1.300781149595573e-07,1.6385394551889465e-07,1.2596580567748743,-1.182174174796867e-08,5.741931405527197e-08,0.124277378475869,2.7509023048611465e-08,1.21433113759312,True,97,97.0,601511.0,1.110531110003396,1.21433113759312,1.1797057433865532,1.0621132057098461,0.17104060677040545,18.661538479,1461420.0,0.17456388507535214,network_6005_rotation_2.npz,a6a1dbd0a67008ac553caa64e2e1e772c1f38dfe99e0d33f994b49ad584a4fc7,d33ba58369637a007183cdce40d1276a60edfd766fd9cdc06ccaf02d65f57102,0.41878267856949847,0.018622380290602685,0.4050558789115221,0.4130575769966033,0.4855793188121326,0.6219945677370035,0.5770260731860771,0.7662532451143466,0.7402476027656645,0.05483147219304397,-0.130857655007246,0.2115736636146468,0.9208646870566131
6006,0,zero,0.5,8.278680110079444e-07,7.055226217573212e-07,0.8522163103008831,7.732751401516048e-07,6.5092975090099e-07,0.8417828494698171,-1.01079125404819e-07,7.981286155901481e-08,0.3932280445751195,5.459287085629892e-08,1.6000326920311212,True,3,3.0,601611.0,0.8522163103008831,1.6000326920311212,0.7229912647632473,0.9682395558037146,0.07904635992444856,7.33636862000003,1414144.0,0.06594393083244164,network_6006_rotation_0.npz,8be7618a5d51f8cb4e65551460d2b1b1fd3bd3947f10b6af39cc73e251df7664,b8dc41e8b6f660bdd9ff26abfb3660bd0fac85b2236964855739d166d5826357,-0.19123659233005436,0.7672908920824065,0.19697708086413993,0.19411463404942272,0.2792009378866861,0.9214557331056727,0.36733227110935524,0.9693947015210684,0.8188385665202543,-0.27511396607383953,0.6250731994342003,-0.24981523540807696,0.9552268308434271
6006,1,zero,0.5,4.023202540781362e-07,4.846784460476754e-07,1.204708043243441,3.477273832218342e-07,4.300855751913716e-07,1.2368470127559572,-2.4051994241738333e-08,1.3046218045301586e-07,0.10498393003416,5.459287085629892e-08,1.3313737417002816,True,11,11.0,601611.0,1.204708043243441,1.3313737417002816,1.1998459258432763,1.151022738205311,0.18769039505042195,13.390631209000048,1418200.0,0.13569505960218503,network_6006_rotation_1.npz,c7473432470f1059d0d019c1b6904c4826d77775ca7ee0c12e6b2d543288662f,b8dc41e8b6f660bdd9ff26abfb3660bd0fac85b2236964855739d166d5826357,0.6154714993225066,0.7537994545762121,0.6302037393046193,0.26330338065500825,0.3605236280142333,0.9001646240765582,0.46636028112382694,0.9165003897956019,0.7431305607985199,0.2924673119333641,0.10650307490650136,0.21619739422208012,0.9188075168453089
6006,2,zero,0.5,5.070244305877071e-07,8.842542073334573e-07,1.744007101015807,4.524315597313976e-07,8.296613364771516e-07,1.8337830742172585,1.0394737167121542e-07,1.693350334033195e-07,-0.3547526601239882,5.459287085629892e-08,1.022447564519826,False,97,97.0,601611.0,1.744007101015807,1.0224475645198259,1.9965277462577884,1.7445217237715476,0.12215397649707217,16.200711429999956,1418200.0,0.10767305787024639,network_6006_rotation_2.npz,d86b55e81a920febdbddb3af245c8a28ad0cc2b1240a3bcea9acbf6542a5524b,b8dc41e8b6f660bdd9ff26abfb3660bd0fac85b2236964855739d166d5826357,-0.16422338941068926,0.5367450602910214,0.48927154937926504,0.21671816813748648,0.27685179736584997,0.8810829545728026,0.2559919192250012,0.9533854193979012,0.769369137886057,0.6464084995745724,-0.5105699131571422,0.07969296585459285,0.9719195356319505
6007,0,zero,0.5,1.9017191726020006e-07,2.601674247929004e-07,1.3680643732319844,1.6768383394827118e-07,2.376793414809702e-07,1.4174254958548478,3.066578108154502e-10,6.93821919110694e-08,-0.0026696653857631,2.2488083311930672e-08,1.1024789263175074,True,3,3.0,601711.0,1.3680643732319844,1.1024789263175074,1.2509241238999145,1.3343114608062216,0.24232513693152713,9.96830159000001,1414156.0,0.11825133613793076,network_6007_rotation_0.npz,238bad184a2cc492e7ed499a3dc9b69e69b5203fe86d8f61719946e46d944514,7fad2520d82c5c132e858ed66faba1ae5424353f7d4144d63ac89eb81e957397,0.6023038137474779,0.44427303974062415,0.6073184554845622,0.3689059540699799,0.2428387962372344,0.8536899705716045,0.2592234688726662,0.9016971963932704,0.8848906673986164,0.4441216270098386,0.32435787644138026,0.16231584820431946,0.9083487171242521
6007,1,absolute,0.5,1.7389041731871722e-07,2.558520953709213e-07,1.471340970457156,1.5140233400678308e-07,2.333640120589869e-07,1.5413501620690455,1.165518361136241e-08,5.8651310829479215e-08,-0.115409732214085,2.2488083311930672e-08,1.471340970457156,True,11,11.0,601711.0,1.3587747524118199,1.471340970457156,1.2719985344975895,1.258705967834985,0.18605251446020274,13.789910944999974,1418092.0,0.12932330405943593,network_6007_rotation_1.npz,0a4c911b42c66001df19954d20268e2f2787ec90dbe2c42d7c0c5ca9e8501a92,7fad2520d82c5c132e858ed66faba1ae5424353f7d4144d63ac89eb81e957397,0.14556734849735833,0.4268781754857758,0.8980394421876053,0.5276888890028837,0.5912212720353528,0.7944331916605452,0.5100374051994611,0.915504064972313,0.7384675845611789,0.1682055017666586,0.25298286571144385,0.272446335860484,0.9300085939446753
6007,2,absolute,0.5,2.02444379296042e-07,1.902271478170747e-07,0.9396514167424644,1.7995629598410994e-07,1.677390645051415e-07,0.9321100080874792,-2.4569897406845563e-08,3.692256333472381e-08,0.2841872302234207,2.2488083311930672e-08,0.9396514167424644,False,97,97.0,601711.0,0.9549309368993177,0.9396514167424644,0.9709802708446423,1.3111407009242428,0.12824756093215023,16.18395231599993,1418092.0,0.11108277439032034,network_6007_rotation_2.npz,967fe1b8ff558bd9b05fa302817b2d82bd48c7a9b127fe943fdba41d800daf37,7fad2520d82c5c132e858ed66faba1ae5424353f7d4144d63ac89eb81e957397,-0.2318812536449343,0.38417482281577175,-0.1588180515712508,0.35380821029410886,0.844863758042722,0.7978061283065195,0.6601662125120737,0.8876478485597492,0.8534013254363317,0.19425597697078018,-0.009067510004674708,-0.5017533603700057,0.9315726124182411
6008,0,absolute,0.5,1.8158757237512244e-07,1.4444975061663214e-07,0.7954825802628648,1.600962609203577e-07,1.2295843916186901e-07,0.7680281753927818,-3.2565322079030375e-08,2.7992822399570456e-08,0.456760954783301,2.1491311454759684e-08,0.7954825802628648,False,3,3.0,601811.0,1.2490341633570885,0.7954825802628648,1.170655449336501,1.1353287165294068,0.0842586299951389,7.7293562039999415,1414016.0,0.11835232540233023,network_6008_rotation_0.npz,ee437321812d8209f2ec8d35d30bd5904af5aa0d880ea28158bf30023b26f295,e0eb5997e22607133ab6e5f2ba162a5ac2ea2ddcb8e7ffe919f707e9e8ddfe49,0.2754568175135989,0.13996848931267708,0.22814782824873167,0.2891618665520249,0.7186506372845387,0.7267889814398245,0.5564129196666621,0.8537047909425601,0.6909803598167642,0.7087139918547641,0.3717738504052224,0.3093015309705184,0.9690767155903955
6008,1,absolute,0.5,1.7146791835873238e-07,1.2746209973847278e-07,0.7433582967503348,1.499766069039759e-07,1.0597078828371329e-07,0.70658211618004,-3.5053204478147275e-08,2.6100590336034942e-08,0.5239756721067503,2.1491311454759684e-08,0.7433582967503348,False,11,11.0,601811.0,0.8405106124878428,0.7433582967503348,0.8634467480467888,0.8511748439180158,0.10942224708850766,9.272130232000109,1417992.0,0.12533721561719302,network_6008_rotation_1.npz,3bf870954b66871061f0d606454ed09aa682492481cc798d5c9f9956113a0e59,e0eb5997e22607133ab6e5f2ba162a5ac2ea2ddcb8e7ffe919f707e9e8ddfe49,0.3352200883867242,0.7013215584621983,0.5508404382740727,0.5223630785690866,0.6988262122562672,0.13969406011224647,0.6498005347605201,0.9189236614712738,0.6475207633905876,0.3400366228511546,0.008981642034881193,0.08948178504309076,0.9366856311823769
6008,2,zero,0.5,1.592286260606574e-07,1.9091104631714027e-07,1.198974399517921,1.3773731460589512e-07,1.6941973486237627e-07,1.230020603691406,3.4909651268150953e-09,2.4700490002852688e-08,-0.055664992152521,2.1491311454759684e-08,1.1020754608431471,True,97,97.0,601811.0,1.198974399517921,1.1020754608431471,1.1292509435903775,1.2757772376011047,0.15400037524319707,8.640248773999929,1417992.0,0.13497140549697811,network_6008_rotation_2.npz,25d4add52ce9c7fa41dd95def552353e9e49a95f086a3cb5b17504cb6244398f,e0eb5997e22607133ab6e5f2ba162a5ac2ea2ddcb8e7ffe919f707e9e8ddfe49,0.6516725084417474,0.3955138187014881,0.6667413899692259,0.2647575521042442,0.38810554249532686,0.3101584117177521,0.3725931303389322,0.9169767667877816,0.7105396444024608,0.331703095528284,0.28503932660072695,-0.06666143176872487,0.9345128305114719
6009,0,zero,0.5,5.378567558396767e-07,8.026037871205166e-07,1.492225910349549,4.6096899050743814e-07,7.257160217882784e-07,1.574327203635552,9.253605989167136e-08,7.967491149749723e-08,-0.4470096459262948,7.688776533223729e-08,1.2021701446710635,True,3,3.0,601911.0,1.492225910349549,1.2021701446710635,1.3611292047949837,1.3971156422504056,0.066107441804895,9.033399147999944,1413732.0,0.14295212339985156,network_6009_rotation_0.npz,0a72c81a328b00b02847e7a4a630ed27bad45c35dad36af0610032736bdb6797,c860d1422e20d01a4ffc075b17087a3752d9ded6619e4d4e6957c63dd1fe6b2f,0.2012872818927812,0.553886525012377,0.7857696000789337,0.17290742900164538,0.26487361986820296,0.9300469222162794,0.1293099162299592,0.9532651815725306,0.8697560325909688,0.46402140145820553,0.4699713065044984,0.27827119457803645,0.977683854883538
6009,1,zero,0.5,3.44456007566616e-07,2.757799304978548e-07,0.8006245338732273,2.675682422343766e-07,1.9889216516561246e-07,0.7433324803598803,-7.068696147070695e-08,7.269784587265262e-08,0.4466955855924566,7.688776533223729e-08,1.290708030835199,True,11,11.0,601911.0,0.8006245338732273,1.290708030835199,0.8485914462754951,0.7715525053881434,0.19457930647804655,8.132514670000091,1417812.0,0.22321505110450893,network_6009_rotation_1.npz,4055efa906a03a86c237d65e8ac6c72ce634755c9c1da81ef72b3e9727a9b979,c860d1422e20d01a4ffc075b17087a3752d9ded6619e4d4e6957c63dd1fe6b2f,0.12832185794657247,-0.09500188030886088,0.5194101675279399,0.26993568846502003,0.3907414265562785,0.8341285153090896,0.45240822065430086,0.9386621360141817,0.8162753912480453,-0.17442859489124007,-0.09229901136966204,0.19661719146873283,0.8825980695869654
6009,2,zero,0.5,3.960275357507425e-07,4.897302053276742e-07,1.2366064506077872,3.191397704185054e-07,4.1284243999543353e-07,1.2936101303013745,8.311861719162742e-09,7.707894613860625e-08,-0.0475737880811076,7.688776533223729e-08,1.2238845566821372,True,97,97.0,601911.0,1.2366064506077872,1.2238845566821372,1.1530661592107474,1.1525674966680306,0.1081951185614954,7.391436793999901,1417812.0,0.19414752357177006,network_6009_rotation_2.npz,83ea266505b01aaebce92f803970f7e6ae22b8d743a69911a2efd9354e741a38,c860d1422e20d01a4ffc075b17087a3752d9ded6619e4d4e6957c63dd1fe6b2f,-0.14913669962115836,0.04326583322623528,0.8713587407058015,0.21417010865336744,0.3347434950632444,0.8719931598200206,0.19268794404323075,0.9411912245149991,0.7946684370783483,0.3287001226551018,0.31458876906315975,0.26561794065526845,0.9555057814305098
6010,0,absolute,0.5,3.831877383105917e-07,4.7568779047576244e-07,1.2413961693372222,2.908391843523373e-07,3.8333923651751254e-07,1.3180453568220574,-4.5090715296723025e-09,1.0151819522451539e-07,0.0228617451329052,9.234855395825557e-08,1.2413961693372222,True,3,3.0,602011.0,1.042054724129517,1.2413961693372222,1.0219341576260357,1.2614289020945941,0.10952327949283906,16.330511607000062,1414312.0,0.24100080645952907,network_6010_rotation_0.npz,1c7a6e889fb4c32f1c474e4bde35d4b36bce6c4a44f3448a5a00baa30d23e7d1,d658c7ab73f309209becf51f545196dc1df3a783be73dec741a944f203cc1cd9,0.5611062912684717,0.7515171592580471,0.7276937525686037,0.547385310421332,0.7869462561742869,0.6731801772867505,0.8398743944161462,0.9456980369405849,0.7324307355718872,-0.10938952980254592,0.14510667483505857,-0.25737319451363955,0.9481437703857812
6010,1,absolute,0.5,2.617049123207253e-07,5.939149242467155e-07,2.2694068635550075,1.6935635836247565e-07,5.015663702884692e-07,2.9616034209649227,6.476198340760088e-08,2.026860451107884e-07,-0.2811915588750507,9.234855395825557e-08,2.2694068635550075,True,11,11.0,602011.0,2.3895230412869237,2.2694068635550075,2.299976764334313,2.026454124806564,0.1489891793519631,16.86823255299987,1418224.0,0.3528728335258771,network_6010_rotation_1.npz,d8d7e1da8b8b5b3e0e44e13c186adc36b5d66949166bd47616b91d8029522f0d,d658c7ab73f309209becf51f545196dc1df3a783be73dec741a944f203cc1cd9,0.5039987986586496,0.52094631324764,0.6627755751312153,0.35285742773348766,0.6631450499293653,0.7340248022680547,0.5053591321493216,0.8519537089472174,0.6102025373125342,0.23382419205371577,0.22985058998259622,0.4811547579709286,0.9717580453759083
6010,2,zero,0.5,4.962483034645025e-07,5.546464483781065e-07,1.1176792837494935,4.0389974950624846e-07,4.622978944198545e-07,1.1445857418455834,1.903910220992701e-09,5.4590324471618553e-08,-0.0115674893946242,9.234855395825557e-08,0.8463160989608347,False,97,97.0,602011.0,1.1176792837494935,0.8463160989608347,1.2870499700120595,1.2794373373016474,0.08691191350041928,16.295881708000024,1418224.0,0.1860934401458592,network_6010_rotation_2.npz,4643229ebef1c193dca1b0bf18bb6447fa687b391348c822632d67fd4e31141d,d658c7ab73f309209becf51f545196dc1df3a783be73dec741a944f203cc1cd9,-0.2323201401147828,-0.0889416798760209,0.7125589897878934,0.28421615182903764,0.3461873854430954,0.6387342676478449,0.5046551179087114,0.8543395099839777,0.6831921833863055,0.4970222781795012,-0.5558537211049005,-0.4092033781266045,0.9604145549633577
6011,0,absolute,0.5,3.01540784510567e-07,3.4610172147064375e-07,1.1477774790312492,2.5563770700709424e-07,3.00198643967168e-07,1.1743128487646666,-4.162909084908135e-09,5.2886755129892986e-08,0.032964799246663,4.5903077503475417e-08,1.1477774790312492,True,3,3.0,602111.0,1.509578798487124,1.1477774790312492,1.3387325186060175,1.3132653923472823,0.17603878756314026,15.99072910599989,1414124.0,0.15222842103425918,network_6011_rotation_0.npz,bfe2998c635f7ae8491d476724c2e030588cf326414cacccf1b47adad733960a,8508c97c990fb5e16148d3caed4c393310c9da9453443e146f3f4c4a76f50284,0.6530434859601202,0.7775266550791212,0.9063995631588015,0.24936233894979962,0.5853080624424685,0.9440382055751403,0.204388840586588,0.964602517789252,0.7910614989676024,0.49690309094453244,0.4624731768039375,0.36120283097590977,0.9442079832325669
6011,1,absolute,0.5,1.638421905074593e-07,2.717329183557772e-07,1.658503939151167,1.1793911300399141e-07,2.258298408523101e-07,1.9148002312402277,8.206210012498598e-09,9.147830782332065e-08,-0.0670302274651271,4.5903077503475417e-08,1.658503939151167,True,11,11.0,602111.0,1.3059082133256148,1.658503939151167,1.4998074685016503,1.4838011018028303,0.18733114186286107,18.534962215000178,1418104.0,0.28016640501022577,network_6011_rotation_1.npz,9223ed411fe6f4e60349e5d56a6b18d07d9448367cc3779763e9f66e6c12f384,8508c97c990fb5e16148d3caed4c393310c9da9453443e146f3f4c4a76f50284,0.20136840231574976,0.5329884969724722,0.7947961884578304,0.38837528974953683,0.4410966960709891,0.7972756816208869,0.4842562415529662,0.7967155308124954,0.7136363119446395,-0.08361521085506349,-0.34584049532191,-0.25117528746120477,0.9280886055982523
6011,2,absolute,0.5,3.0523983619508306e-07,4.055965489182136e-07,1.3287798669207482,2.593367586916113e-07,3.596934714147428e-07,1.3869745007589536,2.3899820951793384e-08,5.255707081954359e-08,-0.1886941626313242,4.5903077503475417e-08,1.3287798669207482,True,97,97.0,602111.0,1.1851509737824084,1.3287798669207482,1.1452717936104424,1.1648830510226846,0.15171364712218824,16.824681144999886,1418104.0,0.15038363955266348,network_6011_rotation_2.npz,5bfc8d3778f3cdc6c670188ef544b2ca1421cf08d877c91fdcf5ecc3d64530e2,8508c97c990fb5e16148d3caed4c393310c9da9453443e146f3f4c4a76f50284,0.30769390467802227,0.42365826800750556,0.7600183826740927,0.4465323289774368,0.8889581666235437,0.49679080831861194,0.6784084482420079,0.8321393574296617,0.6770549732718313,-0.11494906208342137,0.2059049168097251,0.1500798929992844,0.9392844120815128
6012,0,paired_p4,0.5,6.608895052850133e-07,6.42652166954142e-07,0.9724048601392054,6.073295223829445e-07,5.890921840520641e-07,0.96997126327842,-2.081085720707282e-07,3.979798058105851e-07,0.4057840979599593,5.355998290208426e-08,1.1007690479556662,True,3,3.0,602211.0,0.8934653421586229,1.1007690479556662,0.9777572734589213,1.091525056783901,0.10684645554597491,17.88109227599989,1413904.0,0.08104226572486747,network_6012_rotation_0.npz,067ce0896fd511c76664bcab61ae061f196c13437f7567f30453aed3fa68bee3,7bfc04f95453627bd2cd13e97ecba683a83904a904f023ecdc9b38e77429d549,-0.8439812610966932,-0.6742038572460456,0.8220950035917132,0.3598257735973709,0.44512704092843564,0.9129226761068414,0.34020977192515783,0.9886079685735195,0.9303699056393833,0.16469028016156023,-0.07335731897707351,-0.21962305011031055,0.9452788608276319
6012,1,absolute,0.5,1.0982741434440844e-06,1.3233300513053418e-06,1.204917787789762,1.0447141605419957e-06,1.2697700684032533e-06,1.2154234300265436,1.0070384106870129e-08,2.049151396475173e-07,-0.0212277338103032,5.355998290208426e-08,1.204917787789762,True,11,11.0,602211.0,0.9874493202495526,1.2049177877897619,1.376270336202315,1.3716845191798763,0.045754139901236765,18.955193043999998,1417856.0,0.04876740768395511,network_6012_rotation_1.npz,cc941d804a1138d8b0e419b0d736d565a13fcf21ce3dee29ef4df444ed3ba138,7bfc04f95453627bd2cd13e97ecba683a83904a904f023ecdc9b38e77429d549,0.5624169984282152,0.6726022576355952,0.9642478371305148,0.636897370332622,0.7130513652667357,0.8205908858721436,0.575710004675018,0.9435858868546451,0.8677553823812068,-0.07354981075588311,-0.6421416121767703,-0.5365085276941642,0.9783570340908208
6012,2,absolute,0.5,1.4492209659173974e-06,7.90576418933019e-07,0.545518204280575,1.3956609830153278e-06,7.370164360309476e-07,0.5280769792952315,-4.910612803944863e-07,3.234780138045946e-07,0.7172094509237186,5.355998290208426e-08,0.545518204280575,False,97,97.0,602211.0,0.7428867927744913,0.545518204280575,0.6695764384912388,0.7563716378059245,0.045383013730054,16.220822446000057,1417856.0,0.03695777535772765,network_6012_rotation_2.npz,91c9d233c80e1a22234609464efcdf151ba3f4d8c1e44c7504c096086ef3c0f3,7bfc04f95453627bd2cd13e97ecba683a83904a904f023ecdc9b38e77429d549,0.5349166558687887,0.355422629430388,0.6967803608364149,0.344735497986147,0.4145020224471841,0.7797864849112468,0.34221413267663753,0.9515372421463777,0.7919546718243722,0.5468366573441553,0.4557618922670724,0.015363514828604631,0.97117812929581
6013,0,zero,0.5,2.3367406458942958e-07,2.7200130655394936e-07,1.164020093679894,1.8727291426246906e-07,2.256001562269889e-07,1.2046598255570635,-3.693526340084755e-09,4.571429464468931e-08,0.0357363285693093,4.64011503269595e-08,1.8279592138478,True,3,3.0,602311.0,1.164020093679894,1.8279592138478002,1.2371744856484364,1.2498904085354385,0.19544093827830453,15.267112508000082,1414292.0,0.19857210259293148,network_6013_rotation_0.npz,742f282ac1393c2b9c6bbeb96d633f1c4c1d169566d8ed77ced66bdb429b945d,bf77d7e9c705615972fe0ac7a3dc312aafb4e483ab2ee127d096dc8377c38dde,0.6178696825435802,0.7040666730104791,0.8648289832647139,0.23589526483935877,0.32278460013051924,0.7960388602006575,0.44866928580385573,0.918028054510277,0.6979835179278662,0.05173008075125254,-0.06932244973762122,-0.01077267297997273,0.9191240904283429
6013,1,absolute,0.5,2.875538358038362e-07,2.8597097335514524e-07,0.994495422242356,2.411526854768825e-07,2.395698230281952e-07,0.9934362644746948,-7.904642068513466e-08,1.5650997892157837e-07,0.3726075154061082,4.64011503269595e-08,0.994495422242356,False,11,11.0,602311.0,1.0377871479513603,0.9944954222423561,1.0732755272618166,1.343878342453064,0.1135883876874509,21.213283656000158,1418220.0,0.1613650890701854,network_6013_rotation_1.npz,4bb4f61c14b15fcb3bb34b8e0685480949d5d928daf81a0d19c076ed7d0551a2,bf77d7e9c705615972fe0ac7a3dc312aafb4e483ab2ee127d096dc8377c38dde,-0.4184096938594147,-0.4103514040647815,0.8924560958788545,0.4148704567238358,0.8897734508616382,0.6064402326754664,0.39925832848357506,0.9200225721385312,0.5580569394868843,0.3437809018782333,0.06223549055604454,0.008777595507618256,0.9450512737689948
6013,2,zero,0.5,3.835220801753174e-07,2.3060910695600258e-07,0.6012929082220911,3.371209298483601e-07,1.8420795662904855e-07,0.5464150704375041,-1.0989881471568505e-07,6.688465621205539e-08,0.6861744972546475,4.64011503269595e-08,1.3947314036319414,True,97,97.0,602311.0,0.6012929082220911,1.3947314036319414,0.7181676181000446,0.7550677409588499,0.10698718094675273,17.749004843999955,1418220.0,0.12098690720948425,network_6013_rotation_2.npz,45e27e9b7e616926ba3bda772a617580572ffa6c6d81996c30034626e0e6642d,bf77d7e9c705615972fe0ac7a3dc312aafb4e483ab2ee127d096dc8377c38dde,0.8840092404048362,0.765160123639407,0.8823773205266096,0.25740563411383943,0.3347437624305234,0.955768122752353,0.20358399325685417,0.9706128711823803,0.9168553345138786,-0.24441586277414304,-0.28627553026119273,-0.2550800158916057,0.9105885562549122
6014,0,absolute,0.5,3.3566939145810655e-07,3.6096815319963837e-07,1.0753680924901643,2.899456326072235e-07,3.152443943487596e-07,1.0872534671898548,-6.136725057240982e-08,1.4803326288635138e-07,0.2752967849921217,4.5723758850872424e-08,1.0753680924901643,False,3,3.0,602411.0,1.603824136379713,1.0753680924901643,1.7173896742674204,1.8097209409232595,0.09006437517313728,20.06326951699998,1414196.0,0.13621664654097304,network_6014_rotation_0.npz,64dbe3ff2ead51a5f3b4ee9c9c10d202e383eda2bbaf8a14de6f34ff7436eb80,dcf3e88050d7013fadb1e2e97726d4d9e09d62cfcd330c32d08a9cf77a0c161a,-0.0018865334484986273,0.0765226045278447,0.9211494037076247,0.3434979308445766,0.49664660924351717,0.7432897669979969,0.31320610277935723,0.9055175581679711,0.664909146176488,0.5990051060611045,-0.1674546580874217,-0.19587952475264037,0.9738325422280069
6014,1,absolute,0.5,8.600665668951347e-07,6.770705357870783e-07,0.7872303864005813,8.143428080442618e-07,6.313467769362004e-07,0.7752837879816886,-1.2219690902568265e-07,6.139778694330868e-08,0.5317626486238332,4.5723758850872424e-08,0.7872303864005813,False,11,11.0,602411.0,0.7198500399251059,0.7872303864005813,0.730092577553189,0.6198681365258472,0.047441084927400755,7.205876099000079,1418132.0,0.05316304645573716,network_6014_rotation_1.npz,905f93c97dcf94b62346f9856018eb7936efc3483dbe1e9ba4641c72b7d109af,dcf3e88050d7013fadb1e2e97726d4d9e09d62cfcd330c32d08a9cf77a0c161a,-0.38646667532416973,-0.08814606411026212,0.700389082477113,0.23305998786186105,0.46126941168116037,0.8424039485587117,0.4375306849828712,0.8866200985851851,0.6141278746074716,0.07006321281952353,-0.034769645351356286,0.4806892042697387,0.9670853334063334
6014,2,zero,0.5,3.825180110447075e-07,4.635221867001964e-07,1.2117656510715815,3.367942521938242e-07,4.177984278493097e-07,1.2405153149967292,8.220581230950786e-09,6.45630131935873e-08,-0.0523099958038592,4.5723758850872424e-08,2.0661555406909726,True,97,97.0,602411.0,1.2117656510715815,2.0661555406909726,1.0448723709196808,1.1077678909609323,0.1409282516608639,17.218174667000085,1418132.0,0.11953361026319978,network_6014_rotation_2.npz,c6542d79dfd93e6ca3cb4219c28575bdc53c5068e42b0db0a1b5678eb8241a21,dcf3e88050d7013fadb1e2e97726d4d9e09d62cfcd330c32d08a9cf77a0c161a,-0.6877486876885823,-0.5095956514308827,0.6070005583620622,0.21186445577427562,0.18964436151907896,0.7860231189501851,0.29911129130131386,0.9286069998458789,0.6797763514067022,-0.26552084393885544,0.5935505174470446,0.4261663785186668,0.9437913951858804
6015,0,zero,0.5,2.392218803360115e-07,2.866591685158276e-07,1.1982982832221936,1.623653121524514e-07,2.0980260033226894e-07,1.2921639329912828,3.866395276851496e-09,3.9704497626113155e-08,-0.0396721693409668,7.685656818356394e-08,2.2858530836018622,True,3,3.0,602511.0,1.1982982832221936,2.2858530836018622,1.252599595182042,1.2291031523403835,0.2408423360757861,16.637334407000026,1414028.0,0.3212773349812779,network_6015_rotation_0.npz,7954534374ca4619659d0ecbe811e4048f375fbe4d84b3a1e35b7df087357170,f8c7b865135d23c470689b8985a40ddf29818cf52082c77481801d2f9c2c11fb,-0.06864335153081162,-0.03713371332971454,0.7503394421572028,0.21968163892897574,0.2901233593030362,0.9577714556516438,0.2436798467000228,0.8908545312779507,0.8421341446064272,-0.10381579948628054,-0.026842802469295088,0.07210654577320261,0.8973871476187044
6015,1,zero,0.5,3.311043117354934e-07,5.425536240690195e-07,1.638618419751794,2.542477435519394e-07,4.656970558854642e-07,1.8316664265314453,7.658952638309858e-09,1.9613140705690644e-07,-0.0300547689610569,7.685656818356394e-08,3.0111716748691317,True,11,11.0,602511.0,1.638618419751794,3.0111716748691313,1.8576047749063385,1.7227789341136475,0.17306118757171982,10.597945952000146,1461292.0,0.23212191886211897,network_6015_rotation_1.npz,99fa36d0929285adc41d504ef8d5b621350f64a385f576339b86f308ed44545e,f8c7b865135d23c470689b8985a40ddf29818cf52082c77481801d2f9c2c11fb,0.21771896547592753,0.3861354169633433,0.3928834417799101,0.24329961702974054,0.2571727482297804,0.802612064501976,0.27473581628071503,0.9469153965886904,0.8261594805771371,-0.4309351780359956,-0.4023421978145535,-0.09730361194932628,0.9470851642552663
6015,2,zero,0.5,5.943959260699142e-07,1.2265607777967475e-06,2.063541696704827,5.175393578863587e-07,1.1497042096131975e-06,2.221481694278505,2.186447757455674e-07,1.9487530023569878e-07,-0.6424255339246902,7.685656818356394e-08,2.195115627663065,True,97,97.0,602511.0,2.063541696704827,2.1951156276630654,2.236296049897978,2.1470782598819524,0.0898150473375004,14.062776325000186,1461436.0,0.12930197670049962,network_6015_rotation_2.npz,72d94f1314c9d21015b6e42f8785750bf041ac32692862100e5177042eef38ff,f8c7b865135d23c470689b8985a40ddf29818cf52082c77481801d2f9c2c11fb,-0.08016462960681832,0.42956169876886446,0.7452830681796844,0.2905821489756308,0.2692262412316954,0.8250902724014528,0.34100453086265176,0.7375279973037255,0.5761785590979895,0.021730787785686677,-0.48351099357580446,-0.2361755459410046,0.9804126339760274
